[{"__type__":"cc.Prefab","_name":"alterPassword","data":{"__id__":1}},{"__type__":"cc.Node","_name":"alterPassword","_children":[{"__id__":2},{"__id__":5},{"__id__":7},{"__id__":9},{"__id__":11},{"__id__":12},{"__id__":14},{"__id__":15},{"__id__":17},{"__id__":18},{"__id__":20}],"_components":[{"__type__":"e3a9bpCXBhPnqe4QPgsjrmf","node":{"__id__":1},"clickAudio":{"__uuid__":"ecfWSodf1HdqrJvyOKGSj4"},"mainNodeWidth":"688","mainNodeHight":"490","titleTxt":"修改密码","layerMsgPf":{"__uuid__":"f3VdTrKC5C87rvRCtQR6qK"},"txtOriginalPassword":{"__id__":6},"txtNewPassword1":{"__id__":8},"txtNewPassword2":{"__id__":10},"txtForgetPassword":{"__id__":4},"ebOriginalPassword":{"__id__":13},"ebNewPassword1":{"__id__":16},"ebNewPassword2":{"__id__":19},"pfDialogCommonLayer":{"__uuid__":"cfwu/zyjBNorwdfAeSFjrw"}}],"_prefab":{"__type__":"cc.PrefabInfo","root":{"__id__":1},"asset":{"__uuid__":"3c1OSO0w1OMonFyZgjpBHY"},"fileId":"170dZ6P0tMt6vv9erl+n03"},"_contentSize":{"__type__":"cc.Size","width":688,"height":490},"_position":{"__type__":"cc.Vec3","y":24},"_scaleX":1,"_scaleY":1},{"__type__":"cc.Node","_name":"btForgetPassword","_parent":{"__id__":1},"_children":[{"__id__":3}],"_components":[{"__type__":"cc.Button","node":{"__id__":2},"clickEvents":[{"__type__":"cc.ClickEvent","target":{"__id__":1},"component":"alterPassword","handler":"btnEvent","customEventData":"forgetPassword"}],"_N$normalColor":{"__type__":"cc.Color","r":255,"g":255,"b":255},"_N$pressedColor":{"__type__":"cc.Color","r":255,"g":255,"b":255},"pressedColor":{"__type__":"cc.Color","r":255,"g":255,"b":255},"_N$disabledColor":{"__type__":"cc.Color","r":255,"g":255,"b":255},"_N$normalSprite":{"__uuid__":"f0BIwQ8D5Ml7nTNQbh1YlS"},"_N$pressedSprite":{"__uuid__":"e97GVMl6JHh5Ml5qEDdSGa"},"pressedSprite":{"__uuid__":"e97GVMl6JHh5Ml5qEDdSGa"},"_N$hoverSprite":{"__uuid__":"e97GVMl6JHh5Ml5qEDdSGa"},"hoverSprite":{"__uuid__":"e97GVMl6JHh5Ml5qEDdSGa"},"_N$disabledSprite":{"__uuid__":"29FYIk+N1GYaeWH/q1NxQO"},"_N$target":{"__id__":2}},{"__id__":4}],"_prefab":{"__type__":"cc.PrefabInfo","root":{"__id__":1},"asset":{"__uuid__":"3c1OSO0w1OMonFyZgjpBHY"},"fileId":"65BhlEpwxAx4Hl6Tiq34Cp"},"_color":{"__type__":"cc.Color","r":162,"g":158,"b":125},"_contentSize":{"__type__":"cc.Size","width":116,"height":50},"_anchorPoint":{"__type__":"cc.Vec2","x":1,"y":0.5},"_position":{"__type__":"cc.Vec3","x":274,"y":-98},"_scaleX":1,"_scaleY":1},{"__type__":"cc.Node","_name":"lock","_parent":{"__id__":2},"_components":[{"__type__":"cc.Sprite","node":{"__id__":3},"_spriteFrame":{"__uuid__":"c2Y0povkRLcoczZBpgpgVR"}}],"_prefab":{"__type__":"cc.PrefabInfo","root":{"__id__":1},"asset":{"__uuid__":"3c1OSO0w1OMonFyZgjpBHY"},"fileId":"af5r/3+1lDOL7zn/Rju4o5"},"_contentSize":{"__type__":"cc.Size","width":22,"height":26},"_position":{"__type__":"cc.Vec3","x":-9,"y":1},"_scaleX":1,"_scaleY":1},{"__type__":"cc.Label","node":{"__id__":2},"_useOriginalSize":false,"_string":"找回密码     ","_N$string":"找回密码     ","_fontSize":22,"_lineHeight":50,"_N$file":{"__uuid__":"f282P+0sVPqqrZwiub4W4d"},"_isSystemFontUsed":false,"_N$horizontalAlign":2,"_N$verticalAlign":1},{"__type__":"cc.Node","_name":"New Label","_parent":{"__id__":1},"_components":[{"__id__":6}],"_prefab":{"__type__":"cc.PrefabInfo","root":{"__id__":1},"asset":{"__uuid__":"3c1OSO0w1OMonFyZgjpBHY"},"fileId":"7bJBxZCItG9IW+eShvtyxd"},"_color":{"__type__":"cc.Color","r":102,"g":73,"b":61},"_contentSize":{"__type__":"cc.Size","width":72,"height":30},"_position":{"__type__":"cc.Vec3","x":-253,"y":105},"_scaleX":1,"_scaleY":1},{"__type__":"cc.Label","node":{"__id__":5},"_useOriginalSize":false,"_string":"原密码","_N$string":"原密码","_fontSize":24,"_lineHeight":30,"_N$file":{"__uuid__":"f282P+0sVPqqrZwiub4W4d"},"_isSystemFontUsed":false,"_N$horizontalAlign":1,"_N$verticalAlign":1},{"__type__":"cc.Node","_name":"New Label","_parent":{"__id__":1},"_components":[{"__id__":8}],"_prefab":{"__type__":"cc.PrefabInfo","root":{"__id__":1},"asset":{"__uuid__":"3c1OSO0w1OMonFyZgjpBHY"},"fileId":"38v9B6QG9GAq77elpLVJjD"},"_color":{"__type__":"cc.Color","r":102,"g":73,"b":61},"_contentSize":{"__type__":"cc.Size","width":72,"height":30},"_position":{"__type__":"cc.Vec3","x":-253,"y":29},"_scaleX":1,"_scaleY":1},{"__type__":"cc.Label","node":{"__id__":7},"_useOriginalSize":false,"_string":"新密码","_N$string":"新密码","_fontSize":24,"_lineHeight":30,"_N$file":{"__uuid__":"f282P+0sVPqqrZwiub4W4d"},"_isSystemFontUsed":false,"_N$horizontalAlign":1,"_N$verticalAlign":1},{"__type__":"cc.Node","_name":"New Label","_parent":{"__id__":1},"_components":[{"__id__":10}],"_prefab":{"__type__":"cc.PrefabInfo","root":{"__id__":1},"asset":{"__uuid__":"3c1OSO0w1OMonFyZgjpBHY"},"fileId":"3aOUpV1N1O7L8F37NS9lks"},"_color":{"__type__":"cc.Color","r":102,"g":73,"b":61},"_contentSize":{"__type__":"cc.Size","width":96,"height":30},"_position":{"__type__":"cc.Vec3","x":-241,"y":-47},"_scaleX":1,"_scaleY":1},{"__type__":"cc.Label","node":{"__id__":9},"_useOriginalSize":false,"_string":"确认密码","_N$string":"确认密码","_fontSize":24,"_lineHeight":30,"_N$file":{"__uuid__":"f282P+0sVPqqrZwiub4W4d"},"_isSystemFontUsed":false,"_N$horizontalAlign":1,"_N$verticalAlign":1},{"__type__":"cc.Node","_name":"inputBg","_parent":{"__id__":1},"_components":[{"__type__":"cc.Sprite","node":{"__id__":11},"_spriteFrame":{"__uuid__":"b55ADG8OxJz68J7ssQZEl0"},"_type":1,"_sizeMode":0}],"_prefab":{"__type__":"cc.PrefabInfo","root":{"__id__":1},"asset":{"__uuid__":"3c1OSO0w1OMonFyZgjpBHY"},"fileId":"e3aI2k7oxHWamUT7FRYy6/"},"_contentSize":{"__type__":"cc.Size","width":442,"height":56},"_position":{"__type__":"cc.Vec3","x":55,"y":105},"_scaleX":1,"_scaleY":1},{"__type__":"cc.Node","_name":"New EditBox","_parent":{"__id__":1},"_components":[{"__id__":13}],"_prefab":{"__type__":"cc.PrefabInfo","root":{"__id__":1},"asset":{"__uuid__":"3c1OSO0w1OMonFyZgjpBHY"},"fileId":"1fJiEMvfRKnLjKXdIB49fs"},"_contentSize":{"__type__":"cc.Size","width":422,"height":56},"_position":{"__type__":"cc.Vec3","x":55,"y":105},"_scaleX":1,"_scaleY":1},{"__type__":"cc.EditBox","node":{"__id__":12},"_useOriginalSize":false,"_N$inputFlag":0,"_N$inputMode":6,"_N$fontSize":24,"_N$fontColor":{"__type__":"cc.Color","r":145,"g":85,"b":56},"_N$placeholder":"请输入原密码","_N$placeholderFontSize":24,"_N$placeholderFontColor":{"__type__":"cc.Color","r":183,"g":159,"b":147},"_N$maxLength":16},{"__type__":"cc.Node","_name":"inputBg","_parent":{"__id__":1},"_components":[{"__type__":"cc.Sprite","node":{"__id__":14},"_spriteFrame":{"__uuid__":"b55ADG8OxJz68J7ssQZEl0"},"_type":1,"_sizeMode":0}],"_prefab":{"__type__":"cc.PrefabInfo","root":{"__id__":1},"asset":{"__uuid__":"3c1OSO0w1OMonFyZgjpBHY"},"fileId":"4cXqyRTkBG4pVNASzugCZZ"},"_contentSize":{"__type__":"cc.Size","width":442,"height":56},"_position":{"__type__":"cc.Vec3","x":55,"y":29},"_scaleX":1,"_scaleY":1},{"__type__":"cc.Node","_name":"New EditBox","_parent":{"__id__":1},"_components":[{"__id__":16}],"_prefab":{"__type__":"cc.PrefabInfo","root":{"__id__":1},"asset":{"__uuid__":"3c1OSO0w1OMonFyZgjpBHY"},"fileId":"9cWseva3FJt7Oln85e4foZ"},"_contentSize":{"__type__":"cc.Size","width":422,"height":56},"_position":{"__type__":"cc.Vec3","x":55,"y":29},"_scaleX":1,"_scaleY":1},{"__type__":"cc.EditBox","node":{"__id__":15},"_useOriginalSize":false,"_N$inputFlag":0,"_N$inputMode":6,"_N$fontSize":24,"_N$fontColor":{"__type__":"cc.Color","r":145,"g":85,"b":56},"_N$placeholder":"请输入6-16位新密码","_N$placeholderFontSize":24,"_N$placeholderFontColor":{"__type__":"cc.Color","r":183,"g":159,"b":147},"_N$maxLength":16},{"__type__":"cc.Node","_name":"inputBg","_parent":{"__id__":1},"_components":[{"__type__":"cc.Sprite","node":{"__id__":17},"_spriteFrame":{"__uuid__":"b55ADG8OxJz68J7ssQZEl0"},"_type":1,"_sizeMode":0}],"_prefab":{"__type__":"cc.PrefabInfo","root":{"__id__":1},"asset":{"__uuid__":"3c1OSO0w1OMonFyZgjpBHY"},"fileId":"72gBiBhcpHnpMDdl6lrg7H"},"_contentSize":{"__type__":"cc.Size","width":442,"height":56},"_position":{"__type__":"cc.Vec3","x":55,"y":-47},"_scaleX":1,"_scaleY":1},{"__type__":"cc.Node","_name":"New EditBox","_parent":{"__id__":1},"_components":[{"__id__":19}],"_prefab":{"__type__":"cc.PrefabInfo","root":{"__id__":1},"asset":{"__uuid__":"3c1OSO0w1OMonFyZgjpBHY"},"fileId":"eboliZTUpMkLi4PSwXjS7W"},"_contentSize":{"__type__":"cc.Size","width":422,"height":56},"_position":{"__type__":"cc.Vec3","x":55,"y":-47},"_scaleX":1,"_scaleY":1},{"__type__":"cc.EditBox","node":{"__id__":18},"_useOriginalSize":false,"_N$inputFlag":0,"_N$inputMode":6,"_N$fontSize":24,"_N$fontColor":{"__type__":"cc.Color","r":145,"g":85,"b":56},"_N$placeholder":"请再次输入新密码","_N$placeholderFontSize":24,"_N$placeholderFontColor":{"__type__":"cc.Color","r":183,"g":159,"b":147},"_N$maxLength":16},{"__type__":"cc.Node","_name":"btConfirm","_parent":{"__id__":1},"_children":[{"__id__":21}],"_components":[{"__type__":"cc.Sprite","node":{"__id__":20},"_spriteFrame":{"__uuid__":"44NhSl3n5NQ4oVLTJRFMVo"},"_type":1,"_sizeMode":0},{"__type__":"cc.Button","node":{"__id__":20},"zoomScale":0.9,"clickEvents":[{"__type__":"cc.ClickEvent","target":{"__id__":1},"component":"alterPassword","handler":"btnEvent","customEventData":"alterPassword"}],"_N$transition":3,"transition":3,"_N$normalColor":{"__type__":"cc.Color","r":255,"g":255,"b":255},"_N$pressedColor":{"__type__":"cc.Color","r":255,"g":255,"b":255},"pressedColor":{"__type__":"cc.Color","r":255,"g":255,"b":255},"_N$disabledColor":{"__type__":"cc.Color","r":255,"g":255,"b":255},"_N$normalSprite":{"__uuid__":"f0BIwQ8D5Ml7nTNQbh1YlS"},"_N$pressedSprite":{"__uuid__":"e97GVMl6JHh5Ml5qEDdSGa"},"pressedSprite":{"__uuid__":"e97GVMl6JHh5Ml5qEDdSGa"},"_N$hoverSprite":{"__uuid__":"e97GVMl6JHh5Ml5qEDdSGa"},"hoverSprite":{"__uuid__":"e97GVMl6JHh5Ml5qEDdSGa"},"_N$disabledSprite":{"__uuid__":"29FYIk+N1GYaeWH/q1NxQO"},"_N$target":{"__id__":20}}],"_prefab":{"__type__":"cc.PrefabInfo","root":{"__id__":1},"asset":{"__uuid__":"3c1OSO0w1OMonFyZgjpBHY"},"fileId":"5fRbeSkSVBaIzT/LuHr1yu"},"_contentSize":{"__type__":"cc.Size","width":201,"height":69},"_position":{"__type__":"cc.Vec3","y":-164.5},"_scaleX":1,"_scaleY":1},{"__type__":"cc.Node","_name":"Label","_parent":{"__id__":20},"_components":[{"__type__":"cc.Label","node":{"__id__":21},"_useOriginalSize":false,"_string":"确定","_N$string":"确定","_fontSize":30,"_enableWrapText":false,"_N$file":{"__uuid__":"f282P+0sVPqqrZwiub4W4d"},"_isSystemFontUsed":false,"_N$horizontalAlign":1,"_N$verticalAlign":1,"_N$overflow":1},{"__type__":"cc.LabelOutline","node":{"__id__":21},"_color":{"__type__":"cc.Color","r":156,"g":45,"b":8},"_width":2}],"_prefab":{"__type__":"cc.PrefabInfo","root":{"__id__":1},"asset":{"__uuid__":"3c1OSO0w1OMonFyZgjpBHY"},"fileId":"82RekN6KVA/bWbnpV1mG1Y"},"_color":{"__type__":"cc.Color","r":253,"g":255,"b":254},"_contentSize":{"__type__":"cc.Size","width":100,"height":40},"_position":{"__type__":"cc.Vec3","y":3},"_scaleX":1,"_scaleY":1}]