[{"__type__":"cc.Prefab","_name":"userAvatarArea","data":{"__id__":1}},{"__type__":"cc.Node","_name":"userAvatarArea","_children":[{"__id__":2},{"__id__":3},{"__id__":4}],"_components":[{"__type__":"cc.Button","node":{"__id__":1},"clickEvents":[{"__type__":"cc.ClickEvent"}],"_N$target":{"__id__":1}}],"_prefab":{"__type__":"cc.PrefabInfo","root":{"__id__":1},"asset":{"__uuid__":"38PDFwmmdOl4+mJqvQK8rL"},"fileId":"e3APxlkQNNTak9AAfEcSXs"},"_contentSize":{"__type__":"cc.Size","width":120,"height":120},"_position":{"__type__":"cc.Vec3","x":41.1,"y":-38.1},"_scaleX":1,"_scaleY":1},{"__type__":"cc.Node","_name":"avatar","_parent":{"__id__":1},"_components":[{"__type__":"cc.Sprite","node":{"__id__":2},"_spriteFrame":{"__uuid__":"74XDZ3PW1KaIZ9bali/g6s"},"_sizeMode":0}],"_prefab":{"__type__":"cc.PrefabInfo","root":{"__id__":1},"asset":{"__uuid__":"38PDFwmmdOl4+mJqvQK8rL"},"fileId":"f8COpD1iBPYbi+g82zmond"},"_contentSize":{"__type__":"cc.Size","width":118,"height":118},"_scaleX":1,"_scaleY":1},{"__type__":"cc.Node","_name":"New Sprite","_parent":{"__id__":1},"_components":[{"__type__":"cc.Sprite","node":{"__id__":3},"_spriteFrame":{"__uuid__":"33dwPGeddALbr5Mj8FGCeD"},"_sizeMode":0}],"_prefab":{"__type__":"cc.PrefabInfo","root":{"__id__":1},"asset":{"__uuid__":"38PDFwmmdOl4+mJqvQK8rL"},"fileId":"e60S57pUxOergvRWn4T9g8"},"_contentSize":{"__type__":"cc.Size","width":120,"height":120},"_scaleX":1,"_scaleY":1},{"__type__":"cc.Node","_name":"avatar_sel","_parent":{"__id__":1},"_components":[{"__type__":"cc.Sprite","node":{"__id__":4},"_spriteFrame":{"__uuid__":"6dk/rJ8DNB0YnR3/ndbxc/"},"_sizeMode":0}],"_prefab":{"__type__":"cc.PrefabInfo","root":{"__id__":1},"asset":{"__uuid__":"38PDFwmmdOl4+mJqvQK8rL"},"fileId":"90M+FyuNhKbZ6zcpOtgEUz"},"_opacity":0,"_contentSize":{"__type__":"cc.Size","width":120,"height":120},"_scaleX":1,"_scaleY":1}]