[{"__type__":"cc.Prefab","_name":"gameToggle","data":{"__id__":1},"asyncLoadAssets":true},{"__type__":"cc.Node","_name":"gameToggle","_children":[{"__id__":2},{"__id__":4}],"_components":[{"__type__":"cc.Toggle","node":{"__id__":1},"_N$target":{"__id__":2},"_N$isChecked":false,"checkMark":{"__id__":6}}],"_prefab":{"__type__":"cc.PrefabInfo","root":{"__id__":1},"asset":{"__uuid__":"38jI8icUBFT7kmp6q5/K+F"},"fileId":"f7SnaLk2ZOeaLLeHFclvty"},"_contentSize":{"__type__":"cc.Size","width":152,"height":60},"_anchorPoint":{"__type__":"cc.Vec2","y":0.5},"_position":{"__type__":"cc.Vec3","x":5,"y":1},"_scaleX":1,"_scaleY":1},{"__type__":"cc.Node","_name":"Background","_parent":{"__id__":1},"_children":[{"__id__":3}],"_components":[{"__type__":"cc.Sprite","node":{"__id__":2},"_spriteFrame":{"__uuid__":"22UxDXCPRN7pMyGN/zKBs3"},"_type":1,"_sizeMode":0}],"_prefab":{"__type__":"cc.PrefabInfo","root":{"__id__":1},"asset":{"__uuid__":"38jI8icUBFT7kmp6q5/K+F"},"fileId":"95+h0BWeBK47TaEa3wkEDX"},"_contentSize":{"__type__":"cc.Size","width":152,"height":60},"_anchorPoint":{"__type__":"cc.Vec2","y":0.5},"_scaleX":1,"_scaleY":1},{"__type__":"cc.Node","_name":"txt","_parent":{"__id__":2},"_components":[{"__type__":"cc.Label","node":{"__id__":3},"_useOriginalSize":false,"_string":"Label","_N$string":"Label","_fontSize":26,"_lineHeight":50,"_N$file":{"__uuid__":"f282P+0sVPqqrZwiub4W4d"},"_isSystemFontUsed":false,"_N$horizontalAlign":1,"_N$verticalAlign":1}],"_prefab":{"__type__":"cc.PrefabInfo","root":{"__id__":1},"asset":{"__uuid__":"38jI8icUBFT7kmp6q5/K+F"},"fileId":"abSNkWhrFIVZjOc02S2cmY"},"_color":{"__type__":"cc.Color","r":161,"g":108,"b":56},"_contentSize":{"__type__":"cc.Size","width":58,"height":50},"_anchorPoint":{"__type__":"cc.Vec2","y":0.5},"_position":{"__type__":"cc.Vec3","x":45,"y":2},"_scaleX":1,"_scaleY":1},{"__type__":"cc.Node","_name":"checkmark","_parent":{"__id__":1},"_children":[{"__id__":5}],"_active":false,"_components":[{"__id__":6}],"_prefab":{"__type__":"cc.PrefabInfo","root":{"__id__":1},"asset":{"__uuid__":"38jI8icUBFT7kmp6q5/K+F"},"fileId":"23dGgcvExBmrNfBWOrZYce"},"_contentSize":{"__type__":"cc.Size","width":152,"height":60},"_anchorPoint":{"__type__":"cc.Vec2","y":0.5},"_scaleX":1,"_scaleY":1},{"__type__":"cc.Node","_name":"txt","_parent":{"__id__":4},"_components":[{"__type__":"cc.Label","node":{"__id__":5},"_useOriginalSize":false,"_string":"Label","_N$string":"Label","_fontSize":26,"_lineHeight":50,"_N$file":{"__uuid__":"f282P+0sVPqqrZwiub4W4d"},"_isSystemFontUsed":false,"_N$horizontalAlign":1,"_N$verticalAlign":1},{"__type__":"cc.LabelOutline","node":{"__id__":5},"_color":{"__type__":"cc.Color","r":157,"g":55,"b":12},"_width":2}],"_prefab":{"__type__":"cc.PrefabInfo","root":{"__id__":1},"asset":{"__uuid__":"38jI8icUBFT7kmp6q5/K+F"},"fileId":"7fK5YU8B1L1buaGgoE5c0j"},"_contentSize":{"__type__":"cc.Size","width":70,"height":50},"_anchorPoint":{"__type__":"cc.Vec2","y":0.5},"_position":{"__type__":"cc.Vec3","x":43,"y":2},"_scaleX":1,"_scaleY":1},{"__type__":"cc.Sprite","node":{"__id__":4},"_spriteFrame":{"__uuid__":"61UdRDelxHnro5wU8TpfJh"},"_type":1,"_sizeMode":0}]