{"__type__":"cc.JsonAsset","_name":"help11","json":{"topHelpKind":["基本玩法","牌型赔付"],"content0":[{"str":"简介：本游戏共有4个下注点（天、地、玄、黄），开局后系统会给庄家和4个下注点都发五张牌。玩家可选择在1个或多个下注点同时下注。所有下注点的牌型只和庄家比大小，下注点之间不相互比牌。","componentType":"label"},{"str":"牌型说明：\n牌面：10、J、Q、K的点数都算作10，其他牌按照牌面数字计算。\n无牛：5张牌中任意3张牌的点数之和都不为10的整数倍。\n有牛：5张牌中有3张牌的点数之和为10的整数倍，另外2张牌的牌面值之和不为10的整数倍，则这2张点数之和的个位数即为牛几。\n牛牛：5张牌中有3张牌的点数之和为10的整数倍，且另外2张牌的点数相加也为10的整数倍。\n四花牛：5张牌中有4张牌为花牌（J、Q、K）中的任意牌，且第5张牌为10。\n五花牛：5张牌为花牌（J、Q、K）中的任意牌。\n炸弹：5张牌中有4张牌牌面相同，第5张随意。\n五小牛：5张牌的点数都小于5，且点数之和小于等于10。","componentType":"label","spacing":20},{"str":"牌型比较：牌型大小：五小牛＞炸弹＞五花牛＞四花牛＞牛牛＞牛九＞牛八＞牛七＞牛六＞牛五＞牛四＞牛三＞牛二＞牛一＞无牛。\n炸弹大小：比较炸弹牌的大小，确定胜负。\n其他同牌型大小：比最大牌的点数（K＞Q＞J＞10＞9＞8＞7＞6＞5＞4＞3＞2＞A）；如果最大牌点数相同，则比较最大牌的花色（黑桃＞红桃＞梅花＞方片）。","componentType":"label","spacing":20}],"content1":[{"str":"赔付：下注后在结算前无法退出游戏，请耐心等游戏结束。\n当下注游戏币达到身上携带游戏币的1/4时，将无法下注。\n当玩家在一个下注点下的游戏币达到该房间的限额时，将无法在此下注点下注，可选择换个下注点下注。","componentType":"label"},{"str":"赔率：\n无牛—牛六              1倍\n牛七—牛九              2倍\n牛牛                         3倍\n四花牛                     4倍\n五花牛                     4倍\n炸弹                         4倍\n五小牛                     4倍","componentType":"label","spacing":20}]}}