[{"__type__":"cc.Prefab","_name":"activityRuleBox","data":{"__id__":1}},{"__type__":"cc.Node","_name":"activityRuleBox","_children":[{"__id__":2}],"_components":[{"__type__":"3377fTRb2lGurwQ8dWLTqnT","node":{"__id__":1},"clickAudio":{"__uuid__":"ecfWSodf1HdqrJvyOKGSj4"},"mainNodeWidth":"750","mainNodeHight":"622","titleTxt":"活动规则","captionTxt":[{"__id__":14},{"__id__":24}],"captionTitle":[{"__id__":10},{"__id__":20}],"tableBody":[{"__id__":9},{"__id__":19}],"tableBg":[{"__uuid__":"e5x7Yp8fhH4aZ8HoDfkh+4"},{"__uuid__":"6auptQ4UVJdbLv9arIBXsf"},{"__uuid__":"f2cj5yB29M+oKEWDbhIUiv"}],"td_pf":{"__uuid__":"edkmYFcKVD6qWYZcGQKvUp"},"scrollContent":{"__id__":4},"panelArr":[{"__id__":5},{"__id__":15}]}],"_prefab":{"__type__":"cc.PrefabInfo","root":{"__id__":1},"asset":{"__uuid__":"49VIEOSaRD6owI+zS+9NJC"},"fileId":"abyAkAnT5HP5JCNjQacVr8"},"_contentSize":{"__type__":"cc.Size","width":750,"height":622},"_position":{"__type__":"cc.Vec3","y":25},"_scaleX":1,"_scaleY":1},{"__type__":"cc.Node","_name":"scrollView","_parent":{"__id__":1},"_children":[{"__id__":3}],"_components":[{"__type__":"cc.ScrollView","node":{"__id__":2},"horizontal":false,"brake":0.75,"bounceDuration":0.23,"_N$content":{"__id__":4},"content":{"__id__":4},"_N$horizontalScrollBar":null,"_N$verticalScrollBar":null}],"_prefab":{"__type__":"cc.PrefabInfo","root":{"__id__":1},"asset":{"__uuid__":"49VIEOSaRD6owI+zS+9NJC"},"fileId":"39Va/OhqRAWaEQy2c+Ury4"},"_contentSize":{"__type__":"cc.Size","width":730,"height":515},"_anchorPoint":{"__type__":"cc.Vec2","x":0.5,"y":1},"_position":{"__type__":"cc.Vec3","y":231},"_scaleX":1,"_scaleY":1},{"__type__":"cc.Node","_name":"view","_parent":{"__id__":2},"_children":[{"__id__":4}],"_components":[{"__type__":"cc.Mask","node":{"__id__":3},"_N$alphaThreshold":1}],"_prefab":{"__type__":"cc.PrefabInfo","root":{"__id__":1},"asset":{"__uuid__":"49VIEOSaRD6owI+zS+9NJC"},"fileId":"cdPToGRjtOxqKV6pXgzGRW"},"_contentSize":{"__type__":"cc.Size","width":730,"height":515},"_anchorPoint":{"__type__":"cc.Vec2","x":0.5,"y":1},"_scaleX":1,"_scaleY":1},{"__type__":"cc.Node","_name":"content","_parent":{"__id__":3},"_children":[{"__id__":5},{"__id__":15}],"_prefab":{"__type__":"cc.PrefabInfo","root":{"__id__":1},"asset":{"__uuid__":"49VIEOSaRD6owI+zS+9NJC"},"fileId":"a4jxhiuCVFQ6rfxNHLINEK"},"_contentSize":{"__type__":"cc.Size","width":710,"height":700},"_anchorPoint":{"__type__":"cc.Vec2","x":0.5,"y":1},"_scaleX":1,"_scaleY":1},{"__type__":"cc.Node","_name":"panel1","_parent":{"__id__":4},"_children":[{"__id__":6},{"__id__":9},{"__id__":10},{"__id__":13}],"_prefab":{"__type__":"cc.PrefabInfo","root":{"__id__":1},"asset":{"__uuid__":"49VIEOSaRD6owI+zS+9NJC"},"fileId":"2aAEccmoJG9oovgG3/iO9S"},"_position":{"__type__":"cc.Vec3","y":20},"_scaleX":1,"_scaleY":1},{"__type__":"cc.Node","_name":"tableTitleArea","_parent":{"__id__":5},"_children":[{"__id__":7},{"__id__":8}],"_prefab":{"__type__":"cc.PrefabInfo","root":{"__id__":1},"asset":{"__uuid__":"49VIEOSaRD6owI+zS+9NJC"},"fileId":"9a32gfMWZAc4zQiDMj6rdT"},"_contentSize":{"__type__":"cc.Size","width":704,"height":85},"_anchorPoint":{"__type__":"cc.Vec2","y":0.5},"_position":{"__type__":"cc.Vec3","x":-340,"y":-52.5},"_scaleX":1,"_scaleY":1},{"__type__":"cc.Node","_name":"heartIcon","_parent":{"__id__":6},"_components":[{"__type__":"cc.Sprite","node":{"__id__":7},"_spriteFrame":{"__uuid__":"7dwKItL3JFE76cbPSRFtte"},"_type":1,"_sizeMode":0},{"__type__":"cc.Widget","node":{"__id__":7},"_wasAlignOnce":{},"isAlignOnce":{},"_alignFlags":1,"_top":13}],"_prefab":{"__type__":"cc.PrefabInfo","root":{"__id__":1},"asset":{"__uuid__":"49VIEOSaRD6owI+zS+9NJC"},"fileId":"f5E3wPcoRIsrnEfuXkSWFK"},"_contentSize":{"__type__":"cc.Size","width":680,"height":50},"_anchorPoint":{"__type__":"cc.Vec2","y":0.5},"_position":{"__type__":"cc.Vec3","y":4.5},"_scaleX":1,"_scaleY":1},{"__type__":"cc.Node","_name":"New Label","_parent":{"__id__":6},"_components":[{"__type__":"cc.Label","node":{"__id__":8},"_useOriginalSize":false,"_string":"救济金比例","_N$string":"救济金比例","_fontSize":24,"_N$file":{"__uuid__":"f282P+0sVPqqrZwiub4W4d"},"_isSystemFontUsed":false,"_N$horizontalAlign":1,"_N$verticalAlign":1}],"_prefab":{"__type__":"cc.PrefabInfo","root":{"__id__":1},"asset":{"__uuid__":"49VIEOSaRD6owI+zS+9NJC"},"fileId":"d5mYoA1WxGeaATufl9D2nv"},"_color":{"__type__":"cc.Color","r":202,"g":103,"b":50},"_contentSize":{"__type__":"cc.Size","width":120,"height":40},"_position":{"__type__":"cc.Vec3","x":122,"y":4},"_scaleX":1,"_scaleY":1},{"__type__":"cc.Node","_name":"tableBody","_parent":{"__id__":5},"_components":[{"__type__":"cc.Sprite","node":{"__id__":9},"_spriteFrame":{"__uuid__":"e5x7Yp8fhH4aZ8HoDfkh+4"}}],"_prefab":{"__type__":"cc.PrefabInfo","root":{"__id__":1},"asset":{"__uuid__":"49VIEOSaRD6owI+zS+9NJC"},"fileId":"feTzx8yG1DoZrcUAeHXxBs"},"_contentSize":{"__type__":"cc.Size","width":680,"height":299},"_anchorPoint":{"__type__":"cc.Vec2","y":0.5},"_position":{"__type__":"cc.Vec3","x":-340,"y":-244.5},"_scaleX":1,"_scaleY":1},{"__type__":"cc.Node","_name":"captionTitle","_parent":{"__id__":5},"_children":[{"__id__":11},{"__id__":12}],"_prefab":{"__type__":"cc.PrefabInfo","root":{"__id__":1},"asset":{"__uuid__":"49VIEOSaRD6owI+zS+9NJC"},"fileId":"78+2HTYCZIwrggP3Fj/wbR"},"_contentSize":{"__type__":"cc.Size","width":704,"height":80},"_anchorPoint":{"__type__":"cc.Vec2","y":0.5},"_position":{"__type__":"cc.Vec3","x":-340,"y":-434},"_scaleX":1,"_scaleY":1},{"__type__":"cc.Node","_name":"heartIcon","_parent":{"__id__":10},"_components":[{"__type__":"cc.Sprite","node":{"__id__":11},"_spriteFrame":{"__uuid__":"7dwKItL3JFE76cbPSRFtte"},"_type":1,"_sizeMode":0},{"__type__":"cc.Widget","node":{"__id__":11},"_wasAlignOnce":{},"isAlignOnce":{},"_alignFlags":1,"_top":21}],"_prefab":{"__type__":"cc.PrefabInfo","root":{"__id__":1},"asset":{"__uuid__":"49VIEOSaRD6owI+zS+9NJC"},"fileId":"bbxasaRZ5KRZODtvBJRSJk"},"_contentSize":{"__type__":"cc.Size","width":680,"height":50},"_anchorPoint":{"__type__":"cc.Vec2","y":0.5},"_position":{"__type__":"cc.Vec3","y":-6},"_scaleX":1,"_scaleY":1},{"__type__":"cc.Node","_name":"New Label","_parent":{"__id__":10},"_components":[{"__type__":"cc.Label","node":{"__id__":12},"_useOriginalSize":false,"_string":"活动说明","_N$string":"活动说明","_fontSize":24,"_N$file":{"__uuid__":"f282P+0sVPqqrZwiub4W4d"},"_isSystemFontUsed":false,"_N$horizontalAlign":1,"_N$verticalAlign":1}],"_prefab":{"__type__":"cc.PrefabInfo","root":{"__id__":1},"asset":{"__uuid__":"49VIEOSaRD6owI+zS+9NJC"},"fileId":"a4tDzG3YJG5Z+ZuEpsFaog"},"_color":{"__type__":"cc.Color","r":202,"g":103,"b":50},"_contentSize":{"__type__":"cc.Size","width":96,"height":40},"_position":{"__type__":"cc.Vec3","x":108,"y":-6},"_scaleX":1,"_scaleY":1},{"__type__":"cc.Node","_name":"captionTxt","_parent":{"__id__":5},"_components":[{"__id__":14}],"_prefab":{"__type__":"cc.PrefabInfo","root":{"__id__":1},"asset":{"__uuid__":"49VIEOSaRD6owI+zS+9NJC"},"fileId":"a5Nid/YlxLE7r4vn0/MFsN"},"_color":{"__type__":"cc.Color","r":102,"g":73,"b":61},"_contentSize":{"__type__":"cc.Size","width":680,"height":30},"_anchorPoint":{"__type__":"cc.Vec2","y":1},"_position":{"__type__":"cc.Vec3","x":-340,"y":-480},"_scaleX":1,"_scaleY":1},{"__type__":"cc.Label","node":{"__id__":13},"_useOriginalSize":false,"_string":"Label","_N$string":"Label","_fontSize":21,"_lineHeight":30,"_N$file":{"__uuid__":"f282P+0sVPqqrZwiub4W4d"},"_isSystemFontUsed":false,"_N$verticalAlign":1,"_N$overflow":3},{"__type__":"cc.Node","_name":"panel2","_parent":{"__id__":4},"_children":[{"__id__":16},{"__id__":19},{"__id__":20},{"__id__":23}],"_active":false,"_prefab":{"__type__":"cc.PrefabInfo","root":{"__id__":1},"asset":{"__uuid__":"49VIEOSaRD6owI+zS+9NJC"},"fileId":"b3XYuPs4RBq5N3r2m/q7me"},"_position":{"__type__":"cc.Vec3","y":20},"_scaleX":1,"_scaleY":1},{"__type__":"cc.Node","_name":"tableTitleArea","_parent":{"__id__":15},"_children":[{"__id__":17},{"__id__":18}],"_prefab":{"__type__":"cc.PrefabInfo","root":{"__id__":1},"asset":{"__uuid__":"49VIEOSaRD6owI+zS+9NJC"},"fileId":"dah2meqo1L+L3s/x3VLbrJ"},"_contentSize":{"__type__":"cc.Size","width":704,"height":85},"_anchorPoint":{"__type__":"cc.Vec2","y":0.5},"_position":{"__type__":"cc.Vec3","x":-340,"y":-52.5},"_scaleX":1,"_scaleY":1},{"__type__":"cc.Node","_name":"heartIcon","_parent":{"__id__":16},"_components":[{"__type__":"cc.Sprite","node":{"__id__":17},"_spriteFrame":{"__uuid__":"7dwKItL3JFE76cbPSRFtte"},"_type":1,"_sizeMode":0},{"__type__":"cc.Widget","node":{"__id__":17},"_wasAlignOnce":{},"isAlignOnce":{},"_alignFlags":1,"_top":13}],"_prefab":{"__type__":"cc.PrefabInfo","root":{"__id__":1},"asset":{"__uuid__":"49VIEOSaRD6owI+zS+9NJC"},"fileId":"2azqXI86lOiZ0ZNn1miK1H"},"_contentSize":{"__type__":"cc.Size","width":680,"height":50},"_anchorPoint":{"__type__":"cc.Vec2","y":0.5},"_position":{"__type__":"cc.Vec3","y":4.5},"_scaleX":1,"_scaleY":1},{"__type__":"cc.Node","_name":"New Label","_parent":{"__id__":16},"_components":[{"__type__":"cc.Label","node":{"__id__":18},"_useOriginalSize":false,"_string":"晋级机制","_N$string":"晋级机制","_fontSize":24,"_N$file":{"__uuid__":"f282P+0sVPqqrZwiub4W4d"},"_isSystemFontUsed":false,"_N$horizontalAlign":1,"_N$verticalAlign":1}],"_prefab":{"__type__":"cc.PrefabInfo","root":{"__id__":1},"asset":{"__uuid__":"49VIEOSaRD6owI+zS+9NJC"},"fileId":"3espELv6xFubcXkcj+PIpF"},"_color":{"__type__":"cc.Color","r":202,"g":103,"b":50},"_contentSize":{"__type__":"cc.Size","width":96,"height":40},"_position":{"__type__":"cc.Vec3","x":108,"y":4},"_scaleX":1,"_scaleY":1},{"__type__":"cc.Node","_name":"tableBody","_parent":{"__id__":15},"_components":[{"__type__":"cc.Sprite","node":{"__id__":19},"_spriteFrame":{"__uuid__":"f2cj5yB29M+oKEWDbhIUiv"}}],"_prefab":{"__type__":"cc.PrefabInfo","root":{"__id__":1},"asset":{"__uuid__":"49VIEOSaRD6owI+zS+9NJC"},"fileId":"balGIfpxNHhZhBPfayIJV2"},"_contentSize":{"__type__":"cc.Size","width":680,"height":373},"_anchorPoint":{"__type__":"cc.Vec2","y":0.5},"_position":{"__type__":"cc.Vec3","x":-340,"y":-280},"_scaleX":1,"_scaleY":1},{"__type__":"cc.Node","_name":"captionTitle","_parent":{"__id__":15},"_children":[{"__id__":21},{"__id__":22}],"_prefab":{"__type__":"cc.PrefabInfo","root":{"__id__":1},"asset":{"__uuid__":"49VIEOSaRD6owI+zS+9NJC"},"fileId":"fcBawLGDJChLjdXxG5AWoL"},"_contentSize":{"__type__":"cc.Size","width":704,"height":80},"_anchorPoint":{"__type__":"cc.Vec2","y":0.5},"_position":{"__type__":"cc.Vec3","x":-340,"y":-510},"_scaleX":1,"_scaleY":1},{"__type__":"cc.Node","_name":"heartIcon","_parent":{"__id__":20},"_components":[{"__type__":"cc.Sprite","node":{"__id__":21},"_spriteFrame":{"__uuid__":"7dwKItL3JFE76cbPSRFtte"},"_type":1,"_sizeMode":0},{"__type__":"cc.Widget","node":{"__id__":21},"_wasAlignOnce":{},"isAlignOnce":{},"_alignFlags":1,"_top":21}],"_prefab":{"__type__":"cc.PrefabInfo","root":{"__id__":1},"asset":{"__uuid__":"49VIEOSaRD6owI+zS+9NJC"},"fileId":"3d+FJpk2ZNyLQAkbmX5dnF"},"_contentSize":{"__type__":"cc.Size","width":680,"height":50},"_anchorPoint":{"__type__":"cc.Vec2","y":0.5},"_position":{"__type__":"cc.Vec3","y":-6},"_scaleX":1,"_scaleY":1},{"__type__":"cc.Node","_name":"New Label","_parent":{"__id__":20},"_components":[{"__type__":"cc.Label","node":{"__id__":22},"_useOriginalSize":false,"_string":"活动说明","_N$string":"活动说明","_fontSize":24,"_N$file":{"__uuid__":"f282P+0sVPqqrZwiub4W4d"},"_isSystemFontUsed":false,"_N$horizontalAlign":1,"_N$verticalAlign":1}],"_prefab":{"__type__":"cc.PrefabInfo","root":{"__id__":1},"asset":{"__uuid__":"49VIEOSaRD6owI+zS+9NJC"},"fileId":"5bKc+Yn8lJf4s3ehL4eCtu"},"_color":{"__type__":"cc.Color","r":202,"g":103,"b":50},"_contentSize":{"__type__":"cc.Size","width":96,"height":40},"_position":{"__type__":"cc.Vec3","x":108,"y":-6},"_scaleX":1,"_scaleY":1},{"__type__":"cc.Node","_name":"captionTxt","_parent":{"__id__":15},"_components":[{"__id__":24}],"_prefab":{"__type__":"cc.PrefabInfo","root":{"__id__":1},"asset":{"__uuid__":"49VIEOSaRD6owI+zS+9NJC"},"fileId":"99AN8OoLxCR5B0NW6SqSFC"},"_color":{"__type__":"cc.Color","r":102,"g":73,"b":61},"_contentSize":{"__type__":"cc.Size","width":680,"height":30},"_anchorPoint":{"__type__":"cc.Vec2","y":1},"_position":{"__type__":"cc.Vec3","x":-340,"y":-559},"_scaleX":1,"_scaleY":1},{"__type__":"cc.Label","node":{"__id__":23},"_useOriginalSize":false,"_string":"Label","_N$string":"Label","_fontSize":21,"_lineHeight":30,"_N$file":{"__uuid__":"f282P+0sVPqqrZwiub4W4d"},"_isSystemFontUsed":false,"_N$verticalAlign":1,"_N$overflow":3}]