[{"__type__":"cc.Prefab","_name":"createRoomItem","data":{"__id__":1}},{"__type__":"cc.Node","_name":"createRoomItem","_children":[{"__id__":2},{"__id__":3},{"__id__":5},{"__id__":7},{"__id__":9},{"__id__":11},{"__id__":12},{"__id__":13}],"_components":[{"__type__":"f6eacKQZU9NaLld8V9Tb0uZ","node":{"__id__":1},"txtRoomName":{"__id__":4},"txtBet":{"__id__":8},"txtAdmittance":{"__id__":10},"txtAntes":{"__id__":6},"txtPeopleNum":{"__id__":14},"clickAudio":{"__uuid__":"ecfWSodf1HdqrJvyOKGSj4"}}],"_prefab":{"__type__":"cc.PrefabInfo","root":{"__id__":1},"asset":{"__uuid__":"1ads6A0XNLs6TQTkf2iDvV"},"fileId":"8fJyZ1egVFsq3V1n325KG6"},"_contentSize":{"__type__":"cc.Size","width":608,"height":109},"_anchorPoint":{"__type__":"cc.Vec2","x":0.5,"y":1},"_scaleX":1,"_scaleY":1},{"__type__":"cc.Node","_name":"bg","_parent":{"__id__":1},"_components":[{"__type__":"cc.Sprite","node":{"__id__":2},"_spriteFrame":{"__uuid__":"851FU77uhEypmhAgm4j/hi"},"_type":1}],"_prefab":{"__type__":"cc.PrefabInfo","root":{"__id__":1},"asset":{"__uuid__":"1ads6A0XNLs6TQTkf2iDvV"},"fileId":"ca4F9pCc9Lboux2wCJZ8PA"},"_contentSize":{"__type__":"cc.Size","width":614,"height":115},"_position":{"__type__":"cc.Vec3","y":-55},"_scaleX":1,"_scaleY":1},{"__type__":"cc.Node","_name":"roomName","_parent":{"__id__":1},"_components":[{"__id__":4}],"_prefab":{"__type__":"cc.PrefabInfo","root":{"__id__":1},"asset":{"__uuid__":"1ads6A0XNLs6TQTkf2iDvV"},"fileId":"e4wpjPNhJGcpmNIPZj2IOU"},"_color":{"__type__":"cc.Color","r":147,"g":59,"b":12},"_contentSize":{"__type__":"cc.Size","width":84,"height":35},"_anchorPoint":{"__type__":"cc.Vec2","y":0.5},"_position":{"__type__":"cc.Vec3","x":-279.7,"y":-31},"_scaleX":1,"_scaleY":1},{"__type__":"cc.Label","node":{"__id__":3},"_useOriginalSize":false,"_string":"初级房","_N$string":"初级房","_fontSize":28,"_lineHeight":35,"_N$file":{"__uuid__":"f282P+0sVPqqrZwiub4W4d"},"_isSystemFontUsed":false,"_N$horizontalAlign":1,"_N$verticalAlign":1},{"__type__":"cc.Node","_name":"antes","_parent":{"__id__":1},"_components":[{"__id__":6},{"__type__":"cc.Widget","node":{"__id__":5},"_wasAlignOnce":{},"isAlignOnce":{}}],"_prefab":{"__type__":"cc.PrefabInfo","root":{"__id__":1},"asset":{"__uuid__":"1ads6A0XNLs6TQTkf2iDvV"},"fileId":"42CsfpyHhBoobx+VVzRR3q"},"_color":{"__type__":"cc.Color","r":173,"g":116,"b":80},"_contentSize":{"__type__":"cc.Size","width":48,"height":30},"_position":{"__type__":"cc.Vec3","x":-43.7,"y":-33.9},"_scaleX":1,"_scaleY":1},{"__type__":"cc.Label","node":{"__id__":5},"_useOriginalSize":false,"_string":"底注","_N$string":"底注","_fontSize":24,"_lineHeight":30,"_N$file":{"__uuid__":"f282P+0sVPqqrZwiub4W4d"},"_isSystemFontUsed":false,"_N$horizontalAlign":1,"_N$verticalAlign":1},{"__type__":"cc.Node","_name":"bet","_parent":{"__id__":1},"_components":[{"__id__":8}],"_prefab":{"__type__":"cc.PrefabInfo","root":{"__id__":1},"asset":{"__uuid__":"1ads6A0XNLs6TQTkf2iDvV"},"fileId":"e9SDrE9ytAhol+lXqCKkmr"},"_color":{"__type__":"cc.Color","r":228,"g":84,"b":52},"_contentSize":{"__type__":"cc.Size","width":78,"height":30},"_position":{"__type__":"cc.Vec3","x":-43.69999999999999,"y":-74},"_scaleX":1,"_scaleY":1},{"__type__":"cc.Label","node":{"__id__":7},"_useOriginalSize":false,"_string":"5671.00","_N$string":"5671.00","_fontSize":24,"_lineHeight":30,"_N$file":{"__uuid__":"f282P+0sVPqqrZwiub4W4d"},"_isSystemFontUsed":false,"_N$horizontalAlign":1,"_N$verticalAlign":1},{"__type__":"cc.Node","_name":"admittance","_parent":{"__id__":1},"_components":[{"__id__":10}],"_prefab":{"__type__":"cc.PrefabInfo","root":{"__id__":1},"asset":{"__uuid__":"1ads6A0XNLs6TQTkf2iDvV"},"fileId":"db/ruapupKbIkzbBo+I52l"},"_color":{"__type__":"cc.Color","r":173,"g":116,"b":80},"_contentSize":{"__type__":"cc.Size","width":48,"height":30},"_position":{"__type__":"cc.Vec3","x":93,"y":-33.9},"_scaleX":1,"_scaleY":1},{"__type__":"cc.Label","node":{"__id__":9},"_useOriginalSize":false,"_string":"准入","_N$string":"准入","_fontSize":24,"_lineHeight":30,"_N$file":{"__uuid__":"f282P+0sVPqqrZwiub4W4d"},"_isSystemFontUsed":false,"_N$horizontalAlign":1,"_N$verticalAlign":1},{"__type__":"cc.Node","_name":"admittanceNum","_parent":{"__id__":1},"_components":[{"__type__":"cc.Label","node":{"__id__":11},"_useOriginalSize":false,"_string":"00000","_N$string":"00000","_fontSize":24,"_lineHeight":30,"_N$file":{"__uuid__":"f282P+0sVPqqrZwiub4W4d"},"_isSystemFontUsed":false,"_N$horizontalAlign":1,"_N$verticalAlign":1}],"_prefab":{"__type__":"cc.PrefabInfo","root":{"__id__":1},"asset":{"__uuid__":"1ads6A0XNLs6TQTkf2iDvV"},"fileId":"174fSi2F5Gi4Ni824nug55"},"_color":{"__type__":"cc.Color","r":228,"g":84,"b":52},"_contentSize":{"__type__":"cc.Size","width":68,"height":30},"_position":{"__type__":"cc.Vec3","x":93,"y":-74},"_scaleX":1,"_scaleY":1},{"__type__":"cc.Node","_name":"btCreate","_parent":{"__id__":1},"_components":[{"__type__":"cc.Sprite","node":{"__id__":12},"_spriteFrame":{"__uuid__":"f5vPScAn5H5ra2CzNMmoIy"},"_type":1},{"__type__":"cc.Button","node":{"__id__":12},"zoomScale":0.9,"clickEvents":[{"__type__":"cc.ClickEvent"}],"_N$transition":2,"transition":2,"_N$normalColor":{"__type__":"cc.Color","r":255,"g":255,"b":255},"_N$pressedColor":{"__type__":"cc.Color","r":255,"g":255,"b":255},"pressedColor":{"__type__":"cc.Color","r":255,"g":255,"b":255},"_N$disabledColor":{"__type__":"cc.Color","r":255,"g":255,"b":255},"_N$normalSprite":{"__uuid__":"f5vPScAn5H5ra2CzNMmoIy"},"_N$pressedSprite":{"__uuid__":"faoqxkmVBKk41tfMhtWJh5"},"pressedSprite":{"__uuid__":"faoqxkmVBKk41tfMhtWJh5"},"_N$hoverSprite":{"__uuid__":"f5vPScAn5H5ra2CzNMmoIy"},"hoverSprite":{"__uuid__":"f5vPScAn5H5ra2CzNMmoIy"},"_N$target":{"__id__":12}}],"_prefab":{"__type__":"cc.PrefabInfo","root":{"__id__":1},"asset":{"__uuid__":"1ads6A0XNLs6TQTkf2iDvV"},"fileId":"d4JqbCrcBMsLuV5CwBmwAy"},"_contentSize":{"__type__":"cc.Size","width":124,"height":106},"_position":{"__type__":"cc.Vec3","x":241.8,"y":-53},"_scaleX":1,"_scaleY":1},{"__type__":"cc.Node","_name":"peopleNum","_parent":{"__id__":1},"_components":[{"__id__":14}],"_prefab":{"__type__":"cc.PrefabInfo","root":{"__id__":1},"asset":{"__uuid__":"1ads6A0XNLs6TQTkf2iDvV"},"fileId":"d4WYndgP1MkZ0/xkw2W+KW"},"_color":{"__type__":"cc.Color","r":173,"g":116,"b":80},"_contentSize":{"__type__":"cc.Size","width":40,"height":30},"_position":{"__type__":"cc.Vec3","x":-230.5,"y":-76},"_scaleX":1,"_scaleY":1},{"__type__":"cc.Label","node":{"__id__":13},"_useOriginalSize":false,"_string":"2-4","_N$string":"2-4","_fontSize":24,"_lineHeight":30,"_N$file":{"__uuid__":"f282P+0sVPqqrZwiub4W4d"},"_isSystemFontUsed":false,"_N$horizontalAlign":1,"_N$verticalAlign":1}]