{"__type__":"cc.SpriteAtlas","_spriteFrames":{"cun_di":{"__uuid__":"4di7HupDBJg41gZThKA6hA"},"qu_di":{"__uuid__":"eeZmCp1DxBPYo8HQxs1eyG"},"warmPrompt":{"__uuid__":"9dIPv/2kpK5L6gZTM4ZunK"},"notCardIcon":{"__uuid__":"99Az+RXdNGPJDbMcvPf+Py"},"yy-2":{"__uuid__":"baHhdt0TtPd4UGHnpi1y35"},"btnBg":{"__uuid__":"5dlbGglh1B957dGxQV88DS"},"qu-glow":{"__uuid__":"07KKqJiU5L9I77Vawt9yOB"},"qu-xx":{"__uuid__":"94cLJGZhRPpp2fWiEpWcs3"},"safeBalance":{"__uuid__":"94BVx8WWVD/JW8ua9Ex/GG"},"recordCheck":{"__uuid__":"54bsa0mG9MuKJB6QhydMtB"},"recordUncheck":{"__uuid__":"f0aW4oCZRAUaQiKO1l4qH5"},"yb-2":{"__uuid__":"3adCIvRldHbZ+kEVpUKf0j"},"accountBalance":{"__uuid__":"d3hDr+NSlNaopLZkAoRLqm"},"qu-xiang":{"__uuid__":"d8oq+O6yxESZkVrNqyG1Y7"},"t-glow":{"__uuid__":"e4HOxcVEVMj6TJDxAuIK6W"},"glow1":{"__uuid__":"f1FUcCYcpFlqrCAPqrkVBH"},"bankCardIconBg":{"__uuid__":"43SjUedjBAFItGLtlIFHd+"},"yb-1":{"__uuid__":"34Wr3jqa5OV5BO+NNtruin"},"qu-yy":{"__uuid__":"1ev59hUpxHgItKh6WylxTh"},"exchangeArrows2":{"__uuid__":"86G0iuDVBE0It2Q2NPC5NQ"},"exchangeArrows1":{"__uuid__":"aeGhb13lVPoIRbqBYNVF+j"},"yy-1":{"__uuid__":"36sYGDV1xMR5dvNYX9Kgoz"},"bankName":{"__uuid__":"c4BTedKfBAt5SRXdu3CeVX"},"moneyFrame":{"__uuid__":"80MN++r+FAwoRGq0/V7qYI"},"qu-bi":{"__uuid__":"0az8//92dOarQhfAN2YfCb"}}}