[{"__type__":"cc.Prefab","_name":"payToggle","data":{"__id__":1}},{"__type__":"cc.Node","_name":"payToggle","_children":[{"__id__":2},{"__id__":3},{"__id__":5},{"__id__":6}],"_components":[{"__type__":"cc.Toggle","node":{"__id__":1},"_N$target":{"__id__":1},"checkMark":{"__id__":4},"checkEvents":[{"__type__":"cc.ClickEvent"}]}],"_prefab":{"__type__":"cc.PrefabInfo","root":{"__id__":1},"asset":{"__uuid__":"0cZRiFEK9Jz6Sp/MBhivOc"},"fileId":"22CMhOSz5HtriR04F3OEKs"},"_contentSize":{"__type__":"cc.Size","width":266,"height":93},"_scaleX":1,"_scaleY":1},{"__type__":"cc.Node","_name":"Background","_parent":{"__id__":1},"_components":[{"__type__":"cc.Sprite","node":{"__id__":2},"_spriteFrame":{"__uuid__":"a7S6bsBOdHgJNo3KRaCsUS"},"_sizeMode":0}],"_prefab":{"__type__":"cc.PrefabInfo","root":{"__id__":1},"asset":{"__uuid__":"0cZRiFEK9Jz6Sp/MBhivOc"},"fileId":"6cnKmNzaJOfYDUIY79BPNG"},"_contentSize":{"__type__":"cc.Size","width":266,"height":92},"_scaleX":1,"_scaleY":1},{"__type__":"cc.Node","_name":"checkmark","_parent":{"__id__":1},"_components":[{"__id__":4}],"_prefab":{"__type__":"cc.PrefabInfo","root":{"__id__":1},"asset":{"__uuid__":"0cZRiFEK9Jz6Sp/MBhivOc"},"fileId":"8dfZjUzGJJd4Tsx3u/RsK/"},"_contentSize":{"__type__":"cc.Size","width":284,"height":93},"_position":{"__type__":"cc.Vec3","x":10,"y":0.5},"_scaleX":1,"_scaleY":1},{"__type__":"cc.Sprite","node":{"__id__":3},"_spriteFrame":{"__uuid__":"e7r1srZhhLErqCySfm7t3c"},"_sizeMode":0},{"__type__":"cc.Node","_name":"payIcon","_parent":{"__id__":1},"_components":[{"__type__":"cc.Sprite","node":{"__id__":5},"_spriteFrame":{"__uuid__":"8c20Sso/ZEn7NUfNSM+EBh"},"_sizeMode":0},{"__type__":"cc.Widget","node":{"__id__":5},"_wasAlignOnce":{},"isAlignOnce":{},"_alignFlags":8,"_left":28.5}],"_prefab":{"__type__":"cc.PrefabInfo","root":{"__id__":1},"asset":{"__uuid__":"0cZRiFEK9Jz6Sp/MBhivOc"},"fileId":"12OtscM3NF3pf3iYQo/7nx"},"_contentSize":{"__type__":"cc.Size","width":47,"height":47},"_position":{"__type__":"cc.Vec3","x":-81,"y":4.1},"_scaleX":1,"_scaleY":1},{"__type__":"cc.Node","_name":"txt","_parent":{"__id__":1},"_components":[{"__type__":"cc.Label","node":{"__id__":6},"_useOriginalSize":false,"_string":"公司入款","_N$string":"公司入款","_fontSize":22,"_N$file":{"__uuid__":"f282P+0sVPqqrZwiub4W4d"},"_isSystemFontUsed":false,"_N$verticalAlign":1},{"__type__":"cc.LabelOutline","node":{"__id__":6},"_color":{"__type__":"cc.Color","r":157,"g":55,"b":12},"_width":2}],"_prefab":{"__type__":"cc.PrefabInfo","root":{"__id__":1},"asset":{"__uuid__":"0cZRiFEK9Jz6Sp/MBhivOc"},"fileId":"60vHeHrU9H0qZG+Tqj/+kK"},"_color":{"__type__":"cc.Color","r":138,"g":69,"b":58},"_contentSize":{"__type__":"cc.Size","width":92,"height":40},"_anchorPoint":{"__type__":"cc.Vec2","y":0.5},"_position":{"__type__":"cc.Vec3","x":-39,"y":5},"_scaleX":1,"_scaleY":1}]