[{"__type__":"cc.Prefab","_name":"addBankCard","data":{"__id__":1}},{"__type__":"cc.Node","_name":"addBankCard","_children":[{"__id__":2}],"_components":[{"__type__":"a8971b9dSFBtpogAUnzDef0","node":{"__id__":1},"clickAudio":{"__uuid__":"ecfWSodf1HdqrJvyOKGSj4"},"mainNodeWidth":"830","mainNodeHight":"622","titleTxt":"绑定银行卡","layerMsgPf":{"__uuid__":"f3VdTrKC5C87rvRCtQR6qK"},"ebName":{"__id__":12},"ebBankCardId1":{"__id__":30},"ebBankCardId2":{"__id__":33},"ebPassword":{"__id__":27},"ebOtherBankName":{"__id__":20},"ebBranchName":{"__id__":47},"svBankCard":{"__id__":56},"content":{"__id__":57},"bankPullDownListIcon":{"__id__":16},"cityPullDownListIcon":{"__id__":42},"provincePullDownListIcon":{"__id__":38},"checkMask":{"__id__":59},"adjustLayer":{"__id__":21},"pfBankItem":{"__uuid__":"8cG5WoZzFPS6mk30aYp1zA"},"txtBtn":{"__id__":50},"txtBankName":{"__id__":15},"txtProvinceName":{"__id__":40},"txtCityName":{"__id__":44},"sFDisableInputBg":{"__uuid__":"7224vtOsdOJZuZLcKCyUbx"}}],"_prefab":{"__type__":"cc.PrefabInfo","root":{"__id__":1},"asset":{"__uuid__":"08U6GTuyFIzKe8l7IOwyw3"},"fileId":"d1ONFmqflMip8I+FFnq/lV"},"_contentSize":{"__type__":"cc.Size","width":830,"height":622},"_position":{"__type__":"cc.Vec3","y":24},"_scaleX":1,"_scaleY":1},{"__type__":"cc.Node","_name":"scrollView","_parent":{"__id__":1},"_children":[{"__id__":3}],"_components":[{"__type__":"cc.ScrollView","node":{"__id__":2},"horizontal":false,"brake":0.75,"bounceDuration":0.23,"_N$content":{"__id__":4},"content":{"__id__":4},"_N$horizontalScrollBar":null,"_N$verticalScrollBar":null}],"_prefab":{"__type__":"cc.PrefabInfo","root":{"__id__":1},"asset":{"__uuid__":"08U6GTuyFIzKe8l7IOwyw3"},"fileId":"d058iY2FBAsJOrOkpEf3c1"},"_color":{"__type__":"cc.Color","r":184,"g":184,"b":184},"_contentSize":{"__type__":"cc.Size","width":806,"height":515},"_anchorPoint":{"__type__":"cc.Vec2","x":0.5,"y":1},"_position":{"__type__":"cc.Vec3","y":231},"_scaleX":1,"_scaleY":1},{"__type__":"cc.Node","_name":"view","_parent":{"__id__":2},"_children":[{"__id__":4}],"_components":[{"__type__":"cc.Mask","node":{"__id__":3},"_N$alphaThreshold":1}],"_prefab":{"__type__":"cc.PrefabInfo","root":{"__id__":1},"asset":{"__uuid__":"08U6GTuyFIzKe8l7IOwyw3"},"fileId":"66rvorem5GcIavUW6fuzM1"},"_contentSize":{"__type__":"cc.Size","width":806,"height":515},"_anchorPoint":{"__type__":"cc.Vec2","x":0.5,"y":1},"_scaleX":1,"_scaleY":1},{"__type__":"cc.Node","_name":"content","_parent":{"__id__":3},"_children":[{"__id__":5},{"__id__":7},{"__id__":8},{"__id__":9},{"__id__":13},{"__id__":17},{"__id__":21}],"_prefab":{"__type__":"cc.PrefabInfo","root":{"__id__":1},"asset":{"__uuid__":"08U6GTuyFIzKe8l7IOwyw3"},"fileId":"00UgzDT2FGkZhamcqzoVKf"},"_contentSize":{"__type__":"cc.Size","width":830,"height":848},"_anchorPoint":{"__type__":"cc.Vec2","x":0.5,"y":1},"_scaleX":1,"_scaleY":1},{"__type__":"cc.Node","_name":"exchangeHintBg","_parent":{"__id__":4},"_children":[{"__id__":6}],"_components":[{"__type__":"cc.Sprite","node":{"__id__":5},"_spriteFrame":{"__uuid__":"41+YC/OuJJYbSmXAquBVJx"},"_type":1,"_sizeMode":0}],"_prefab":{"__type__":"cc.PrefabInfo","root":{"__id__":1},"asset":{"__uuid__":"08U6GTuyFIzKe8l7IOwyw3"},"fileId":"e8yk9mtu1FiqnHIcEcVEWg"},"_contentSize":{"__type__":"cc.Size","width":756,"height":86},"_position":{"__type__":"cc.Vec3","y":-63},"_scaleX":1,"_scaleY":1},{"__type__":"cc.Node","_name":"titleHint","_parent":{"__id__":5},"_components":[{"__type__":"cc.Label","node":{"__id__":6},"_useOriginalSize":false,"_string":"为了您的资金安全，首次绑定后开户人姓名无法修改，之后绑定的银行卡开\n户人姓名需与此相同。","_N$string":"为了您的资金安全，首次绑定后开户人姓名无法修改，之后绑定的银行卡开\n户人姓名需与此相同。","_fontSize":20,"_lineHeight":25,"_N$file":{"__uuid__":"f282P+0sVPqqrZwiub4W4d"},"_isSystemFontUsed":false,"_N$verticalAlign":1}],"_prefab":{"__type__":"cc.PrefabInfo","root":{"__id__":1},"asset":{"__uuid__":"08U6GTuyFIzKe8l7IOwyw3"},"fileId":"19C9Q/H/1IfopAqSQ/I/LY"},"_color":{"__type__":"cc.Color","r":201,"g":94,"b":29},"_contentSize":{"__type__":"cc.Size","width":660,"height":50},"_position":{"__type__":"cc.Vec3","x":-10},"_scaleX":1,"_scaleY":1},{"__type__":"cc.Node","_name":"txtName","_parent":{"__id__":4},"_components":[{"__type__":"cc.Label","node":{"__id__":7},"_useOriginalSize":false,"_string":"开户人姓名","_N$string":"开户人姓名","_fontSize":24,"_lineHeight":24,"_N$file":{"__uuid__":"f282P+0sVPqqrZwiub4W4d"},"_isSystemFontUsed":false,"_N$verticalAlign":1}],"_prefab":{"__type__":"cc.PrefabInfo","root":{"__id__":1},"asset":{"__uuid__":"08U6GTuyFIzKe8l7IOwyw3"},"fileId":"5azZL9TB9ArYY+n36xeC/G"},"_color":{"__type__":"cc.Color","r":102,"g":73,"b":61},"_contentSize":{"__type__":"cc.Size","width":120,"height":24},"_anchorPoint":{"__type__":"cc.Vec2","y":0.5},"_position":{"__type__":"cc.Vec3","x":-333,"y":-154},"_scaleX":1,"_scaleY":1},{"__type__":"cc.Node","_name":"txtChoiceBank","_parent":{"__id__":4},"_components":[{"__type__":"cc.Label","node":{"__id__":8},"_useOriginalSize":false,"_string":"选择银行","_N$string":"选择银行","_fontSize":24,"_lineHeight":24,"_N$file":{"__uuid__":"f282P+0sVPqqrZwiub4W4d"},"_isSystemFontUsed":false,"_N$verticalAlign":1}],"_prefab":{"__type__":"cc.PrefabInfo","root":{"__id__":1},"asset":{"__uuid__":"08U6GTuyFIzKe8l7IOwyw3"},"fileId":"292em51bhHIahSBGh3wQCy"},"_color":{"__type__":"cc.Color","r":102,"g":73,"b":61},"_contentSize":{"__type__":"cc.Size","width":96,"height":24},"_anchorPoint":{"__type__":"cc.Vec2","y":0.5},"_position":{"__type__":"cc.Vec3","x":-333,"y":-230},"_scaleX":1,"_scaleY":1},{"__type__":"cc.Node","_name":"inputNameBg","_parent":{"__id__":4},"_children":[{"__id__":10}],"_components":[{"__type__":"cc.Sprite","node":{"__id__":9},"_spriteFrame":{"__uuid__":"b55ADG8OxJz68J7ssQZEl0"},"_type":1,"_sizeMode":0}],"_prefab":{"__type__":"cc.PrefabInfo","root":{"__id__":1},"asset":{"__uuid__":"08U6GTuyFIzKe8l7IOwyw3"},"fileId":"02y87pk19OHbPRkuj1oPsG"},"_contentSize":{"__type__":"cc.Size","width":500,"height":56},"_position":{"__type__":"cc.Vec3","x":83,"y":-154},"_scaleX":1,"_scaleY":1},{"__type__":"cc.Node","_name":"eb","_parent":{"__id__":9},"_children":[{"__id__":11}],"_components":[{"__id__":12}],"_prefab":{"__type__":"cc.PrefabInfo","root":{"__id__":1},"asset":{"__uuid__":"08U6GTuyFIzKe8l7IOwyw3"},"fileId":"a33pbZaHVJO6ELyZqBvP/K"},"_contentSize":{"__type__":"cc.Size","width":480,"height":40},"_scaleX":1,"_scaleY":1},{"__type__":"cc.Node","_name":"mask","_parent":{"__id__":10},"_active":false,"_components":[{"__type__":"cc.BlockInputEvents","node":{"__id__":11}},{"__type__":"cc.Widget","node":{"__id__":11},"_wasAlignOnce":{},"isAlignOnce":{},"_alignFlags":45}],"_prefab":{"__type__":"cc.PrefabInfo","root":{"__id__":1},"asset":{"__uuid__":"08U6GTuyFIzKe8l7IOwyw3"},"fileId":"85J0aICeRNPKNOYNz4VZ91"},"_contentSize":{"__type__":"cc.Size","width":200,"height":40},"_scaleX":1,"_scaleY":1},{"__type__":"cc.EditBox","node":{"__id__":10},"_useOriginalSize":false,"textChanged":[{"__type__":"cc.ClickEvent","target":{"__id__":1},"component":"addBankCard","handler":"editChangeEvent"}],"_N$inputMode":6,"_N$fontSize":24,"_N$fontColor":{"__type__":"cc.Color","r":145,"g":85,"b":56},"_N$placeholder":"请输入开户人姓名","_N$placeholderFontSize":24,"_N$placeholderFontColor":{"__type__":"cc.Color","r":183,"g":159,"b":147},"_N$maxLength":8},{"__type__":"cc.Node","_name":"inputBankNameBg","_parent":{"__id__":4},"_children":[{"__id__":14},{"__id__":16}],"_components":[{"__type__":"cc.Sprite","node":{"__id__":13},"_spriteFrame":{"__uuid__":"b55ADG8OxJz68J7ssQZEl0"},"_type":1,"_sizeMode":0}],"_prefab":{"__type__":"cc.PrefabInfo","root":{"__id__":1},"asset":{"__uuid__":"08U6GTuyFIzKe8l7IOwyw3"},"fileId":"36briMo5dBAoYeTYIIyy/8"},"_contentSize":{"__type__":"cc.Size","width":500,"height":56},"_position":{"__type__":"cc.Vec3","x":83,"y":-230},"_scaleX":1,"_scaleY":1},{"__type__":"cc.Node","_name":"bankName","_parent":{"__id__":13},"_components":[{"__id__":15}],"_prefab":{"__type__":"cc.PrefabInfo","root":{"__id__":1},"asset":{"__uuid__":"08U6GTuyFIzKe8l7IOwyw3"},"fileId":"a5LIL/R1lHt64tiqcj737x"},"_color":{"__type__":"cc.Color","r":183,"g":159,"b":147},"_contentSize":{"__type__":"cc.Size","width":120,"height":40},"_anchorPoint":{"__type__":"cc.Vec2","y":0.5},"_position":{"__type__":"cc.Vec3","x":-239},"_scaleX":1,"_scaleY":1},{"__type__":"cc.Label","node":{"__id__":14},"_useOriginalSize":false,"_string":"请选择银行","_N$string":"请选择银行","_fontSize":24,"_N$file":{"__uuid__":"f282P+0sVPqqrZwiub4W4d"},"_isSystemFontUsed":false,"_N$verticalAlign":1},{"__type__":"cc.Node","_name":"btBank","_parent":{"__id__":13},"_components":[{"__type__":"cc.Button","node":{"__id__":16},"clickEvents":[{"__type__":"cc.ClickEvent","target":{"__id__":1},"component":"addBankCard","handler":"setPullDownListViewEvent","customEventData":"bank"}],"_N$normalColor":{"__type__":"cc.Color","r":255,"g":255,"b":255},"_N$pressedColor":{"__type__":"cc.Color","r":255,"g":255,"b":255},"pressedColor":{"__type__":"cc.Color","r":255,"g":255,"b":255},"_N$disabledColor":{"__type__":"cc.Color","r":255,"g":255,"b":255},"_N$normalSprite":{"__uuid__":"f0BIwQ8D5Ml7nTNQbh1YlS"},"_N$pressedSprite":{"__uuid__":"e97GVMl6JHh5Ml5qEDdSGa"},"pressedSprite":{"__uuid__":"e97GVMl6JHh5Ml5qEDdSGa"},"_N$hoverSprite":{"__uuid__":"e97GVMl6JHh5Ml5qEDdSGa"},"hoverSprite":{"__uuid__":"e97GVMl6JHh5Ml5qEDdSGa"},"_N$disabledSprite":{"__uuid__":"29FYIk+N1GYaeWH/q1NxQO"},"_N$target":{"__id__":16}},{"__type__":"cc.Sprite","node":{"__id__":16},"_spriteFrame":{"__uuid__":"4avu7jOa9NYqIG0Xz+v9gb"},"_sizeMode":2,"_isTrimmedMode":false}],"_prefab":{"__type__":"cc.PrefabInfo","root":{"__id__":1},"asset":{"__uuid__":"08U6GTuyFIzKe8l7IOwyw3"},"fileId":"72PHFSPE5Js4OAvTVFCTSR"},"_color":{"__type__":"cc.Color","r":102,"g":73,"b":61},"_contentSize":{"__type__":"cc.Size","width":500,"height":56},"_scaleX":1,"_scaleY":1},{"__type__":"cc.Node","_name":"inputOtherBankNameBg","_parent":{"__id__":4},"_children":[{"__id__":18},{"__id__":19}],"_active":false,"_components":[{"__type__":"cc.Sprite","node":{"__id__":17},"_spriteFrame":{"__uuid__":"b55ADG8OxJz68J7ssQZEl0"},"_type":1,"_sizeMode":0}],"_prefab":{"__type__":"cc.PrefabInfo","root":{"__id__":1},"asset":{"__uuid__":"08U6GTuyFIzKe8l7IOwyw3"},"fileId":"ecBZc86MVEXLYm8Mp3quHq"},"_contentSize":{"__type__":"cc.Size","width":500,"height":56},"_position":{"__type__":"cc.Vec3","x":83,"y":-306},"_scaleX":1,"_scaleY":1},{"__type__":"cc.Node","_name":"输入开户银行","_parent":{"__id__":17},"_components":[{"__type__":"cc.Label","node":{"__id__":18},"_useOriginalSize":false,"_string":"输入开户银行","_N$string":"输入开户银行","_fontSize":24,"_lineHeight":24,"_N$file":{"__uuid__":"f282P+0sVPqqrZwiub4W4d"},"_N$horizontalAlign":1,"_N$verticalAlign":1}],"_prefab":{"__type__":"cc.PrefabInfo","root":{"__id__":1},"asset":{"__uuid__":"08U6GTuyFIzKe8l7IOwyw3"},"fileId":"87QEawR9NMXbIcgBrnPc6P"},"_color":{"__type__":"cc.Color","r":102,"g":73,"b":61},"_contentSize":{"__type__":"cc.Size","width":144,"height":24},"_anchorPoint":{"__type__":"cc.Vec2","y":0.5},"_position":{"__type__":"cc.Vec3","x":-416,"y":-2},"_scaleX":1,"_scaleY":1},{"__type__":"cc.Node","_name":"eb","_parent":{"__id__":17},"_components":[{"__id__":20}],"_prefab":{"__type__":"cc.PrefabInfo","root":{"__id__":1},"asset":{"__uuid__":"08U6GTuyFIzKe8l7IOwyw3"},"fileId":"36qfmUzPZFoJwHmqDq+DXB"},"_contentSize":{"__type__":"cc.Size","width":480,"height":55},"_scaleX":1,"_scaleY":1},{"__type__":"cc.EditBox","node":{"__id__":19},"_useOriginalSize":false,"_N$inputMode":6,"_N$fontSize":24,"_N$fontColor":{"__type__":"cc.Color","r":145,"g":85,"b":56},"_N$placeholder":"请输入开户银行","_N$placeholderFontSize":24,"_N$placeholderFontColor":{"__type__":"cc.Color","r":183,"g":159,"b":147}},{"__type__":"cc.Node","_name":"adjustLayer","_parent":{"__id__":4},"_children":[{"__id__":22},{"__id__":23},{"__id__":24},{"__id__":25},{"__id__":28},{"__id__":31},{"__id__":34},{"__id__":35},{"__id__":36},{"__id__":37},{"__id__":41},{"__id__":45},{"__id__":48},{"__id__":51}],"_prefab":{"__type__":"cc.PrefabInfo","root":{"__id__":1},"asset":{"__uuid__":"08U6GTuyFIzKe8l7IOwyw3"},"fileId":"f2ZPx+GiRMXar3lo6Snvio"},"_scaleX":1,"_scaleY":1},{"__type__":"cc.Node","_name":"txtCardId","_parent":{"__id__":21},"_components":[{"__type__":"cc.Label","node":{"__id__":22},"_useOriginalSize":false,"_string":"银行卡号","_N$string":"银行卡号","_fontSize":24,"_lineHeight":30,"_N$file":{"__uuid__":"f282P+0sVPqqrZwiub4W4d"},"_isSystemFontUsed":false,"_N$verticalAlign":1}],"_prefab":{"__type__":"cc.PrefabInfo","root":{"__id__":1},"asset":{"__uuid__":"08U6GTuyFIzKe8l7IOwyw3"},"fileId":"dfwjxZ1RxCRJ63FvbD7Ow2"},"_color":{"__type__":"cc.Color","r":102,"g":73,"b":61},"_contentSize":{"__type__":"cc.Size","width":96,"height":30},"_anchorPoint":{"__type__":"cc.Vec2","y":0.5},"_position":{"__type__":"cc.Vec3","x":-333,"y":-534},"_scaleX":1,"_scaleY":1},{"__type__":"cc.Node","_name":"txtConfirmCardId","_parent":{"__id__":21},"_components":[{"__type__":"cc.Label","node":{"__id__":23},"_useOriginalSize":false,"_string":"确认卡号","_N$string":"确认卡号","_fontSize":24,"_lineHeight":30,"_N$file":{"__uuid__":"f282P+0sVPqqrZwiub4W4d"},"_isSystemFontUsed":false,"_N$verticalAlign":1}],"_prefab":{"__type__":"cc.PrefabInfo","root":{"__id__":1},"asset":{"__uuid__":"08U6GTuyFIzKe8l7IOwyw3"},"fileId":"324JGRQvVK6IVaASA7/+uy"},"_color":{"__type__":"cc.Color","r":102,"g":73,"b":61},"_contentSize":{"__type__":"cc.Size","width":96,"height":30},"_anchorPoint":{"__type__":"cc.Vec2","y":0.5},"_position":{"__type__":"cc.Vec3","x":-333,"y":-610},"_scaleX":1,"_scaleY":1},{"__type__":"cc.Node","_name":"txtPassword","_parent":{"__id__":21},"_components":[{"__type__":"cc.Label","node":{"__id__":24},"_useOriginalSize":false,"_string":"安全密码","_N$string":"安全密码","_fontSize":24,"_lineHeight":30,"_N$file":{"__uuid__":"f282P+0sVPqqrZwiub4W4d"},"_isSystemFontUsed":false,"_N$verticalAlign":1}],"_prefab":{"__type__":"cc.PrefabInfo","root":{"__id__":1},"asset":{"__uuid__":"08U6GTuyFIzKe8l7IOwyw3"},"fileId":"04DSg42GJDF4hpZEu0UVUf"},"_color":{"__type__":"cc.Color","r":102,"g":73,"b":61},"_contentSize":{"__type__":"cc.Size","width":96,"height":30},"_anchorPoint":{"__type__":"cc.Vec2","y":0.5},"_position":{"__type__":"cc.Vec3","x":-333,"y":-686},"_scaleX":1,"_scaleY":1},{"__type__":"cc.Node","_name":"inputPasswordBg","_parent":{"__id__":21},"_children":[{"__id__":26}],"_components":[{"__type__":"cc.Sprite","node":{"__id__":25},"_spriteFrame":{"__uuid__":"b55ADG8OxJz68J7ssQZEl0"},"_type":1,"_sizeMode":0}],"_prefab":{"__type__":"cc.PrefabInfo","root":{"__id__":1},"asset":{"__uuid__":"08U6GTuyFIzKe8l7IOwyw3"},"fileId":"edvkESEg1I+aPzix+OBQ3R"},"_contentSize":{"__type__":"cc.Size","width":500,"height":56},"_position":{"__type__":"cc.Vec3","x":83,"y":-686},"_scaleX":1,"_scaleY":1},{"__type__":"cc.Node","_name":"eb","_parent":{"__id__":25},"_components":[{"__id__":27}],"_prefab":{"__type__":"cc.PrefabInfo","root":{"__id__":1},"asset":{"__uuid__":"08U6GTuyFIzKe8l7IOwyw3"},"fileId":"bbp3drtXlPT6kcRziuY/Tr"},"_contentSize":{"__type__":"cc.Size","width":480,"height":56},"_scaleX":1,"_scaleY":1},{"__type__":"cc.EditBox","node":{"__id__":26},"_useOriginalSize":false,"editingDidBegan":[{"__type__":"cc.ClickEvent","target":{"__id__":1},"component":"addBankCard","handler":"editEvent"}],"textChanged":[{"__type__":"cc.ClickEvent","target":{"__id__":1},"component":"addBankCard","handler":"editChangeEvent"}],"_N$inputFlag":0,"_N$inputMode":6,"_N$fontSize":29,"_N$fontColor":{"__type__":"cc.Color","r":145,"g":85,"b":56},"_N$placeholder":"请输入安全密码","_N$placeholderFontSize":24,"_N$placeholderFontColor":{"__type__":"cc.Color","r":183,"g":159,"b":147},"_N$maxLength":16},{"__type__":"cc.Node","_name":"inputCardId1Bg","_parent":{"__id__":21},"_children":[{"__id__":29}],"_components":[{"__type__":"cc.Sprite","node":{"__id__":28},"_spriteFrame":{"__uuid__":"b55ADG8OxJz68J7ssQZEl0"},"_type":1,"_sizeMode":0}],"_prefab":{"__type__":"cc.PrefabInfo","root":{"__id__":1},"asset":{"__uuid__":"08U6GTuyFIzKe8l7IOwyw3"},"fileId":"ccI8+8h11K3JJ21737tpZi"},"_contentSize":{"__type__":"cc.Size","width":500,"height":56},"_position":{"__type__":"cc.Vec3","x":83,"y":-534},"_scaleX":1,"_scaleY":1},{"__type__":"cc.Node","_name":"eb","_parent":{"__id__":28},"_components":[{"__id__":30}],"_prefab":{"__type__":"cc.PrefabInfo","root":{"__id__":1},"asset":{"__uuid__":"08U6GTuyFIzKe8l7IOwyw3"},"fileId":"f1AQ37KbxOcoryvRwZru23"},"_contentSize":{"__type__":"cc.Size","width":480,"height":56},"_scaleX":1,"_scaleY":1},{"__type__":"cc.EditBox","node":{"__id__":29},"_useOriginalSize":false,"_N$inputMode":2,"_N$fontSize":24,"_N$fontColor":{"__type__":"cc.Color","r":145,"g":85,"b":56},"_N$placeholder":"请输入银行卡的卡号","_N$placeholderFontSize":24,"_N$placeholderFontColor":{"__type__":"cc.Color","r":183,"g":159,"b":147}},{"__type__":"cc.Node","_name":"inputCardId2Bg","_parent":{"__id__":21},"_children":[{"__id__":32}],"_components":[{"__type__":"cc.Sprite","node":{"__id__":31},"_spriteFrame":{"__uuid__":"b55ADG8OxJz68J7ssQZEl0"},"_type":1,"_sizeMode":0}],"_prefab":{"__type__":"cc.PrefabInfo","root":{"__id__":1},"asset":{"__uuid__":"08U6GTuyFIzKe8l7IOwyw3"},"fileId":"2f0w8apnJCwqr1voGfd2cr"},"_contentSize":{"__type__":"cc.Size","width":500,"height":56},"_position":{"__type__":"cc.Vec3","x":83,"y":-610},"_scaleX":1,"_scaleY":1},{"__type__":"cc.Node","_name":"ebBankCardId2","_parent":{"__id__":31},"_components":[{"__id__":33}],"_prefab":{"__type__":"cc.PrefabInfo","root":{"__id__":1},"asset":{"__uuid__":"08U6GTuyFIzKe8l7IOwyw3"},"fileId":"83Bhf5TiNAhocI73mwDn8r"},"_contentSize":{"__type__":"cc.Size","width":480,"height":56},"_scaleX":1,"_scaleY":1},{"__type__":"cc.EditBox","node":{"__id__":32},"_useOriginalSize":false,"_N$inputMode":2,"_N$fontSize":24,"_N$fontColor":{"__type__":"cc.Color","r":145,"g":85,"b":56},"_N$placeholder":"请再次输入银行卡号","_N$placeholderFontSize":24,"_N$placeholderFontColor":{"__type__":"cc.Color","r":183,"g":159,"b":147}},{"__type__":"cc.Node","_name":"开户省","_parent":{"__id__":21},"_components":[{"__type__":"cc.Label","node":{"__id__":34},"_useOriginalSize":false,"_string":"开户省","_N$string":"开户省","_fontSize":24,"_lineHeight":30,"_N$file":{"__uuid__":"f282P+0sVPqqrZwiub4W4d"},"_isSystemFontUsed":false,"_N$horizontalAlign":1,"_N$verticalAlign":1}],"_prefab":{"__type__":"cc.PrefabInfo","root":{"__id__":1},"asset":{"__uuid__":"08U6GTuyFIzKe8l7IOwyw3"},"fileId":"daZgbAeERPJJtMckKPvYJ4"},"_color":{"__type__":"cc.Color","r":102,"g":73,"b":61},"_contentSize":{"__type__":"cc.Size","width":72,"height":30},"_anchorPoint":{"__type__":"cc.Vec2","y":0.5},"_position":{"__type__":"cc.Vec3","x":-333,"y":-306},"_scaleX":1,"_scaleY":1},{"__type__":"cc.Node","_name":"开户市","_parent":{"__id__":21},"_components":[{"__type__":"cc.Label","node":{"__id__":35},"_useOriginalSize":false,"_string":"开户市","_N$string":"开户市","_fontSize":24,"_lineHeight":30,"_N$file":{"__uuid__":"f282P+0sVPqqrZwiub4W4d"},"_isSystemFontUsed":false,"_N$horizontalAlign":1,"_N$verticalAlign":1}],"_prefab":{"__type__":"cc.PrefabInfo","root":{"__id__":1},"asset":{"__uuid__":"08U6GTuyFIzKe8l7IOwyw3"},"fileId":"d9PLEbUmRFMJc17hOtC08Y"},"_color":{"__type__":"cc.Color","r":102,"g":73,"b":61},"_contentSize":{"__type__":"cc.Size","width":72,"height":30},"_anchorPoint":{"__type__":"cc.Vec2","y":0.5},"_position":{"__type__":"cc.Vec3","x":-333,"y":-382},"_scaleX":1,"_scaleY":1},{"__type__":"cc.Node","_name":"支行名称","_parent":{"__id__":21},"_components":[{"__type__":"cc.Label","node":{"__id__":36},"_useOriginalSize":false,"_string":"支行名称","_N$string":"支行名称","_fontSize":24,"_lineHeight":30,"_N$file":{"__uuid__":"f282P+0sVPqqrZwiub4W4d"},"_isSystemFontUsed":false,"_N$horizontalAlign":1,"_N$verticalAlign":1}],"_prefab":{"__type__":"cc.PrefabInfo","root":{"__id__":1},"asset":{"__uuid__":"08U6GTuyFIzKe8l7IOwyw3"},"fileId":"4cQjkReFtH4IJUILGujQqH"},"_color":{"__type__":"cc.Color","r":102,"g":73,"b":61},"_contentSize":{"__type__":"cc.Size","width":96,"height":30},"_anchorPoint":{"__type__":"cc.Vec2","y":0.5},"_position":{"__type__":"cc.Vec3","x":-333,"y":-458},"_scaleX":1,"_scaleY":1},{"__type__":"cc.Node","_name":"inputProvinceBg","_parent":{"__id__":21},"_children":[{"__id__":38},{"__id__":39}],"_components":[{"__type__":"cc.Sprite","node":{"__id__":37},"_spriteFrame":{"__uuid__":"b55ADG8OxJz68J7ssQZEl0"},"_type":1,"_sizeMode":0}],"_prefab":{"__type__":"cc.PrefabInfo","root":{"__id__":1},"asset":{"__uuid__":"08U6GTuyFIzKe8l7IOwyw3"},"fileId":"845rAUdN9G/KjPbfLLEH2K"},"_contentSize":{"__type__":"cc.Size","width":500,"height":56},"_position":{"__type__":"cc.Vec3","x":83,"y":-306},"_scaleX":1,"_scaleY":1},{"__type__":"cc.Node","_name":"btProvince","_parent":{"__id__":37},"_components":[{"__type__":"cc.Button","node":{"__id__":38},"clickEvents":[{"__type__":"cc.ClickEvent","target":{"__id__":1},"component":"addBankCard","handler":"setPullDownListViewEvent","customEventData":"province"}],"_N$normalColor":{"__type__":"cc.Color","r":255,"g":255,"b":255},"_N$pressedColor":{"__type__":"cc.Color","r":255,"g":255,"b":255},"pressedColor":{"__type__":"cc.Color","r":255,"g":255,"b":255},"_N$disabledColor":{"__type__":"cc.Color","r":255,"g":255,"b":255},"_N$normalSprite":{"__uuid__":"f0BIwQ8D5Ml7nTNQbh1YlS"},"_N$pressedSprite":{"__uuid__":"e97GVMl6JHh5Ml5qEDdSGa"},"pressedSprite":{"__uuid__":"e97GVMl6JHh5Ml5qEDdSGa"},"_N$hoverSprite":{"__uuid__":"e97GVMl6JHh5Ml5qEDdSGa"},"hoverSprite":{"__uuid__":"e97GVMl6JHh5Ml5qEDdSGa"},"_N$disabledSprite":{"__uuid__":"29FYIk+N1GYaeWH/q1NxQO"},"_N$target":{"__id__":38}},{"__type__":"cc.Sprite","node":{"__id__":38},"_spriteFrame":{"__uuid__":"4avu7jOa9NYqIG0Xz+v9gb"},"_sizeMode":2,"_isTrimmedMode":false}],"_prefab":{"__type__":"cc.PrefabInfo","root":{"__id__":1},"asset":{"__uuid__":"08U6GTuyFIzKe8l7IOwyw3"},"fileId":"94Lsu9CnVOeYF2f/wy2Fx0"},"_color":{"__type__":"cc.Color","r":102,"g":73,"b":61},"_contentSize":{"__type__":"cc.Size","width":500,"height":56},"_scaleX":1,"_scaleY":1},{"__type__":"cc.Node","_name":"provinceName","_parent":{"__id__":37},"_components":[{"__id__":40}],"_prefab":{"__type__":"cc.PrefabInfo","root":{"__id__":1},"asset":{"__uuid__":"08U6GTuyFIzKe8l7IOwyw3"},"fileId":"41xhw1NfpHZLyafDCZWg0Y"},"_color":{"__type__":"cc.Color","r":183,"g":159,"b":147},"_contentSize":{"__type__":"cc.Size","width":168,"height":40},"_anchorPoint":{"__type__":"cc.Vec2","y":0.5},"_position":{"__type__":"cc.Vec3","x":-240},"_scaleX":1,"_scaleY":1},{"__type__":"cc.Label","node":{"__id__":39},"_useOriginalSize":false,"_string":"请选择开户省份","_N$string":"请选择开户省份","_fontSize":24,"_N$file":{"__uuid__":"f282P+0sVPqqrZwiub4W4d"},"_isSystemFontUsed":false,"_N$verticalAlign":1},{"__type__":"cc.Node","_name":"inputCityBg","_parent":{"__id__":21},"_children":[{"__id__":42},{"__id__":43}],"_components":[{"__type__":"cc.Sprite","node":{"__id__":41},"_spriteFrame":{"__uuid__":"b55ADG8OxJz68J7ssQZEl0"},"_type":1,"_sizeMode":0}],"_prefab":{"__type__":"cc.PrefabInfo","root":{"__id__":1},"asset":{"__uuid__":"08U6GTuyFIzKe8l7IOwyw3"},"fileId":"cbvmW19LJA+IGnDkcwJDML"},"_contentSize":{"__type__":"cc.Size","width":500,"height":56},"_position":{"__type__":"cc.Vec3","x":83,"y":-382},"_scaleX":1,"_scaleY":1},{"__type__":"cc.Node","_name":"btCity","_parent":{"__id__":41},"_components":[{"__type__":"cc.Button","node":{"__id__":42},"clickEvents":[{"__type__":"cc.ClickEvent","target":{"__id__":1},"component":"addBankCard","handler":"setPullDownListViewEvent","customEventData":"city"}],"_N$normalColor":{"__type__":"cc.Color","r":255,"g":255,"b":255},"_N$pressedColor":{"__type__":"cc.Color","r":255,"g":255,"b":255},"pressedColor":{"__type__":"cc.Color","r":255,"g":255,"b":255},"_N$disabledColor":{"__type__":"cc.Color","r":255,"g":255,"b":255},"_N$normalSprite":{"__uuid__":"f0BIwQ8D5Ml7nTNQbh1YlS"},"_N$pressedSprite":{"__uuid__":"e97GVMl6JHh5Ml5qEDdSGa"},"pressedSprite":{"__uuid__":"e97GVMl6JHh5Ml5qEDdSGa"},"_N$hoverSprite":{"__uuid__":"e97GVMl6JHh5Ml5qEDdSGa"},"hoverSprite":{"__uuid__":"e97GVMl6JHh5Ml5qEDdSGa"},"_N$disabledSprite":{"__uuid__":"29FYIk+N1GYaeWH/q1NxQO"},"_N$target":{"__id__":42}},{"__type__":"cc.Sprite","node":{"__id__":42},"_spriteFrame":{"__uuid__":"4avu7jOa9NYqIG0Xz+v9gb"},"_sizeMode":2,"_isTrimmedMode":false}],"_prefab":{"__type__":"cc.PrefabInfo","root":{"__id__":1},"asset":{"__uuid__":"08U6GTuyFIzKe8l7IOwyw3"},"fileId":"9fN+uqg/9DGprSoXdkeQkb"},"_color":{"__type__":"cc.Color","r":102,"g":73,"b":61},"_contentSize":{"__type__":"cc.Size","width":500,"height":56},"_scaleX":1,"_scaleY":1},{"__type__":"cc.Node","_name":"cityName","_parent":{"__id__":41},"_components":[{"__id__":44}],"_prefab":{"__type__":"cc.PrefabInfo","root":{"__id__":1},"asset":{"__uuid__":"08U6GTuyFIzKe8l7IOwyw3"},"fileId":"8egg74NcpI17VoeWIcveGe"},"_color":{"__type__":"cc.Color","r":183,"g":159,"b":147},"_contentSize":{"__type__":"cc.Size","width":168,"height":40},"_anchorPoint":{"__type__":"cc.Vec2","y":0.5},"_position":{"__type__":"cc.Vec3","x":-240},"_scaleX":1,"_scaleY":1},{"__type__":"cc.Label","node":{"__id__":43},"_useOriginalSize":false,"_string":"请选择开户城市","_N$string":"请选择开户城市","_fontSize":24,"_N$file":{"__uuid__":"f282P+0sVPqqrZwiub4W4d"},"_isSystemFontUsed":false,"_N$verticalAlign":1},{"__type__":"cc.Node","_name":"inputBranchBankBg","_parent":{"__id__":21},"_children":[{"__id__":46}],"_components":[{"__type__":"cc.Sprite","node":{"__id__":45},"_spriteFrame":{"__uuid__":"b55ADG8OxJz68J7ssQZEl0"},"_type":1,"_sizeMode":0}],"_prefab":{"__type__":"cc.PrefabInfo","root":{"__id__":1},"asset":{"__uuid__":"08U6GTuyFIzKe8l7IOwyw3"},"fileId":"8fbzwYKQZJbpkgKK1T9acl"},"_contentSize":{"__type__":"cc.Size","width":500,"height":56},"_position":{"__type__":"cc.Vec3","x":83,"y":-458},"_scaleX":1,"_scaleY":1},{"__type__":"cc.Node","_name":"eb","_parent":{"__id__":45},"_components":[{"__id__":47}],"_prefab":{"__type__":"cc.PrefabInfo","root":{"__id__":1},"asset":{"__uuid__":"08U6GTuyFIzKe8l7IOwyw3"},"fileId":"a2LhJhhbBFxZCB6I5j8ujI"},"_contentSize":{"__type__":"cc.Size","width":480,"height":56},"_scaleX":1,"_scaleY":1},{"__type__":"cc.EditBox","node":{"__id__":46},"_useOriginalSize":false,"_N$inputMode":6,"_N$fontSize":24,"_N$fontColor":{"__type__":"cc.Color","r":145,"g":85,"b":56},"_N$placeholder":"请输入支行名称","_N$placeholderFontSize":24,"_N$placeholderFontColor":{"__type__":"cc.Color","r":183,"g":159,"b":147}},{"__type__":"cc.Node","_name":"btConfirm","_parent":{"__id__":21},"_children":[{"__id__":49}],"_components":[{"__type__":"cc.Sprite","node":{"__id__":48},"_spriteFrame":{"__uuid__":"44NhSl3n5NQ4oVLTJRFMVo"},"_type":1,"_sizeMode":0},{"__type__":"cc.Button","node":{"__id__":48},"zoomScale":0.9,"clickEvents":[{"__type__":"cc.ClickEvent","target":{"__id__":1},"component":"addBankCard","handler":"btnEvent","customEventData":"confirm"}],"_N$transition":3,"transition":3,"_N$normalColor":{"__type__":"cc.Color","r":255,"g":255,"b":255},"_N$pressedColor":{"__type__":"cc.Color","r":255,"g":255,"b":255},"pressedColor":{"__type__":"cc.Color","r":255,"g":255,"b":255},"_N$disabledColor":{"__type__":"cc.Color","r":255,"g":255,"b":255},"_N$normalSprite":{"__uuid__":"f0BIwQ8D5Ml7nTNQbh1YlS"},"_N$pressedSprite":{"__uuid__":"e97GVMl6JHh5Ml5qEDdSGa"},"pressedSprite":{"__uuid__":"e97GVMl6JHh5Ml5qEDdSGa"},"_N$hoverSprite":{"__uuid__":"e97GVMl6JHh5Ml5qEDdSGa"},"hoverSprite":{"__uuid__":"e97GVMl6JHh5Ml5qEDdSGa"},"_N$disabledSprite":{"__uuid__":"29FYIk+N1GYaeWH/q1NxQO"},"_N$target":{"__id__":48}}],"_prefab":{"__type__":"cc.PrefabInfo","root":{"__id__":1},"asset":{"__uuid__":"08U6GTuyFIzKe8l7IOwyw3"},"fileId":"03YGEGSRtDHL3XGj0U+zKI"},"_contentSize":{"__type__":"cc.Size","width":201,"height":69},"_position":{"__type__":"cc.Vec3","y":-779.5},"_scaleX":1,"_scaleY":1},{"__type__":"cc.Node","_name":"Label","_parent":{"__id__":48},"_components":[{"__id__":50},{"__type__":"cc.LabelOutline","node":{"__id__":49},"_color":{"__type__":"cc.Color","r":156,"g":45,"b":8},"_width":2}],"_prefab":{"__type__":"cc.PrefabInfo","root":{"__id__":1},"asset":{"__uuid__":"08U6GTuyFIzKe8l7IOwyw3"},"fileId":"8d/L6EEJVHmKexCkGzcUzw"},"_color":{"__type__":"cc.Color","r":253,"g":255,"b":254},"_contentSize":{"__type__":"cc.Size","width":64,"height":40},"_position":{"__type__":"cc.Vec3","y":5.5},"_scaleX":1,"_scaleY":1},{"__type__":"cc.Label","node":{"__id__":49},"_useOriginalSize":false,"_string":"确定","_N$string":"确定","_fontSize":30,"_N$file":{"__uuid__":"f282P+0sVPqqrZwiub4W4d"},"_isSystemFontUsed":false,"_N$horizontalAlign":1,"_N$verticalAlign":1},{"__type__":"cc.Node","_name":"scrollView","_parent":{"__id__":21},"_children":[{"__id__":52},{"__id__":58}],"_active":false,"_components":[{"__id__":56},{"__type__":"cc.Sprite","node":{"__id__":51},"_spriteFrame":{"__uuid__":"64mjTp8zBCtZEtCF2q7x9t"},"_type":1,"_sizeMode":0}],"_prefab":{"__type__":"cc.PrefabInfo","root":{"__id__":1},"asset":{"__uuid__":"08U6GTuyFIzKe8l7IOwyw3"},"fileId":"83JRIzarRAM6JY22sXl+zv"},"_contentSize":{"__type__":"cc.Size","width":512,"height":324},"_position":{"__type__":"cc.Vec3","x":83,"y":-340},"_scaleX":1,"_scaleY":1},{"__type__":"cc.Node","_name":"scrollBar","_parent":{"__id__":51},"_children":[{"__id__":53}],"_components":[{"__id__":55},{"__type__":"cc.Widget","node":{"__id__":52},"_wasAlignOnce":{},"isAlignOnce":{},"_alignFlags":37,"_left":350.07654921020657,"_right":8,"_top":7,"_bottom":7,"_originalHeight":237}],"_prefab":{"__type__":"cc.PrefabInfo","root":{"__id__":1},"asset":{"__uuid__":"08U6GTuyFIzKe8l7IOwyw3"},"fileId":"c6rPzul/5G06MRK6k7wkhI"},"_contentSize":{"__type__":"cc.Size","width":12,"height":310},"_anchorPoint":{"__type__":"cc.Vec2","x":1,"y":0.5},"_position":{"__type__":"cc.Vec3","x":248},"_scaleX":1,"_scaleY":1},{"__type__":"cc.Node","_name":"bar","_parent":{"__id__":52},"_components":[{"__id__":54}],"_prefab":{"__type__":"cc.PrefabInfo","root":{"__id__":1},"asset":{"__uuid__":"08U6GTuyFIzKe8l7IOwyw3"},"fileId":"edbA+Z35hF4aMymTS65CF9"},"_contentSize":{"__type__":"cc.Size","width":8,"height":31},"_anchorPoint":{"__type__":"cc.Vec2"},"_position":{"__type__":"cc.Vec3","x":-11,"y":-97.34},"_scaleX":1,"_scaleY":1},{"__type__":"cc.Sprite","node":{"__id__":53},"_spriteFrame":{"__uuid__":"b91/noasNDZbuKHxG//h2l"},"_type":1},{"__type__":"cc.Scrollbar","node":{"__id__":52},"_scrollView":{"__id__":56},"_N$handle":{"__id__":54},"_N$direction":1},{"__type__":"cc.ScrollView","node":{"__id__":51},"horizontal":false,"brake":0.75,"bounceDuration":0.23,"_N$content":{"__id__":57},"content":{"__id__":57},"_N$horizontalScrollBar":null,"_N$verticalScrollBar":{"__id__":55}},{"__type__":"cc.Node","_name":"content","_parent":{"__id__":58},"_children":[{"__id__":59}],"_prefab":{"__type__":"cc.PrefabInfo","root":{"__id__":1},"asset":{"__uuid__":"08U6GTuyFIzKe8l7IOwyw3"},"fileId":"3bP8dk/TJIUY1hgoFUs4JL"},"_contentSize":{"__type__":"cc.Size","width":400,"height":400},"_anchorPoint":{"__type__":"cc.Vec2","x":0.5,"y":1},"_position":{"__type__":"cc.Vec3","y":155},"_scaleX":1,"_scaleY":1},{"__type__":"cc.Node","_name":"view","_parent":{"__id__":51},"_children":[{"__id__":57}],"_components":[{"__type__":"cc.Mask","node":{"__id__":58},"_N$alphaThreshold":1}],"_prefab":{"__type__":"cc.PrefabInfo","root":{"__id__":1},"asset":{"__uuid__":"08U6GTuyFIzKe8l7IOwyw3"},"fileId":"47Y7RwnrtMPpZLZLm8ZtXk"},"_contentSize":{"__type__":"cc.Size","width":500,"height":310},"_position":{"__type__":"cc.Vec3","y":1},"_scaleX":1,"_scaleY":1},{"__type__":"cc.Node","_name":"checkMask","_parent":{"__id__":57},"_components":[{"__type__":"cc.Sprite","node":{"__id__":59},"_spriteFrame":{"__uuid__":"7224vtOsdOJZuZLcKCyUbx"},"_type":1,"_sizeMode":0}],"_prefab":{"__type__":"cc.PrefabInfo","root":{"__id__":1},"asset":{"__uuid__":"08U6GTuyFIzKe8l7IOwyw3"},"fileId":"78RP77Y+NOxY0NbWUfxSP5"},"_opacity":0,"_color":{"__type__":"cc.Color","r":252,"g":242,"b":179},"_contentSize":{"__type__":"cc.Size","width":465,"height":44},"_anchorPoint":{"__type__":"cc.Vec2","x":0.5,"y":1},"_position":{"__type__":"cc.Vec3","y":-8},"_scaleX":1,"_scaleY":1}]