[{"__type__":"cc.Prefab","_name":"register","data":{"__id__":1}},{"__type__":"cc.Node","_name":"register","_children":[{"__id__":2},{"__id__":30}],"_components":[{"__type__":"3d1057OmB5IKYhfp7jUIsxH","node":{"__id__":1},"clickAudio":{"__uuid__":"ecfWSodf1HdqrJvyOKGSj4"},"mainNodeWidth":"668","mainNodeHight":"553","titleTxt":"账号注册","layerMsgPf":{"__uuid__":"f3VdTrKC5C87rvRCtQR6qK"},"ebInvitationCode":{"__id__":34},"ebAccount":{"__id__":8},"ebPassword":{"__id__":5},"ebCheckCode":{"__id__":12},"spCheckCode":{"__id__":14},"spShowPassword":{"__id__":19},"sfShowPasswordIcon":{"__uuid__":"c6sf2jK65NTabBcAVu4sxQ"},"sfHidePasswordIcon":{"__uuid__":"4aXZAlASJE+ZuIJ0G3aTIv"},"pfDialogCommonLayer":{"__uuid__":"cfwu/zyjBNorwdfAeSFjrw"},"arrow":{"__id__":22},"invitationCode":{"__id__":30},"bottom":{"__id__":2},"delAccountIcon":{"__id__":20},"delPasswordIcon":{"__id__":21},"delInvitationCodeIcon":{"__id__":32},"delCheckCodeIcon":{"__id__":10}}],"_prefab":{"__type__":"cc.PrefabInfo","root":{"__id__":1},"asset":{"__uuid__":"50dI49xsxNhYdQgpBPC8nz"},"fileId":"5fTzjikNJIALMqBSPkgd1u"},"_contentSize":{"__type__":"cc.Size","width":668,"height":553},"_position":{"__type__":"cc.Vec3","y":24},"_scaleX":1,"_scaleY":1},{"__type__":"cc.Node","_name":"bottom","_parent":{"__id__":1},"_children":[{"__id__":3},{"__id__":4},{"__id__":6},{"__id__":7},{"__id__":9},{"__id__":10},{"__id__":11},{"__id__":13},{"__id__":15},{"__type__":"cc.Node","_name":"checkCode","_parent":{"__id__":2},"_active":false,"_prefab":{"__type__":"cc.PrefabInfo","root":{"__id__":1},"asset":{"__uuid__":"50dI49xsxNhYdQgpBPC8nz"},"fileId":"93OZQglEVOnap1vCw/1HCK"},"_position":{"__type__":"cc.Vec3","y":-38},"_scaleX":1,"_scaleY":1},{"__id__":16},{"__id__":17},{"__id__":18},{"__id__":20},{"__id__":21},{"__id__":22},{"__id__":23},{"__id__":25},{"__id__":26},{"__id__":27},{"__id__":28},{"__id__":29}],"_prefab":{"__type__":"cc.PrefabInfo","root":{"__id__":1},"asset":{"__uuid__":"50dI49xsxNhYdQgpBPC8nz"},"fileId":"60C6ei/EdJC4djhurzItc/"},"_scaleX":1,"_scaleY":1},{"__type__":"cc.Node","_name":"inputBg","_parent":{"__id__":2},"_components":[{"__type__":"cc.Sprite","node":{"__id__":3},"_spriteFrame":{"__uuid__":"b55ADG8OxJz68J7ssQZEl0"},"_type":1,"_sizeMode":0}],"_prefab":{"__type__":"cc.PrefabInfo","root":{"__id__":1},"asset":{"__uuid__":"50dI49xsxNhYdQgpBPC8nz"},"fileId":"e5iLSUSdJEppFrjnkwpvGE"},"_contentSize":{"__type__":"cc.Size","width":442,"height":56},"_position":{"__type__":"cc.Vec3","x":44,"y":-11},"_scaleX":1,"_scaleY":1},{"__type__":"cc.Node","_name":"ebPassword","_parent":{"__id__":2},"_components":[{"__id__":5}],"_prefab":{"__type__":"cc.PrefabInfo","root":{"__id__":1},"asset":{"__uuid__":"50dI49xsxNhYdQgpBPC8nz"},"fileId":"46larIRmJNLZdce3buQus7"},"_contentSize":{"__type__":"cc.Size","width":355,"height":56},"_anchorPoint":{"__type__":"cc.Vec2","y":0.5},"_position":{"__type__":"cc.Vec3","x":-167,"y":-11},"_scaleX":1,"_scaleY":1},{"__type__":"cc.EditBox","node":{"__id__":4},"_useOriginalSize":false,"editingDidBegan":[{"__type__":"cc.ClickEvent","target":{"__id__":1},"component":"register","handler":"editBeginEvent"}],"textChanged":[{"__type__":"cc.ClickEvent","target":{"__id__":1},"component":"register","handler":"editEvent","customEventData":"password"}],"_N$inputFlag":0,"_N$inputMode":6,"_N$fontSize":24,"_N$fontColor":{"__type__":"cc.Color","r":145,"g":85,"b":56},"_N$placeholder":"6-16位英文和数字，不能为纯数字","_N$placeholderFontSize":24,"_N$placeholderFontColor":{"__type__":"cc.Color","r":183,"g":159,"b":147},"_N$maxLength":16},{"__type__":"cc.Node","_name":"inputBg","_parent":{"__id__":2},"_components":[{"__type__":"cc.Sprite","node":{"__id__":6},"_spriteFrame":{"__uuid__":"b55ADG8OxJz68J7ssQZEl0"},"_type":1,"_sizeMode":0}],"_prefab":{"__type__":"cc.PrefabInfo","root":{"__id__":1},"asset":{"__uuid__":"50dI49xsxNhYdQgpBPC8nz"},"fileId":"cfjKI5wJVFHJMzqppn8YwN"},"_contentSize":{"__type__":"cc.Size","width":442,"height":56},"_position":{"__type__":"cc.Vec3","x":44,"y":66},"_scaleX":1,"_scaleY":1},{"__type__":"cc.Node","_name":"ebAccount","_parent":{"__id__":2},"_components":[{"__id__":8}],"_prefab":{"__type__":"cc.PrefabInfo","root":{"__id__":1},"asset":{"__uuid__":"50dI49xsxNhYdQgpBPC8nz"},"fileId":"18S39t/CtHSJqegFt5LmYA"},"_contentSize":{"__type__":"cc.Size","width":380,"height":56},"_position":{"__type__":"cc.Vec3","x":23,"y":66},"_scaleX":1,"_scaleY":1},{"__type__":"cc.EditBox","node":{"__id__":7},"_useOriginalSize":false,"textChanged":[{"__type__":"cc.ClickEvent","target":{"__id__":1},"component":"register","handler":"editEvent","customEventData":"account"}],"_N$inputMode":6,"_N$fontSize":24,"_N$fontColor":{"__type__":"cc.Color","r":145,"g":85,"b":56},"_N$placeholder":"4-16位英文和数字","_N$placeholderFontSize":24,"_N$placeholderFontColor":{"__type__":"cc.Color","r":183,"g":159,"b":147},"_N$maxLength":16},{"__type__":"cc.Node","_name":"inputBg","_parent":{"__id__":2},"_active":false,"_components":[{"__type__":"cc.Sprite","node":{"__id__":9},"_spriteFrame":{"__uuid__":"b55ADG8OxJz68J7ssQZEl0"},"_type":1,"_sizeMode":0}],"_prefab":{"__type__":"cc.PrefabInfo","root":{"__id__":1},"asset":{"__uuid__":"50dI49xsxNhYdQgpBPC8nz"},"fileId":"c6VwD1uWlFtJfeoPktNMpl"},"_contentSize":{"__type__":"cc.Size","width":262,"height":56},"_position":{"__type__":"cc.Vec3","x":-46,"y":-50},"_scaleX":1,"_scaleY":1},{"__type__":"cc.Node","_name":"btDelCheckCode","_parent":{"__id__":2},"_active":false,"_components":[{"__type__":"cc.Sprite","node":{"__id__":10},"_spriteFrame":{"__uuid__":"edrKkgnVhAKa2gO1N0c8mt"},"_sizeMode":2,"_isTrimmedMode":false},{"__type__":"cc.Button","node":{"__id__":10},"zoomScale":0.9,"clickEvents":[{"__type__":"cc.ClickEvent","target":{"__id__":1},"component":"register","handler":"btnEvent","customEventData":"delCheckCode"}],"_N$transition":3,"transition":3,"_N$normalColor":{"__type__":"cc.Color","r":255,"g":255,"b":255},"_N$pressedColor":{"__type__":"cc.Color","r":255,"g":255,"b":255},"pressedColor":{"__type__":"cc.Color","r":255,"g":255,"b":255},"_N$disabledColor":{"__type__":"cc.Color","r":255,"g":255,"b":255},"_N$normalSprite":{"__uuid__":"f0BIwQ8D5Ml7nTNQbh1YlS"},"_N$pressedSprite":{"__uuid__":"e97GVMl6JHh5Ml5qEDdSGa"},"pressedSprite":{"__uuid__":"e97GVMl6JHh5Ml5qEDdSGa"},"_N$hoverSprite":{"__uuid__":"e97GVMl6JHh5Ml5qEDdSGa"},"hoverSprite":{"__uuid__":"e97GVMl6JHh5Ml5qEDdSGa"},"_N$disabledSprite":{"__uuid__":"29FYIk+N1GYaeWH/q1NxQO"},"_N$target":{"__id__":10}}],"_prefab":{"__type__":"cc.PrefabInfo","root":{"__id__":1},"asset":{"__uuid__":"50dI49xsxNhYdQgpBPC8nz"},"fileId":"cdDGulBwJIZbGTAuhfu+Wo"},"_contentSize":{"__type__":"cc.Size","width":40,"height":56},"_position":{"__type__":"cc.Vec3","x":57,"y":-50},"_scaleX":1,"_scaleY":1},{"__type__":"cc.Node","_name":"ebCheckCode","_parent":{"__id__":2},"_active":false,"_components":[{"__id__":12}],"_prefab":{"__type__":"cc.PrefabInfo","root":{"__id__":1},"asset":{"__uuid__":"50dI49xsxNhYdQgpBPC8nz"},"fileId":"6a50btJ7NLJJh5UI5RvDxh"},"_contentSize":{"__type__":"cc.Size","width":180,"height":56},"_anchorPoint":{"__type__":"cc.Vec2","y":0.5},"_position":{"__type__":"cc.Vec3","x":-167,"y":-50},"_scaleX":1,"_scaleY":1},{"__type__":"cc.EditBox","node":{"__id__":11},"_useOriginalSize":false,"textChanged":[{"__type__":"cc.ClickEvent","target":{"__id__":1},"component":"register","handler":"editEvent","customEventData":"checkCode"}],"_N$inputMode":6,"_N$fontSize":24,"_N$fontColor":{"__type__":"cc.Color","r":145,"g":85,"b":56},"_N$placeholder":"请输入验证码","_N$placeholderFontSize":24,"_N$placeholderFontColor":{"__type__":"cc.Color","r":183,"g":159,"b":147},"_N$maxLength":4},{"__type__":"cc.Node","_name":"sp","_parent":{"__id__":2},"_active":false,"_components":[{"__id__":14}],"_prefab":{"__type__":"cc.PrefabInfo","root":{"__id__":1},"asset":{"__uuid__":"50dI49xsxNhYdQgpBPC8nz"},"fileId":"f9BB5molxJxozmT8NA3yPM"},"_contentSize":{"__type__":"cc.Size","width":114,"height":54},"_position":{"__type__":"cc.Vec3","x":155,"y":-50},"_scaleX":1,"_scaleY":1},{"__type__":"cc.Sprite","node":{"__id__":13},"_sizeMode":0},{"__type__":"cc.Node","_name":"txtCheckCode","_parent":{"__id__":2},"_active":false,"_components":[{"__type__":"cc.Label","node":{"__id__":15},"_useOriginalSize":false,"_string":"验证码","_N$string":"验证码","_fontSize":24,"_lineHeight":30,"_N$file":{"__uuid__":"f282P+0sVPqqrZwiub4W4d"},"_isSystemFontUsed":false,"_N$verticalAlign":1}],"_prefab":{"__type__":"cc.PrefabInfo","root":{"__id__":1},"asset":{"__uuid__":"50dI49xsxNhYdQgpBPC8nz"},"fileId":"c6AOUtgc9Bh7PX2hA7UoF+"},"_color":{"__type__":"cc.Color","r":102,"g":73,"b":61},"_contentSize":{"__type__":"cc.Size","width":72,"height":30},"_anchorPoint":{"__type__":"cc.Vec2","y":0.5},"_position":{"__type__":"cc.Vec3","x":-267,"y":-50},"_scaleX":1,"_scaleY":1},{"__type__":"cc.Node","_name":"txtAccount","_parent":{"__id__":2},"_components":[{"__type__":"cc.Label","node":{"__id__":16},"_useOriginalSize":false,"_string":"账号","_N$string":"账号","_fontSize":24,"_lineHeight":30,"_N$file":{"__uuid__":"f282P+0sVPqqrZwiub4W4d"},"_isSystemFontUsed":false,"_N$verticalAlign":1}],"_prefab":{"__type__":"cc.PrefabInfo","root":{"__id__":1},"asset":{"__uuid__":"50dI49xsxNhYdQgpBPC8nz"},"fileId":"41jP7W8StKkaHm5Sdy30dQ"},"_color":{"__type__":"cc.Color","r":102,"g":73,"b":61},"_contentSize":{"__type__":"cc.Size","width":48,"height":30},"_anchorPoint":{"__type__":"cc.Vec2","y":0.5},"_position":{"__type__":"cc.Vec3","x":-267,"y":66},"_scaleX":1,"_scaleY":1},{"__type__":"cc.Node","_name":"txtPassword","_parent":{"__id__":2},"_components":[{"__type__":"cc.Label","node":{"__id__":17},"_useOriginalSize":false,"_string":"密码","_N$string":"密码","_fontSize":24,"_lineHeight":30,"_N$file":{"__uuid__":"f282P+0sVPqqrZwiub4W4d"},"_isSystemFontUsed":false,"_N$verticalAlign":1}],"_prefab":{"__type__":"cc.PrefabInfo","root":{"__id__":1},"asset":{"__uuid__":"50dI49xsxNhYdQgpBPC8nz"},"fileId":"efCV4GwpVEtY5kN9MoSCtD"},"_color":{"__type__":"cc.Color","r":102,"g":73,"b":61},"_contentSize":{"__type__":"cc.Size","width":48,"height":30},"_anchorPoint":{"__type__":"cc.Vec2","y":0.5},"_position":{"__type__":"cc.Vec3","x":-267,"y":-11},"_scaleX":1,"_scaleY":1},{"__type__":"cc.Node","_name":"btShowPassword","_parent":{"__id__":2},"_components":[{"__id__":19},{"__type__":"cc.Button","node":{"__id__":18},"zoomScale":0.9,"clickEvents":[{"__type__":"cc.ClickEvent","target":{"__id__":1},"component":"register","handler":"btnEvent","customEventData":"alterPasswordView"}],"_N$transition":3,"transition":3,"_N$normalColor":{"__type__":"cc.Color","r":255,"g":255,"b":255},"_N$pressedColor":{"__type__":"cc.Color","r":255,"g":255,"b":255},"pressedColor":{"__type__":"cc.Color","r":255,"g":255,"b":255},"_N$disabledColor":{"__type__":"cc.Color","r":255,"g":255,"b":255},"_N$normalSprite":{"__uuid__":"f0BIwQ8D5Ml7nTNQbh1YlS"},"_N$pressedSprite":{"__uuid__":"e97GVMl6JHh5Ml5qEDdSGa"},"pressedSprite":{"__uuid__":"e97GVMl6JHh5Ml5qEDdSGa"},"_N$hoverSprite":{"__uuid__":"e97GVMl6JHh5Ml5qEDdSGa"},"hoverSprite":{"__uuid__":"e97GVMl6JHh5Ml5qEDdSGa"},"_N$disabledSprite":{"__uuid__":"29FYIk+N1GYaeWH/q1NxQO"},"_N$target":{"__id__":18}}],"_prefab":{"__type__":"cc.PrefabInfo","root":{"__id__":1},"asset":{"__uuid__":"50dI49xsxNhYdQgpBPC8nz"},"fileId":"ebBD5OGx1LJacHzA9Y8Nja"},"_contentSize":{"__type__":"cc.Size","width":40,"height":56},"_position":{"__type__":"cc.Vec3","x":239,"y":-11},"_scaleX":1,"_scaleY":1},{"__type__":"cc.Sprite","node":{"__id__":18},"_spriteFrame":{"__uuid__":"4aXZAlASJE+ZuIJ0G3aTIv"},"_sizeMode":2,"_isTrimmedMode":false},{"__type__":"cc.Node","_name":"btDelAccount","_parent":{"__id__":2},"_active":false,"_components":[{"__type__":"cc.Sprite","node":{"__id__":20},"_spriteFrame":{"__uuid__":"edrKkgnVhAKa2gO1N0c8mt"},"_sizeMode":2,"_isTrimmedMode":false},{"__type__":"cc.Button","node":{"__id__":20},"zoomScale":0.9,"clickEvents":[{"__type__":"cc.ClickEvent","target":{"__id__":1},"component":"register","handler":"btnEvent","customEventData":"delAccount"}],"_N$transition":3,"transition":3,"_N$normalColor":{"__type__":"cc.Color","r":255,"g":255,"b":255},"_N$pressedColor":{"__type__":"cc.Color","r":255,"g":255,"b":255},"pressedColor":{"__type__":"cc.Color","r":255,"g":255,"b":255},"_N$disabledColor":{"__type__":"cc.Color","r":255,"g":255,"b":255},"_N$normalSprite":{"__uuid__":"f0BIwQ8D5Ml7nTNQbh1YlS"},"_N$pressedSprite":{"__uuid__":"e97GVMl6JHh5Ml5qEDdSGa"},"pressedSprite":{"__uuid__":"e97GVMl6JHh5Ml5qEDdSGa"},"_N$hoverSprite":{"__uuid__":"e97GVMl6JHh5Ml5qEDdSGa"},"hoverSprite":{"__uuid__":"e97GVMl6JHh5Ml5qEDdSGa"},"_N$disabledSprite":{"__uuid__":"29FYIk+N1GYaeWH/q1NxQO"},"_N$target":{"__id__":20}}],"_prefab":{"__type__":"cc.PrefabInfo","root":{"__id__":1},"asset":{"__uuid__":"50dI49xsxNhYdQgpBPC8nz"},"fileId":"ceUJUQOi9Gfo5QttCb1zRr"},"_contentSize":{"__type__":"cc.Size","width":40,"height":56},"_position":{"__type__":"cc.Vec3","x":239,"y":66},"_scaleX":1,"_scaleY":1},{"__type__":"cc.Node","_name":"btDelPassword","_parent":{"__id__":2},"_active":false,"_components":[{"__type__":"cc.Sprite","node":{"__id__":21},"_spriteFrame":{"__uuid__":"edrKkgnVhAKa2gO1N0c8mt"},"_sizeMode":2,"_isTrimmedMode":false},{"__type__":"cc.Button","node":{"__id__":21},"zoomScale":0.9,"clickEvents":[{"__type__":"cc.ClickEvent","target":{"__id__":1},"component":"register","handler":"btnEvent","customEventData":"delPassword"}],"_N$transition":3,"transition":3,"_N$normalColor":{"__type__":"cc.Color","r":255,"g":255,"b":255},"_N$pressedColor":{"__type__":"cc.Color","r":255,"g":255,"b":255},"pressedColor":{"__type__":"cc.Color","r":255,"g":255,"b":255},"_N$disabledColor":{"__type__":"cc.Color","r":255,"g":255,"b":255},"_N$normalSprite":{"__uuid__":"f0BIwQ8D5Ml7nTNQbh1YlS"},"_N$pressedSprite":{"__uuid__":"e97GVMl6JHh5Ml5qEDdSGa"},"pressedSprite":{"__uuid__":"e97GVMl6JHh5Ml5qEDdSGa"},"_N$hoverSprite":{"__uuid__":"e97GVMl6JHh5Ml5qEDdSGa"},"hoverSprite":{"__uuid__":"e97GVMl6JHh5Ml5qEDdSGa"},"_N$disabledSprite":{"__uuid__":"29FYIk+N1GYaeWH/q1NxQO"},"_N$target":{"__id__":21}}],"_prefab":{"__type__":"cc.PrefabInfo","root":{"__id__":1},"asset":{"__uuid__":"50dI49xsxNhYdQgpBPC8nz"},"fileId":"2dfwknOUhLO5pCNX3X2Bpx"},"_contentSize":{"__type__":"cc.Size","width":40,"height":56},"_position":{"__type__":"cc.Vec3","x":201,"y":-11},"_scaleX":1,"_scaleY":1},{"__type__":"cc.Node","_name":"btRefreshCheckCode","_parent":{"__id__":2},"_active":false,"_components":[{"__type__":"cc.Sprite","node":{"__id__":22},"_spriteFrame":{"__uuid__":"14XvhrNfZJr4Wmcs4dfPwG"},"_sizeMode":2,"_isTrimmedMode":false},{"__type__":"cc.Button","node":{"__id__":22},"zoomScale":0.9,"clickEvents":[{"__type__":"cc.ClickEvent","target":{"__id__":1},"component":"register","handler":"btnEvent","customEventData":"refreshCheckCode"}],"_N$transition":3,"transition":3,"_N$normalColor":{"__type__":"cc.Color","r":255,"g":255,"b":255},"_N$pressedColor":{"__type__":"cc.Color","r":255,"g":255,"b":255},"pressedColor":{"__type__":"cc.Color","r":255,"g":255,"b":255},"_N$disabledColor":{"__type__":"cc.Color","r":255,"g":255,"b":255},"_N$normalSprite":{"__uuid__":"f0BIwQ8D5Ml7nTNQbh1YlS"},"_N$pressedSprite":{"__uuid__":"e97GVMl6JHh5Ml5qEDdSGa"},"pressedSprite":{"__uuid__":"e97GVMl6JHh5Ml5qEDdSGa"},"_N$hoverSprite":{"__uuid__":"e97GVMl6JHh5Ml5qEDdSGa"},"hoverSprite":{"__uuid__":"e97GVMl6JHh5Ml5qEDdSGa"},"_N$disabledSprite":{"__uuid__":"29FYIk+N1GYaeWH/q1NxQO"},"_N$target":{"__id__":22}}],"_prefab":{"__type__":"cc.PrefabInfo","root":{"__id__":1},"asset":{"__uuid__":"50dI49xsxNhYdQgpBPC8nz"},"fileId":"1eBfmbx3tHF4OUD5wu9nIe"},"_contentSize":{"__type__":"cc.Size","width":56,"height":56},"_position":{"__type__":"cc.Vec3","x":239,"y":-88},"_scaleX":1,"_scaleY":1},{"__type__":"cc.Node","_name":"btRegister","_parent":{"__id__":2},"_children":[{"__id__":24}],"_components":[{"__type__":"cc.Sprite","node":{"__id__":23},"_spriteFrame":{"__uuid__":"44NhSl3n5NQ4oVLTJRFMVo"},"_type":1,"_sizeMode":0},{"__type__":"cc.Button","node":{"__id__":23},"zoomScale":0.9,"clickEvents":[{"__type__":"cc.ClickEvent","target":{"__id__":1},"component":"register","handler":"btnEvent","customEventData":"register"}],"_N$transition":3,"transition":3,"_N$normalColor":{"__type__":"cc.Color","r":255,"g":255,"b":255},"_N$pressedColor":{"__type__":"cc.Color","r":255,"g":255,"b":255},"pressedColor":{"__type__":"cc.Color","r":255,"g":255,"b":255},"_N$disabledColor":{"__type__":"cc.Color","r":255,"g":255,"b":255},"_N$normalSprite":{"__uuid__":"f0BIwQ8D5Ml7nTNQbh1YlS"},"_N$pressedSprite":{"__uuid__":"e97GVMl6JHh5Ml5qEDdSGa"},"pressedSprite":{"__uuid__":"e97GVMl6JHh5Ml5qEDdSGa"},"_N$hoverSprite":{"__uuid__":"e97GVMl6JHh5Ml5qEDdSGa"},"hoverSprite":{"__uuid__":"e97GVMl6JHh5Ml5qEDdSGa"},"_N$disabledSprite":{"__uuid__":"29FYIk+N1GYaeWH/q1NxQO"},"_N$target":{"__id__":23}}],"_prefab":{"__type__":"cc.PrefabInfo","root":{"__id__":1},"asset":{"__uuid__":"50dI49xsxNhYdQgpBPC8nz"},"fileId":"dbJ9FbtUpA3aF2l6auWrNV"},"_contentSize":{"__type__":"cc.Size","width":202,"height":69},"_position":{"__type__":"cc.Vec3","y":-108.5},"_scaleX":1,"_scaleY":1},{"__type__":"cc.Node","_name":"Label","_parent":{"__id__":23},"_components":[{"__type__":"cc.Label","node":{"__id__":24},"_useOriginalSize":false,"_string":"立即注册","_N$string":"立即注册","_fontSize":29,"_lineHeight":35,"_N$file":{"__uuid__":"f282P+0sVPqqrZwiub4W4d"},"_isSystemFontUsed":false,"_N$horizontalAlign":1,"_N$verticalAlign":1},{"__type__":"cc.LabelOutline","node":{"__id__":24},"_color":{"__type__":"cc.Color","r":156,"g":45,"b":8},"_width":2}],"_prefab":{"__type__":"cc.PrefabInfo","root":{"__id__":1},"asset":{"__uuid__":"50dI49xsxNhYdQgpBPC8nz"},"fileId":"934pzRJXBPlqN65uWJ5B4B"},"_color":{"__type__":"cc.Color","r":253,"g":255,"b":254},"_contentSize":{"__type__":"cc.Size","width":120,"height":35},"_position":{"__type__":"cc.Vec3","y":6},"_scaleX":1,"_scaleY":1},{"__type__":"cc.Node","_name":"btShowLogin","_parent":{"__id__":2},"_components":[{"__type__":"cc.Button","node":{"__id__":25},"zoomScale":0.9,"clickEvents":[{"__type__":"cc.ClickEvent","target":{"__id__":1},"component":"register","handler":"btnEvent","customEventData":"showLogin"}],"_N$normalColor":{"__type__":"cc.Color","r":255,"g":255,"b":255},"_N$pressedColor":{"__type__":"cc.Color","r":255,"g":255,"b":255},"pressedColor":{"__type__":"cc.Color","r":255,"g":255,"b":255},"_N$disabledColor":{"__type__":"cc.Color","r":255,"g":255,"b":255},"_N$normalSprite":{"__uuid__":"f0BIwQ8D5Ml7nTNQbh1YlS"},"_N$pressedSprite":{"__uuid__":"e97GVMl6JHh5Ml5qEDdSGa"},"pressedSprite":{"__uuid__":"e97GVMl6JHh5Ml5qEDdSGa"},"_N$hoverSprite":{"__uuid__":"e97GVMl6JHh5Ml5qEDdSGa"},"hoverSprite":{"__uuid__":"e97GVMl6JHh5Ml5qEDdSGa"},"_N$disabledSprite":{"__uuid__":"29FYIk+N1GYaeWH/q1NxQO"},"_N$target":{"__id__":25}},{"__type__":"cc.Label","node":{"__id__":25},"_useOriginalSize":false,"_string":"已有账号？点击登录","_N$string":"已有账号？点击登录","_fontSize":22,"_lineHeight":35,"_N$file":{"__uuid__":"f282P+0sVPqqrZwiub4W4d"},"_isSystemFontUsed":false,"_N$horizontalAlign":1,"_N$verticalAlign":1}],"_prefab":{"__type__":"cc.PrefabInfo","root":{"__id__":1},"asset":{"__uuid__":"50dI49xsxNhYdQgpBPC8nz"},"fileId":"5d9H4Oi49Dzo65x9vkIcl7"},"_color":{"__type__":"cc.Color","r":162,"g":158,"b":125},"_contentSize":{"__type__":"cc.Size","width":198,"height":35},"_anchorPoint":{"__type__":"cc.Vec2","x":1,"y":0.5},"_position":{"__type__":"cc.Vec3","x":260,"y":-214},"_scaleX":1,"_scaleY":1},{"__type__":"cc.Node","_name":"btShowPhoneRegister","_parent":{"__id__":2},"_components":[{"__type__":"cc.Button","node":{"__id__":26},"zoomScale":0.9,"clickEvents":[{"__type__":"cc.ClickEvent","target":{"__id__":1},"component":"register","handler":"btnEvent","customEventData":"showPhoneRegister"}],"_N$normalColor":{"__type__":"cc.Color","r":255,"g":255,"b":255},"_N$pressedColor":{"__type__":"cc.Color","r":255,"g":255,"b":255},"pressedColor":{"__type__":"cc.Color","r":255,"g":255,"b":255},"_N$disabledColor":{"__type__":"cc.Color","r":255,"g":255,"b":255},"_N$normalSprite":{"__uuid__":"f0BIwQ8D5Ml7nTNQbh1YlS"},"_N$pressedSprite":{"__uuid__":"e97GVMl6JHh5Ml5qEDdSGa"},"pressedSprite":{"__uuid__":"e97GVMl6JHh5Ml5qEDdSGa"},"_N$hoverSprite":{"__uuid__":"e97GVMl6JHh5Ml5qEDdSGa"},"hoverSprite":{"__uuid__":"e97GVMl6JHh5Ml5qEDdSGa"},"_N$disabledSprite":{"__uuid__":"29FYIk+N1GYaeWH/q1NxQO"},"_N$target":{"__id__":26}},{"__type__":"cc.Label","node":{"__id__":26},"_useOriginalSize":false,"_string":"手机注册","_N$string":"手机注册","_fontSize":22,"_lineHeight":35,"_N$file":{"__uuid__":"f282P+0sVPqqrZwiub4W4d"},"_isSystemFontUsed":false,"_N$horizontalAlign":1,"_N$verticalAlign":1}],"_prefab":{"__type__":"cc.PrefabInfo","root":{"__id__":1},"asset":{"__uuid__":"50dI49xsxNhYdQgpBPC8nz"},"fileId":"50vmfkbsdOVovfk6p1XGgz"},"_color":{"__type__":"cc.Color","r":162,"g":158,"b":125},"_contentSize":{"__type__":"cc.Size","width":88,"height":35},"_anchorPoint":{"__type__":"cc.Vec2","y":0.5},"_position":{"__type__":"cc.Vec3","x":-260,"y":-214},"_scaleX":1,"_scaleY":1},{"__type__":"cc.Node","_name":"clouds","_parent":{"__id__":2},"_components":[{"__type__":"cc.Sprite","node":{"__id__":27},"_spriteFrame":{"__uuid__":"08Hi0Fl39NZ5XPZu3pPgks"}}],"_prefab":{"__type__":"cc.PrefabInfo","root":{"__id__":1},"asset":{"__uuid__":"50dI49xsxNhYdQgpBPC8nz"},"fileId":"e6m+j1WCBDloruRi4o96vh"},"_contentSize":{"__type__":"cc.Size","width":48,"height":42},"_position":{"__type__":"cc.Vec3","x":298,"y":-241},"_scaleX":1,"_scaleY":1},{"__type__":"cc.Node","_name":"line","_parent":{"__id__":2},"_components":[{"__type__":"cc.Sprite","node":{"__id__":28},"_spriteFrame":{"__uuid__":"b64o5Ca+BBu5JQclLmxB5C"}}],"_prefab":{"__type__":"cc.PrefabInfo","root":{"__id__":1},"asset":{"__uuid__":"50dI49xsxNhYdQgpBPC8nz"},"fileId":"21yHuLANdPr5eGXgIqOJ6W"},"_contentSize":{"__type__":"cc.Size","width":525,"height":12},"_position":{"__type__":"cc.Vec3","y":-179},"_scaleX":1,"_scaleY":1},{"__type__":"cc.Node","_name":"clouds","_parent":{"__id__":2},"_components":[{"__type__":"cc.Sprite","node":{"__id__":29},"_spriteFrame":{"__uuid__":"08Hi0Fl39NZ5XPZu3pPgks"},"_sizeMode":0}],"_prefab":{"__type__":"cc.PrefabInfo","root":{"__id__":1},"asset":{"__uuid__":"50dI49xsxNhYdQgpBPC8nz"},"fileId":"56+iOoIz5PrJ/Bx9CZIgDu"},"_contentSize":{"__type__":"cc.Size","width":48,"height":42},"_position":{"__type__":"cc.Vec3","x":-298,"y":-241},"_scaleX":-1,"_scaleY":1},{"__type__":"cc.Node","_name":"推广码","_parent":{"__id__":1},"_children":[{"__id__":31},{"__id__":32},{"__id__":33}],"_components":[{"__type__":"cc.Label","node":{"__id__":30},"_useOriginalSize":false,"_string":"推广码","_N$string":"推广码","_fontSize":24,"_lineHeight":30,"_N$file":{"__uuid__":"f282P+0sVPqqrZwiub4W4d"},"_isSystemFontUsed":false,"_N$verticalAlign":1},{"__type__":"cc.Widget","node":{"__id__":30},"_wasAlignOnce":{},"isAlignOnce":{},"_alignFlags":9,"_left":67,"_top":119}],"_prefab":{"__type__":"cc.PrefabInfo","root":{"__id__":1},"asset":{"__uuid__":"50dI49xsxNhYdQgpBPC8nz"},"fileId":"28Eu3H/j1Po46zoEYgQpn4"},"_color":{"__type__":"cc.Color","r":102,"g":73,"b":61},"_contentSize":{"__type__":"cc.Size","width":72,"height":30},"_anchorPoint":{"__type__":"cc.Vec2","y":0.5},"_position":{"__type__":"cc.Vec3","x":-267,"y":142.5},"_scaleX":1,"_scaleY":1},{"__type__":"cc.Node","_name":"inputBg","_parent":{"__id__":30},"_components":[{"__type__":"cc.Sprite","node":{"__id__":31},"_spriteFrame":{"__uuid__":"b55ADG8OxJz68J7ssQZEl0"},"_type":1,"_sizeMode":0}],"_prefab":{"__type__":"cc.PrefabInfo","root":{"__id__":1},"asset":{"__uuid__":"50dI49xsxNhYdQgpBPC8nz"},"fileId":"95oEeR2OhErbQ6x3/MUgP9"},"_contentSize":{"__type__":"cc.Size","width":442,"height":56},"_position":{"__type__":"cc.Vec3","x":311},"_scaleX":1,"_scaleY":1},{"__type__":"cc.Node","_name":"btDelInvitationCode","_parent":{"__id__":30},"_active":false,"_components":[{"__type__":"cc.Sprite","node":{"__id__":32},"_spriteFrame":{"__uuid__":"edrKkgnVhAKa2gO1N0c8mt"},"_sizeMode":2,"_isTrimmedMode":false},{"__type__":"cc.Button","node":{"__id__":32},"zoomScale":0.9,"clickEvents":[{"__type__":"cc.ClickEvent","target":{"__id__":1},"component":"register","handler":"btnEvent","customEventData":"delInvitationCode"}],"_N$transition":3,"transition":3,"_N$normalColor":{"__type__":"cc.Color","r":255,"g":255,"b":255},"_N$pressedColor":{"__type__":"cc.Color","r":255,"g":255,"b":255},"pressedColor":{"__type__":"cc.Color","r":255,"g":255,"b":255},"_N$disabledColor":{"__type__":"cc.Color","r":255,"g":255,"b":255},"_N$normalSprite":{"__uuid__":"f0BIwQ8D5Ml7nTNQbh1YlS"},"_N$pressedSprite":{"__uuid__":"e97GVMl6JHh5Ml5qEDdSGa"},"pressedSprite":{"__uuid__":"e97GVMl6JHh5Ml5qEDdSGa"},"_N$hoverSprite":{"__uuid__":"e97GVMl6JHh5Ml5qEDdSGa"},"hoverSprite":{"__uuid__":"e97GVMl6JHh5Ml5qEDdSGa"},"_N$disabledSprite":{"__uuid__":"29FYIk+N1GYaeWH/q1NxQO"},"_N$target":{"__id__":32}}],"_prefab":{"__type__":"cc.PrefabInfo","root":{"__id__":1},"asset":{"__uuid__":"50dI49xsxNhYdQgpBPC8nz"},"fileId":"85WulLsAdD37cFjLAeBoVI"},"_contentSize":{"__type__":"cc.Size","width":40,"height":56},"_position":{"__type__":"cc.Vec3","x":506},"_scaleX":1,"_scaleY":1},{"__type__":"cc.Node","_name":"ebInvitationCode","_parent":{"__id__":30},"_components":[{"__id__":34}],"_prefab":{"__type__":"cc.PrefabInfo","root":{"__id__":1},"asset":{"__uuid__":"50dI49xsxNhYdQgpBPC8nz"},"fileId":"30EfxmbaBIWJ50co4fJjIr"},"_contentSize":{"__type__":"cc.Size","width":380,"height":56},"_anchorPoint":{"__type__":"cc.Vec2","y":0.5},"_position":{"__type__":"cc.Vec3","x":100},"_scaleX":1,"_scaleY":1},{"__type__":"cc.EditBox","node":{"__id__":33},"_useOriginalSize":false,"textChanged":[{"__type__":"cc.ClickEvent","target":{"__id__":1},"component":"register","handler":"editEvent","customEventData":"invitationCode"}],"_N$inputMode":6,"_N$fontSize":24,"_N$fontColor":{"__type__":"cc.Color","r":145,"g":85,"b":56},"_N$placeholder":"请输入推广码","_N$placeholderFontSize":24,"_N$placeholderFontColor":{"__type__":"cc.Color","r":183,"g":159,"b":147},"_N$maxLength":12}]