[{"__type__":"cc.Prefab","_name":"fastRecharge","data":{"__id__":1}},{"__type__":"cc.Node","_name":"fastRecharge","_children":[{"__id__":2},{"__id__":4},{"__id__":6},{"__id__":7},{"__id__":8},{"__id__":9},{"__id__":10},{"__id__":11},{"__id__":12},{"__id__":14},{"__id__":16},{"__id__":18},{"__id__":20},{"__id__":22}],"_components":[{"__type__":"489f5wkxBdB2qwxo8pz4WzO","node":{"__id__":1},"clickAudio":{"__uuid__":"ecfWSodf1HdqrJvyOKGSj4"},"mainNodeWidth":"670","mainNodeHight":"438","titleTxt":"专享闪充","txtNickname":{"__id__":3},"txtSingleRecharge":{"__id__":5},"txtWeiXin":{"__id__":13},"txtQq":{"__id__":15},"txtZhiFuBao":{"__id__":17},"copyAndOpenAppBtn":[{"__id__":18},{"__id__":20},{"__id__":22}]}],"_prefab":{"__type__":"cc.PrefabInfo","root":{"__id__":1},"asset":{"__uuid__":"5aLU3DCLdJ2690wHE2qXua"},"fileId":"aaK0zhdUNG6YSBX/yHahE5"},"_contentSize":{"__type__":"cc.Size","width":670,"height":438},"_position":{"__type__":"cc.Vec3","y":24},"_scaleX":1,"_scaleY":1},{"__type__":"cc.Node","_name":"nickname","_parent":{"__id__":1},"_components":[{"__id__":3}],"_prefab":{"__type__":"cc.PrefabInfo","root":{"__id__":1},"asset":{"__uuid__":"5aLU3DCLdJ2690wHE2qXua"},"fileId":"91rX1J5f5Cap6FBAz8FbHk"},"_color":{"__type__":"cc.Color","r":102,"g":73,"b":61},"_contentSize":{"__type__":"cc.Size","width":112,"height":34},"_anchorPoint":{"__type__":"cc.Vec2","y":0.5},"_position":{"__type__":"cc.Vec3","x":-275,"y":104},"_scaleX":1,"_scaleY":1},{"__type__":"cc.Label","node":{"__id__":2},"_useOriginalSize":false,"_string":"商户昵称","_N$string":"商户昵称","_fontSize":28,"_lineHeight":34,"_N$file":{"__uuid__":"f282P+0sVPqqrZwiub4W4d"},"_isSystemFontUsed":false,"_N$horizontalAlign":1,"_N$verticalAlign":1},{"__type__":"cc.Node","_name":"singleRecharge","_parent":{"__id__":1},"_components":[{"__id__":5}],"_prefab":{"__type__":"cc.PrefabInfo","root":{"__id__":1},"asset":{"__uuid__":"5aLU3DCLdJ2690wHE2qXua"},"fileId":"f73HVazW1FIYgg4xiaCGT4"},"_color":{"__type__":"cc.Color","r":181,"g":135,"b":110},"_contentSize":{"__type__":"cc.Size","width":266,"height":28},"_anchorPoint":{"__type__":"cc.Vec2","y":0.5},"_position":{"__type__":"cc.Vec3","x":-275,"y":60},"_scaleX":1,"_scaleY":1},{"__type__":"cc.Label","node":{"__id__":4},"_useOriginalSize":false,"_string":"单笔充值最低-元，最高-元","_N$string":"单笔充值最低-元，最高-元","_fontSize":22,"_lineHeight":28,"_N$file":{"__uuid__":"f282P+0sVPqqrZwiub4W4d"},"_isSystemFontUsed":false,"_N$horizontalAlign":1,"_N$verticalAlign":1},{"__type__":"cc.Node","_name":"weiXin","_parent":{"__id__":1},"_components":[{"__type__":"cc.Sprite","node":{"__id__":6},"_spriteFrame":{"__uuid__":"a58v4oPgdIkLL4oa1IOL4+"},"_sizeMode":0}],"_prefab":{"__type__":"cc.PrefabInfo","root":{"__id__":1},"asset":{"__uuid__":"5aLU3DCLdJ2690wHE2qXua"},"fileId":"54dUF/EO1J/Z7s4fM/kIDN"},"_contentSize":{"__type__":"cc.Size","width":36,"height":36},"_position":{"__type__":"cc.Vec3","x":-257,"y":-14},"_scaleX":1,"_scaleY":1},{"__type__":"cc.Node","_name":"qq","_parent":{"__id__":1},"_components":[{"__type__":"cc.Sprite","node":{"__id__":7},"_spriteFrame":{"__uuid__":"d25Q54GjNHXrfpMnnWYOPH"},"_sizeMode":0}],"_prefab":{"__type__":"cc.PrefabInfo","root":{"__id__":1},"asset":{"__uuid__":"5aLU3DCLdJ2690wHE2qXua"},"fileId":"85VsWEXFpNuI4xh/clTOo7"},"_contentSize":{"__type__":"cc.Size","width":36,"height":36},"_position":{"__type__":"cc.Vec3","x":-257,"y":-74},"_scaleX":1,"_scaleY":1},{"__type__":"cc.Node","_name":"zhiFuBao","_parent":{"__id__":1},"_components":[{"__type__":"cc.Sprite","node":{"__id__":8},"_spriteFrame":{"__uuid__":"81LY+eEJNBh6mfh7fezRO6"},"_sizeMode":0}],"_prefab":{"__type__":"cc.PrefabInfo","root":{"__id__":1},"asset":{"__uuid__":"5aLU3DCLdJ2690wHE2qXua"},"fileId":"deoTfr401I4rYM8cp8kvh6"},"_contentSize":{"__type__":"cc.Size","width":36,"height":36},"_position":{"__type__":"cc.Vec3","x":-257,"y":-134},"_scaleX":1,"_scaleY":1},{"__type__":"cc.Node","_name":"微信账号","_parent":{"__id__":1},"_components":[{"__type__":"cc.Label","node":{"__id__":9},"_useOriginalSize":false,"_string":"微信账号：","_N$string":"微信账号：","_fontSize":24,"_lineHeight":30,"_N$file":{"__uuid__":"f282P+0sVPqqrZwiub4W4d"},"_isSystemFontUsed":false,"_N$horizontalAlign":1,"_N$verticalAlign":1}],"_prefab":{"__type__":"cc.PrefabInfo","root":{"__id__":1},"asset":{"__uuid__":"5aLU3DCLdJ2690wHE2qXua"},"fileId":"97IIiVk2NFbJGYA4Csib27"},"_color":{"__type__":"cc.Color","r":89,"g":63,"b":45},"_contentSize":{"__type__":"cc.Size","width":120,"height":30},"_position":{"__type__":"cc.Vec3","x":-168,"y":-14},"_scaleX":1,"_scaleY":1},{"__type__":"cc.Node","_name":"qq账号","_parent":{"__id__":1},"_components":[{"__type__":"cc.Label","node":{"__id__":10},"_useOriginalSize":false,"_string":"qq账号：","_N$string":"qq账号：","_fontSize":24,"_lineHeight":30,"_N$file":{"__uuid__":"f282P+0sVPqqrZwiub4W4d"},"_isSystemFontUsed":false,"_N$horizontalAlign":1,"_N$verticalAlign":1}],"_prefab":{"__type__":"cc.PrefabInfo","root":{"__id__":1},"asset":{"__uuid__":"5aLU3DCLdJ2690wHE2qXua"},"fileId":"f3KSNUWR9LDZr2A/5CXuTz"},"_color":{"__type__":"cc.Color","r":89,"g":63,"b":45},"_contentSize":{"__type__":"cc.Size","width":99,"height":30},"_position":{"__type__":"cc.Vec3","x":-178,"y":-74},"_scaleX":1,"_scaleY":1},{"__type__":"cc.Node","_name":"支付宝账号","_parent":{"__id__":1},"_components":[{"__type__":"cc.Label","node":{"__id__":11},"_useOriginalSize":false,"_string":"支付宝账号：","_N$string":"支付宝账号：","_fontSize":24,"_lineHeight":30,"_N$file":{"__uuid__":"f282P+0sVPqqrZwiub4W4d"},"_isSystemFontUsed":false,"_N$horizontalAlign":1,"_N$verticalAlign":1}],"_prefab":{"__type__":"cc.PrefabInfo","root":{"__id__":1},"asset":{"__uuid__":"5aLU3DCLdJ2690wHE2qXua"},"fileId":"98GkXeBcdClJM6+LLq80DU"},"_color":{"__type__":"cc.Color","r":89,"g":63,"b":45},"_contentSize":{"__type__":"cc.Size","width":144,"height":30},"_position":{"__type__":"cc.Vec3","x":-156,"y":-134},"_scaleX":1,"_scaleY":1},{"__type__":"cc.Node","_name":"weiXinAccount","_parent":{"__id__":1},"_components":[{"__id__":13}],"_prefab":{"__type__":"cc.PrefabInfo","root":{"__id__":1},"asset":{"__uuid__":"5aLU3DCLdJ2690wHE2qXua"},"fileId":"a3Y0gBWm9O6Yi1E5DSP74E"},"_color":{"__type__":"cc.Color","r":201,"g":94,"b":29},"_contentSize":{"__type__":"cc.Size","width":13,"height":28},"_anchorPoint":{"__type__":"cc.Vec2","y":0.5},"_position":{"__type__":"cc.Vec3","x":-84,"y":-14},"_scaleX":1,"_scaleY":1},{"__type__":"cc.Label","node":{"__id__":12},"_useOriginalSize":false,"_string":"-","_N$string":"-","_fontSize":24,"_lineHeight":28,"_N$file":{"__uuid__":"f282P+0sVPqqrZwiub4W4d"},"_isSystemFontUsed":false,"_N$horizontalAlign":1,"_N$verticalAlign":1},{"__type__":"cc.Node","_name":"qqAccount","_parent":{"__id__":1},"_components":[{"__id__":15}],"_prefab":{"__type__":"cc.PrefabInfo","root":{"__id__":1},"asset":{"__uuid__":"5aLU3DCLdJ2690wHE2qXua"},"fileId":"8cXyCFAvZAb7V27Z7VWBAC"},"_color":{"__type__":"cc.Color","r":201,"g":94,"b":29},"_contentSize":{"__type__":"cc.Size","width":13,"height":28},"_anchorPoint":{"__type__":"cc.Vec2","y":0.5},"_position":{"__type__":"cc.Vec3","x":-84,"y":-74},"_scaleX":1,"_scaleY":1},{"__type__":"cc.Label","node":{"__id__":14},"_useOriginalSize":false,"_string":"-","_N$string":"-","_fontSize":24,"_lineHeight":28,"_N$file":{"__uuid__":"f282P+0sVPqqrZwiub4W4d"},"_isSystemFontUsed":false,"_N$horizontalAlign":1,"_N$verticalAlign":1},{"__type__":"cc.Node","_name":"zhiFuBaoAccount","_parent":{"__id__":1},"_components":[{"__id__":17}],"_prefab":{"__type__":"cc.PrefabInfo","root":{"__id__":1},"asset":{"__uuid__":"5aLU3DCLdJ2690wHE2qXua"},"fileId":"e0VHmw8UxAOpZu3Rzf/Qmu"},"_color":{"__type__":"cc.Color","r":201,"g":94,"b":29},"_contentSize":{"__type__":"cc.Size","width":13,"height":28},"_anchorPoint":{"__type__":"cc.Vec2","y":0.5},"_position":{"__type__":"cc.Vec3","x":-84,"y":-134},"_scaleX":1,"_scaleY":1},{"__type__":"cc.Label","node":{"__id__":16},"_useOriginalSize":false,"_string":"-","_N$string":"-","_fontSize":24,"_lineHeight":28,"_N$file":{"__uuid__":"f282P+0sVPqqrZwiub4W4d"},"_isSystemFontUsed":false,"_N$horizontalAlign":1,"_N$verticalAlign":1},{"__type__":"cc.Node","_name":"btCopyAndOpenApp","_parent":{"__id__":1},"_children":[{"__id__":19}],"_components":[{"__type__":"cc.Sprite","node":{"__id__":18},"_spriteFrame":{"__uuid__":"44NhSl3n5NQ4oVLTJRFMVo"},"_type":1,"_sizeMode":0},{"__type__":"cc.Button","node":{"__id__":18},"zoomScale":0.9,"clickEvents":[{"__type__":"cc.ClickEvent","target":{"__id__":1},"component":"fastRecharge","handler":"btnEvent","customEventData":"weiXin"}],"_N$transition":3,"transition":3,"_N$normalColor":{"__type__":"cc.Color","r":255,"g":255,"b":255},"_N$pressedColor":{"__type__":"cc.Color","r":255,"g":255,"b":255},"pressedColor":{"__type__":"cc.Color","r":255,"g":255,"b":255},"_N$disabledColor":{"__type__":"cc.Color","r":255,"g":255,"b":255},"_N$normalSprite":{"__uuid__":"f0BIwQ8D5Ml7nTNQbh1YlS"},"_N$pressedSprite":{"__uuid__":"e97GVMl6JHh5Ml5qEDdSGa"},"pressedSprite":{"__uuid__":"e97GVMl6JHh5Ml5qEDdSGa"},"_N$hoverSprite":{"__uuid__":"e97GVMl6JHh5Ml5qEDdSGa"},"hoverSprite":{"__uuid__":"e97GVMl6JHh5Ml5qEDdSGa"},"_N$disabledSprite":{"__uuid__":"29FYIk+N1GYaeWH/q1NxQO"},"_N$target":{"__id__":18}}],"_prefab":{"__type__":"cc.PrefabInfo","root":{"__id__":1},"asset":{"__uuid__":"5aLU3DCLdJ2690wHE2qXua"},"fileId":"d6u/Q8/JtGQJFjYN6kRMCp"},"_contentSize":{"__type__":"cc.Size","width":118,"height":48},"_position":{"__type__":"cc.Vec3","x":204,"y":-14},"_scaleX":1,"_scaleY":1},{"__type__":"cc.Node","_name":"Label","_parent":{"__id__":18},"_components":[{"__type__":"cc.Label","node":{"__id__":19},"_useOriginalSize":false,"_string":"复制","_N$string":"复制","_fontSize":22,"_lineHeight":28,"_N$file":{"__uuid__":"f282P+0sVPqqrZwiub4W4d"},"_isSystemFontUsed":false,"_N$horizontalAlign":1,"_N$verticalAlign":1},{"__type__":"cc.LabelOutline","node":{"__id__":19},"_color":{"__type__":"cc.Color","r":156,"g":45,"b":8},"_width":2}],"_prefab":{"__type__":"cc.PrefabInfo","root":{"__id__":1},"asset":{"__uuid__":"5aLU3DCLdJ2690wHE2qXua"},"fileId":"f8cSIkVF5FcJUBVGyko5Vf"},"_color":{"__type__":"cc.Color","r":253,"g":255,"b":254},"_contentSize":{"__type__":"cc.Size","width":48,"height":28},"_position":{"__type__":"cc.Vec3","y":3},"_scaleX":1,"_scaleY":1},{"__type__":"cc.Node","_name":"btCopyAndOpenApp","_parent":{"__id__":1},"_children":[{"__id__":21}],"_components":[{"__type__":"cc.Sprite","node":{"__id__":20},"_spriteFrame":{"__uuid__":"44NhSl3n5NQ4oVLTJRFMVo"},"_type":1,"_sizeMode":0},{"__type__":"cc.Button","node":{"__id__":20},"zoomScale":0.9,"clickEvents":[{"__type__":"cc.ClickEvent","target":{"__id__":1},"component":"fastRecharge","handler":"btnEvent","customEventData":"qq"}],"_N$transition":3,"transition":3,"_N$normalColor":{"__type__":"cc.Color","r":255,"g":255,"b":255},"_N$pressedColor":{"__type__":"cc.Color","r":255,"g":255,"b":255},"pressedColor":{"__type__":"cc.Color","r":255,"g":255,"b":255},"_N$disabledColor":{"__type__":"cc.Color","r":255,"g":255,"b":255},"_N$normalSprite":{"__uuid__":"f0BIwQ8D5Ml7nTNQbh1YlS"},"_N$pressedSprite":{"__uuid__":"e97GVMl6JHh5Ml5qEDdSGa"},"pressedSprite":{"__uuid__":"e97GVMl6JHh5Ml5qEDdSGa"},"_N$hoverSprite":{"__uuid__":"e97GVMl6JHh5Ml5qEDdSGa"},"hoverSprite":{"__uuid__":"e97GVMl6JHh5Ml5qEDdSGa"},"_N$disabledSprite":{"__uuid__":"29FYIk+N1GYaeWH/q1NxQO"},"_N$target":{"__id__":20}}],"_prefab":{"__type__":"cc.PrefabInfo","root":{"__id__":1},"asset":{"__uuid__":"5aLU3DCLdJ2690wHE2qXua"},"fileId":"1e7MrlBMtO461OWY5qvMZi"},"_contentSize":{"__type__":"cc.Size","width":118,"height":48},"_position":{"__type__":"cc.Vec3","x":204,"y":-74},"_scaleX":1,"_scaleY":1},{"__type__":"cc.Node","_name":"Label","_parent":{"__id__":20},"_components":[{"__type__":"cc.Label","node":{"__id__":21},"_useOriginalSize":false,"_string":"复制","_N$string":"复制","_fontSize":22,"_lineHeight":28,"_N$file":{"__uuid__":"f282P+0sVPqqrZwiub4W4d"},"_isSystemFontUsed":false,"_N$horizontalAlign":1,"_N$verticalAlign":1},{"__type__":"cc.LabelOutline","node":{"__id__":21},"_color":{"__type__":"cc.Color","r":156,"g":45,"b":8},"_width":2}],"_prefab":{"__type__":"cc.PrefabInfo","root":{"__id__":1},"asset":{"__uuid__":"5aLU3DCLdJ2690wHE2qXua"},"fileId":"b22CrasaVGfYvnbPzpuBm8"},"_color":{"__type__":"cc.Color","r":253,"g":255,"b":254},"_contentSize":{"__type__":"cc.Size","width":48,"height":28},"_position":{"__type__":"cc.Vec3","y":3},"_scaleX":1,"_scaleY":1},{"__type__":"cc.Node","_name":"btCopyAndOpenApp","_parent":{"__id__":1},"_children":[{"__id__":23}],"_components":[{"__type__":"cc.Sprite","node":{"__id__":22},"_spriteFrame":{"__uuid__":"44NhSl3n5NQ4oVLTJRFMVo"},"_type":1,"_sizeMode":0},{"__type__":"cc.Button","node":{"__id__":22},"zoomScale":0.9,"clickEvents":[{"__type__":"cc.ClickEvent","target":{"__id__":1},"component":"fastRecharge","handler":"btnEvent","customEventData":"zhiFuBao"}],"_N$transition":3,"transition":3,"_N$normalColor":{"__type__":"cc.Color","r":255,"g":255,"b":255},"_N$pressedColor":{"__type__":"cc.Color","r":255,"g":255,"b":255},"pressedColor":{"__type__":"cc.Color","r":255,"g":255,"b":255},"_N$disabledColor":{"__type__":"cc.Color","r":255,"g":255,"b":255},"_N$normalSprite":{"__uuid__":"f0BIwQ8D5Ml7nTNQbh1YlS"},"_N$pressedSprite":{"__uuid__":"e97GVMl6JHh5Ml5qEDdSGa"},"pressedSprite":{"__uuid__":"e97GVMl6JHh5Ml5qEDdSGa"},"_N$hoverSprite":{"__uuid__":"e97GVMl6JHh5Ml5qEDdSGa"},"hoverSprite":{"__uuid__":"e97GVMl6JHh5Ml5qEDdSGa"},"_N$disabledSprite":{"__uuid__":"29FYIk+N1GYaeWH/q1NxQO"},"_N$target":{"__id__":22}}],"_prefab":{"__type__":"cc.PrefabInfo","root":{"__id__":1},"asset":{"__uuid__":"5aLU3DCLdJ2690wHE2qXua"},"fileId":"e9s23t1aNN1IELqRzEK5jx"},"_contentSize":{"__type__":"cc.Size","width":118,"height":48},"_position":{"__type__":"cc.Vec3","x":204,"y":-134},"_scaleX":1,"_scaleY":1},{"__type__":"cc.Node","_name":"Label","_parent":{"__id__":22},"_components":[{"__type__":"cc.Label","node":{"__id__":23},"_useOriginalSize":false,"_string":"复制","_N$string":"复制","_fontSize":22,"_lineHeight":28,"_N$file":{"__uuid__":"f282P+0sVPqqrZwiub4W4d"},"_isSystemFontUsed":false,"_N$horizontalAlign":1,"_N$verticalAlign":1},{"__type__":"cc.LabelOutline","node":{"__id__":23},"_color":{"__type__":"cc.Color","r":156,"g":45,"b":8},"_width":2}],"_prefab":{"__type__":"cc.PrefabInfo","root":{"__id__":1},"asset":{"__uuid__":"5aLU3DCLdJ2690wHE2qXua"},"fileId":"7alDjJhUxIFKxlBGyKgxHw"},"_color":{"__type__":"cc.Color","r":253,"g":255,"b":254},"_contentSize":{"__type__":"cc.Size","width":48,"height":28},"_position":{"__type__":"cc.Vec3","y":3},"_scaleX":1,"_scaleY":1}]