[{"__type__":"cc.Prefab","_name":"activityAchievementBox","data":{"__id__":1}},{"__type__":"cc.Node","_name":"activityAchievementBox","_children":[{"__id__":2},{"__id__":3},{"__id__":4},{"__id__":5},{"__id__":6}],"_components":[{"__type__":"cc.Button","node":{"__id__":1},"clickEvents":[{"__type__":"cc.ClickEvent"}],"_N$target":{"__id__":1}}],"_prefab":{"__type__":"cc.PrefabInfo","root":{"__id__":1},"asset":{"__uuid__":"05gERaUp1Ls7/BcGqZm9tu"},"fileId":"8duNZ0UcpB9oGizMFF9uST"},"_contentSize":{"__type__":"cc.Size","width":150,"height":138},"_position":{"__type__":"cc.Vec3","x":181,"y":-240},"_scaleX":1,"_scaleY":1},{"__type__":"cc.Node","_name":"unlockNum","_parent":{"__id__":1},"_components":[{"__type__":"cc.Label","node":{"__id__":2},"_useOriginalSize":false,"_string":"解锁1个成就","_N$string":"解锁1个成就","_fontSize":17,"_lineHeight":32,"_N$file":{"__uuid__":"f282P+0sVPqqrZwiub4W4d"},"_isSystemFontUsed":false,"_N$horizontalAlign":1,"_N$verticalAlign":1}],"_prefab":{"__type__":"cc.PrefabInfo","root":{"__id__":1},"asset":{"__uuid__":"05gERaUp1Ls7/BcGqZm9tu"},"fileId":"f97E4PrV1Jc5p4JhL9x6RA"},"_color":{"__type__":"cc.Color","r":188,"g":109,"b":71},"_contentSize":{"__type__":"cc.Size","width":90,"height":32},"_position":{"__type__":"cc.Vec3","x":1.6,"y":55.7},"_scaleX":1,"_scaleY":1},{"__type__":"cc.Node","_name":"bonusMoney","_parent":{"__id__":1},"_components":[{"__type__":"cc.Label","node":{"__id__":3},"_useOriginalSize":false,"_string":"X123","_N$string":"X123","_fontSize":26,"_N$file":{"__uuid__":"f282P+0sVPqqrZwiub4W4d"},"_isSystemFontUsed":false,"_N$horizontalAlign":1,"_N$verticalAlign":1},{"__type__":"cc.LabelOutline","node":{"__id__":3},"_color":{"__type__":"cc.Color","r":255,"g":253,"b":243},"_width":2},{"__type__":"cc.Widget","node":{"__id__":3},"_wasAlignOnce":{},"isAlignOnce":{},"_alignFlags":16,"_horizontalCenter":-2.1}],"_prefab":{"__type__":"cc.PrefabInfo","root":{"__id__":1},"asset":{"__uuid__":"05gERaUp1Ls7/BcGqZm9tu"},"fileId":"846Tz3vG9JB6vblL2vbMtb"},"_color":{"__type__":"cc.Color","r":233,"g":54,"b":10},"_contentSize":{"__type__":"cc.Size","width":56,"height":40},"_position":{"__type__":"cc.Vec3","x":-2.1,"y":-45},"_scaleX":1,"_scaleY":1},{"__type__":"cc.Node","_name":"hasGetBonusTag","_parent":{"__id__":1},"_components":[{"__type__":"cc.Sprite","node":{"__id__":4},"_spriteFrame":{"__uuid__":"64SZMKL6BB1p6kGBfiOAs+"}}],"_prefab":{"__type__":"cc.PrefabInfo","root":{"__id__":1},"asset":{"__uuid__":"05gERaUp1Ls7/BcGqZm9tu"},"fileId":"44fhQMX8RIzIuX7rNf4YeV"},"_contentSize":{"__type__":"cc.Size","width":64,"height":55},"_position":{"__type__":"cc.Vec3","x":-6.4,"y":4.4},"_scaleX":1,"_scaleY":1},{"__type__":"cc.Node","_name":"getBonusTip","_parent":{"__id__":1},"_components":[{"__type__":"cc.Sprite","node":{"__id__":5},"_spriteFrame":{"__uuid__":"8213FDAPRB/69o8JlJuOdj"}}],"_prefab":{"__type__":"cc.PrefabInfo","root":{"__id__":1},"asset":{"__uuid__":"05gERaUp1Ls7/BcGqZm9tu"},"fileId":"6bxMTOuMBJXbWSkr27RBoo"},"_contentSize":{"__type__":"cc.Size","width":228,"height":178},"_position":{"__type__":"cc.Vec3","x":-29.1,"y":12.3},"_scaleX":1,"_scaleY":1},{"__type__":"cc.Node","_name":"unlockMask","_parent":{"__id__":1},"_components":[{"__type__":"cc.Sprite","node":{"__id__":6},"_spriteFrame":{"__uuid__":"b46q7bJWlNrooy8RRkkrJt"},"_sizeMode":0}],"_prefab":{"__type__":"cc.PrefabInfo","root":{"__id__":1},"asset":{"__uuid__":"05gERaUp1Ls7/BcGqZm9tu"},"fileId":"acZnNdPxlHhII/2+asA/a6"},"_contentSize":{"__type__":"cc.Size","width":150,"height":138},"_position":{"__type__":"cc.Vec3","x":0.5,"y":1.7999999999999998},"_scaleX":1,"_scaleY":1}]