[{"__type__":"cc.Prefab","_name":"activity_Toggle","data":{"__id__":1}},{"__type__":"cc.Node","_name":"activity_toggle","_children":[{"__id__":2},{"__id__":3}],"_components":[{"__type__":"cc.Button","node":{"__id__":1},"clickEvents":[{"__type__":"cc.ClickEvent"}],"_N$target":{"__id__":1}}],"_prefab":{"__type__":"cc.PrefabInfo","root":{"__id__":1},"asset":{"__uuid__":"05kDqzhHBMKrO0FlajCm2R"},"fileId":"419GU+WYZIUanfg0Uqa2rc"},"_contentSize":{"__type__":"cc.Size","width":234,"height":93},"_anchorPoint":{"__type__":"cc.Vec2","y":0.5},"_scaleX":1,"_scaleY":1},{"__type__":"cc.Node","_name":"Background","_parent":{"__id__":1},"_components":[{"__type__":"cc.Sprite","node":{"__id__":2},"_spriteFrame":{"__uuid__":"c4NoxDPoBApoTEEula5oa7"}}],"_prefab":{"__type__":"cc.PrefabInfo","root":{"__id__":1},"asset":{"__uuid__":"05kDqzhHBMKrO0FlajCm2R"},"fileId":"3aiu19DQRCZYyNkIWmbJwK"},"_contentSize":{"__type__":"cc.Size","width":234,"height":84},"_anchorPoint":{"__type__":"cc.Vec2","y":0.5},"_scaleX":1,"_scaleY":1},{"__type__":"cc.Node","_name":"txt","_parent":{"__id__":1},"_components":[{"__type__":"cc.Label","node":{"__id__":3},"_useOriginalSize":false,"_string":"公司入款","_N$string":"公司入款","_fontSize":22,"_N$file":{"__uuid__":"f282P+0sVPqqrZwiub4W4d"},"_isSystemFontUsed":false,"_N$horizontalAlign":1,"_N$verticalAlign":1},{"__type__":"cc.LabelOutline","node":{"__id__":3},"_color":{"__type__":"cc.Color","r":157,"g":55,"b":12},"_width":2}],"_prefab":{"__type__":"cc.PrefabInfo","root":{"__id__":1},"asset":{"__uuid__":"05kDqzhHBMKrO0FlajCm2R"},"fileId":"aabp8f5INLbrFpABje3S2F"},"_color":{"__type__":"cc.Color","r":138,"g":69,"b":58},"_contentSize":{"__type__":"cc.Size","width":92,"height":40},"_position":{"__type__":"cc.Vec3","x":120,"y":3},"_scaleX":1,"_scaleY":1}]