[{"__type__":"cc.Prefab","_name":"rechargeWay_toggle","data":{"__id__":1}},{"__type__":"cc.Node","_name":"rechargeWay_toggle","_children":[{"__id__":2},{"__id__":3},{"__id__":5}],"_level":1,"_components":[{"__type__":"cc.Toggle","node":{"__id__":1},"_N$target":{"__id__":1},"_N$isChecked":false,"checkMark":{"__id__":4},"checkEvents":[{"__type__":"cc.ClickEvent"}]}],"_prefab":{"__type__":"cc.PrefabInfo","root":{"__id__":1},"asset":{"__uuid__":"53MC+Vz0ZBiaCXvmjALRb8"},"fileId":"dedrImoztHN49291Nyl95I"},"_color":{"__type__":"cc.Color","r":111,"g":74,"b":73},"_contentSize":{"__type__":"cc.Size","width":153,"height":58},"_position":{"__type__":"cc.Vec3","x":-283}},{"__type__":"cc.Node","_name":"Background","_parent":{"__id__":1},"_components":[{"__type__":"cc.Sprite","node":{"__id__":2},"_spriteFrame":{"__uuid__":"f1/iL5iq5GVZogmcZrv4lp"},"_sizeMode":0}],"_prefab":{"__type__":"cc.PrefabInfo","root":{"__id__":1},"asset":{"__uuid__":"53MC+Vz0ZBiaCXvmjALRb8"},"fileId":"4aXpUMUyFCk660G9Rc8mhm"},"_contentSize":{"__type__":"cc.Size","width":156,"height":58}},{"__type__":"cc.Node","_name":"checkmark","_parent":{"__id__":1},"_active":false,"_components":[{"__id__":4}],"_prefab":{"__type__":"cc.PrefabInfo","root":{"__id__":1},"asset":{"__uuid__":"53MC+Vz0ZBiaCXvmjALRb8"},"fileId":"2eUd/qYQxAXqF7sTfrhhhs"},"_contentSize":{"__type__":"cc.Size","width":156,"height":58}},{"__type__":"cc.Sprite","node":{"__id__":3},"_spriteFrame":{"__uuid__":"7f9vagSSBGqJbNEw64/VR7"},"_sizeMode":0},{"__type__":"cc.Node","_name":"txt","_parent":{"__id__":1},"_components":[{"__type__":"cc.Label","node":{"__id__":5},"_useOriginalSize":false,"_string":"交通银行","_N$string":"交通银行","_fontSize":22,"_N$file":{"__uuid__":"f282P+0sVPqqrZwiub4W4d"},"_isSystemFontUsed":false,"_N$horizontalAlign":1,"_N$verticalAlign":1},{"__type__":"cc.LabelOutline","node":{"__id__":5},"_color":{"__type__":"cc.Color","r":172,"g":91,"b":26},"_width":2}],"_prefab":{"__type__":"cc.PrefabInfo","root":{"__id__":1},"asset":{"__uuid__":"53MC+Vz0ZBiaCXvmjALRb8"},"fileId":"642jP9bLRGS4DD6C6e7Ru/"},"_contentSize":{"__type__":"cc.Size","width":92,"height":40},"_position":{"__type__":"cc.Vec3","y":2}}]