[{"__type__":"cc.Prefab","_name":"login","data":{"__id__":1}},{"__type__":"cc.Node","_name":"login","_children":[{"__id__":2},{"__id__":15},{"__id__":24}],"_components":[{"__type__":"c62f8n52QFBDb5V9EkVchcA","node":{"__id__":1},"clickAudio":{"__uuid__":"ecfWSodf1HdqrJvyOKGSj4"},"mainNodeWidth":"668","mainNodeHight":"479","titleTxt":"登录","layerMsgPf":{"__uuid__":"f3VdTrKC5C87rvRCtQR6qK"},"ebAccount":{"__id__":11},"ebPassword":{"__id__":5},"ebCheckCode":{"__id__":20},"checkCodeParent":{"__id__":15},"forgetPassword":{"__id__":25},"delAccountIcon":{"__id__":12},"delPasswordIcon":{"__id__":8},"delCheckCodeIcon":{"__id__":23},"top":{"__id__":2},"bottom":{"__id__":24},"arrow":{"__id__":21},"spCheckCode":{"__id__":18},"spEye":{"__id__":7},"sfEye":[{"__uuid__":"c6sf2jK65NTabBcAVu4sxQ"},{"__uuid__":"4aXZAlASJE+ZuIJ0G3aTIv"}],"pfDialogCommonLayer":{"__uuid__":"cfwu/zyjBNorwdfAeSFjrw"}}],"_prefab":{"__type__":"cc.PrefabInfo","root":{"__id__":1},"asset":{"__uuid__":"53meXvbz1BpquE7aixzS+M"},"fileId":"63W033GwZH4Jpd01QuWXJZ"},"_contentSize":{"__type__":"cc.Size","width":668,"height":479},"_position":{"__type__":"cc.Vec3","y":24},"_scaleX":1,"_scaleY":1},{"__type__":"cc.Node","_name":"top","_parent":{"__id__":1},"_children":[{"__id__":3},{"__id__":9},{"__id__":13},{"__id__":14}],"_prefab":{"__type__":"cc.PrefabInfo","root":{"__id__":1},"asset":{"__uuid__":"53meXvbz1BpquE7aixzS+M"},"fileId":"990qM4x7JIa5Z2D3ilRfF3"},"_position":{"__type__":"cc.Vec3","y":-38},"_scaleX":1,"_scaleY":1},{"__type__":"cc.Node","_name":"inputBg","_parent":{"__id__":2},"_children":[{"__id__":4},{"__id__":6},{"__id__":8}],"_components":[{"__type__":"cc.Sprite","node":{"__id__":3},"_spriteFrame":{"__uuid__":"b55ADG8OxJz68J7ssQZEl0"},"_type":1,"_sizeMode":0}],"_prefab":{"__type__":"cc.PrefabInfo","root":{"__id__":1},"asset":{"__uuid__":"53meXvbz1BpquE7aixzS+M"},"fileId":"3cHCmBHP5AI6/p+dCUYuRU"},"_contentSize":{"__type__":"cc.Size","width":442,"height":56},"_position":{"__type__":"cc.Vec3","x":44,"y":65},"_scaleX":1,"_scaleY":1},{"__type__":"cc.Node","_name":"ebPassword","_parent":{"__id__":3},"_components":[{"__id__":5}],"_prefab":{"__type__":"cc.PrefabInfo","root":{"__id__":1},"asset":{"__uuid__":"53meXvbz1BpquE7aixzS+M"},"fileId":"59kCOJ2KBKxKSPQSr77QOw"},"_contentSize":{"__type__":"cc.Size","width":350,"height":56},"_anchorPoint":{"__type__":"cc.Vec2","y":0.5},"_position":{"__type__":"cc.Vec3","x":-211,"y":0.5},"_scaleX":1,"_scaleY":1},{"__type__":"cc.EditBox","node":{"__id__":4},"_useOriginalSize":false,"editingDidBegan":[{"__type__":"cc.ClickEvent","target":{"__id__":1},"component":"loginView","handler":"editingDidBegin"}],"textChanged":[{"__type__":"cc.ClickEvent","target":{"__id__":1},"component":"loginView","handler":"editChangeEvent","customEventData":"password"}],"editingDidEnded":[{"__type__":"cc.ClickEvent","target":{"__id__":1},"component":"loginView","handler":"editingDidEnd"}],"_N$inputFlag":0,"_N$inputMode":6,"_N$fontSize":24,"_N$fontColor":{"__type__":"cc.Color","r":145,"g":85,"b":56},"_N$placeholder":"请输入密码","_N$placeholderFontSize":24,"_N$placeholderFontColor":{"__type__":"cc.Color","r":183,"g":159,"b":147},"_N$maxLength":16},{"__type__":"cc.Node","_name":"btShowPassword","_parent":{"__id__":3},"_components":[{"__id__":7},{"__type__":"cc.Button","node":{"__id__":6},"zoomScale":0.9,"clickEvents":[{"__type__":"cc.ClickEvent","target":{"__id__":1},"component":"loginView","handler":"btnEvent","customEventData":"alterPasswordView"}],"_N$transition":3,"transition":3,"_N$normalColor":{"__type__":"cc.Color","r":255,"g":255,"b":255},"_N$pressedColor":{"__type__":"cc.Color","r":255,"g":255,"b":255},"pressedColor":{"__type__":"cc.Color","r":255,"g":255,"b":255},"_N$disabledColor":{"__type__":"cc.Color","r":255,"g":255,"b":255},"_N$normalSprite":{"__uuid__":"f0BIwQ8D5Ml7nTNQbh1YlS"},"_N$pressedSprite":{"__uuid__":"e97GVMl6JHh5Ml5qEDdSGa"},"pressedSprite":{"__uuid__":"e97GVMl6JHh5Ml5qEDdSGa"},"_N$hoverSprite":{"__uuid__":"e97GVMl6JHh5Ml5qEDdSGa"},"hoverSprite":{"__uuid__":"e97GVMl6JHh5Ml5qEDdSGa"},"_N$disabledSprite":{"__uuid__":"29FYIk+N1GYaeWH/q1NxQO"},"_N$target":{"__id__":6}}],"_prefab":{"__type__":"cc.PrefabInfo","root":{"__id__":1},"asset":{"__uuid__":"53meXvbz1BpquE7aixzS+M"},"fileId":"ae+wSWDHNDjZ50UtwdOhi4"},"_contentSize":{"__type__":"cc.Size","width":40,"height":56},"_position":{"__type__":"cc.Vec3","x":195},"_scaleX":1,"_scaleY":1},{"__type__":"cc.Sprite","node":{"__id__":6},"_spriteFrame":{"__uuid__":"4aXZAlASJE+ZuIJ0G3aTIv"},"_sizeMode":2,"_isTrimmedMode":false},{"__type__":"cc.Node","_name":"btDelPassword","_parent":{"__id__":3},"_active":false,"_components":[{"__type__":"cc.Sprite","node":{"__id__":8},"_spriteFrame":{"__uuid__":"edrKkgnVhAKa2gO1N0c8mt"},"_sizeMode":2,"_isTrimmedMode":false},{"__type__":"cc.Button","node":{"__id__":8},"zoomScale":0.9,"clickEvents":[{"__type__":"cc.ClickEvent","target":{"__id__":1},"component":"loginView","handler":"btnEvent","customEventData":"delPassword"}],"_N$transition":3,"transition":3,"_N$normalColor":{"__type__":"cc.Color","r":255,"g":255,"b":255},"_N$pressedColor":{"__type__":"cc.Color","r":255,"g":255,"b":255},"pressedColor":{"__type__":"cc.Color","r":255,"g":255,"b":255},"_N$disabledColor":{"__type__":"cc.Color","r":255,"g":255,"b":255},"_N$normalSprite":{"__uuid__":"f0BIwQ8D5Ml7nTNQbh1YlS"},"_N$pressedSprite":{"__uuid__":"e97GVMl6JHh5Ml5qEDdSGa"},"pressedSprite":{"__uuid__":"e97GVMl6JHh5Ml5qEDdSGa"},"_N$hoverSprite":{"__uuid__":"e97GVMl6JHh5Ml5qEDdSGa"},"hoverSprite":{"__uuid__":"e97GVMl6JHh5Ml5qEDdSGa"},"_N$disabledSprite":{"__uuid__":"29FYIk+N1GYaeWH/q1NxQO"},"_N$target":{"__id__":8}}],"_prefab":{"__type__":"cc.PrefabInfo","root":{"__id__":1},"asset":{"__uuid__":"53meXvbz1BpquE7aixzS+M"},"fileId":"cfkprTRDRGf7dkagLazJiV"},"_contentSize":{"__type__":"cc.Size","width":40,"height":56},"_position":{"__type__":"cc.Vec3","x":155},"_scaleX":1,"_scaleY":1},{"__type__":"cc.Node","_name":"inputBg","_parent":{"__id__":2},"_children":[{"__id__":10},{"__id__":12}],"_components":[{"__type__":"cc.Sprite","node":{"__id__":9},"_spriteFrame":{"__uuid__":"b55ADG8OxJz68J7ssQZEl0"},"_type":1,"_sizeMode":0}],"_prefab":{"__type__":"cc.PrefabInfo","root":{"__id__":1},"asset":{"__uuid__":"53meXvbz1BpquE7aixzS+M"},"fileId":"69wlSaIJRMCaTq1gn/jrxj"},"_contentSize":{"__type__":"cc.Size","width":442,"height":56},"_position":{"__type__":"cc.Vec3","x":44,"y":141},"_scaleX":1,"_scaleY":1},{"__type__":"cc.Node","_name":"ebAccount","_parent":{"__id__":9},"_components":[{"__id__":11}],"_prefab":{"__type__":"cc.PrefabInfo","root":{"__id__":1},"asset":{"__uuid__":"53meXvbz1BpquE7aixzS+M"},"fileId":"aaHwOl6R5Kx6vhvDoggntK"},"_contentSize":{"__type__":"cc.Size","width":390,"height":56},"_anchorPoint":{"__type__":"cc.Vec2","y":0.5},"_position":{"__type__":"cc.Vec3","x":-211},"_scaleX":1,"_scaleY":1},{"__type__":"cc.EditBox","node":{"__id__":10},"_useOriginalSize":false,"editingDidBegan":[{"__type__":"cc.ClickEvent","target":{"__id__":1},"component":"loginView","handler":"editingDidBegin"}],"textChanged":[{"__type__":"cc.ClickEvent","target":{"__id__":1},"component":"loginView","handler":"editChangeEvent","customEventData":"account"}],"editingDidEnded":[{"__type__":"cc.ClickEvent","target":{"__id__":1},"component":"loginView","handler":"editingDidEnd"}],"_N$inputMode":2,"_N$fontSize":24,"_N$fontColor":{"__type__":"cc.Color","r":145,"g":85,"b":56},"_N$placeholder":"请输入手机号","_N$placeholderFontSize":24,"_N$placeholderFontColor":{"__type__":"cc.Color","r":183,"g":159,"b":147},"_N$maxLength":11},{"__type__":"cc.Node","_name":"btDelAccount","_parent":{"__id__":9},"_active":false,"_components":[{"__type__":"cc.Sprite","node":{"__id__":12},"_spriteFrame":{"__uuid__":"edrKkgnVhAKa2gO1N0c8mt"},"_sizeMode":2,"_isTrimmedMode":false},{"__type__":"cc.Button","node":{"__id__":12},"zoomScale":0.9,"clickEvents":[{"__type__":"cc.ClickEvent","target":{"__id__":1},"component":"loginView","handler":"btnEvent","customEventData":"delAccount"}],"_N$transition":3,"transition":3,"_N$normalColor":{"__type__":"cc.Color","r":255,"g":255,"b":255},"_N$pressedColor":{"__type__":"cc.Color","r":255,"g":255,"b":255},"pressedColor":{"__type__":"cc.Color","r":255,"g":255,"b":255},"_N$disabledColor":{"__type__":"cc.Color","r":255,"g":255,"b":255},"_N$normalSprite":{"__uuid__":"f0BIwQ8D5Ml7nTNQbh1YlS"},"_N$pressedSprite":{"__uuid__":"e97GVMl6JHh5Ml5qEDdSGa"},"pressedSprite":{"__uuid__":"e97GVMl6JHh5Ml5qEDdSGa"},"_N$hoverSprite":{"__uuid__":"e97GVMl6JHh5Ml5qEDdSGa"},"hoverSprite":{"__uuid__":"e97GVMl6JHh5Ml5qEDdSGa"},"_N$disabledSprite":{"__uuid__":"29FYIk+N1GYaeWH/q1NxQO"},"_N$target":{"__id__":12}}],"_prefab":{"__type__":"cc.PrefabInfo","root":{"__id__":1},"asset":{"__uuid__":"53meXvbz1BpquE7aixzS+M"},"fileId":"d9Z44jAnxAg5TF2IdfWcAt"},"_contentSize":{"__type__":"cc.Size","width":40,"height":56},"_position":{"__type__":"cc.Vec3","x":195},"_scaleX":1,"_scaleY":1},{"__type__":"cc.Node","_name":"账号","_parent":{"__id__":2},"_components":[{"__type__":"cc.Label","node":{"__id__":13},"_useOriginalSize":false,"_string":"手机号","_N$string":"手机号","_fontSize":24,"_lineHeight":30,"_N$file":{"__uuid__":"f282P+0sVPqqrZwiub4W4d"},"_isSystemFontUsed":false,"_N$verticalAlign":1}],"_prefab":{"__type__":"cc.PrefabInfo","root":{"__id__":1},"asset":{"__uuid__":"53meXvbz1BpquE7aixzS+M"},"fileId":"aeTn7rCORBIqUGulMgmCQ3"},"_color":{"__type__":"cc.Color","r":102,"g":73,"b":61},"_contentSize":{"__type__":"cc.Size","width":72,"height":30},"_anchorPoint":{"__type__":"cc.Vec2","y":0.5},"_position":{"__type__":"cc.Vec3","x":-267,"y":141},"_scaleX":1,"_scaleY":1},{"__type__":"cc.Node","_name":"密码","_parent":{"__id__":2},"_components":[{"__type__":"cc.Label","node":{"__id__":14},"_useOriginalSize":false,"_string":"密码","_N$string":"密码","_fontSize":24,"_lineHeight":30,"_N$file":{"__uuid__":"f282P+0sVPqqrZwiub4W4d"},"_isSystemFontUsed":false,"_N$verticalAlign":1}],"_prefab":{"__type__":"cc.PrefabInfo","root":{"__id__":1},"asset":{"__uuid__":"53meXvbz1BpquE7aixzS+M"},"fileId":"7c/uNbMoxApaYFmaJoy/7N"},"_color":{"__type__":"cc.Color","r":102,"g":73,"b":61},"_contentSize":{"__type__":"cc.Size","width":48,"height":30},"_anchorPoint":{"__type__":"cc.Vec2","y":0.5},"_position":{"__type__":"cc.Vec3","x":-267,"y":65.5},"_scaleX":1,"_scaleY":1},{"__type__":"cc.Node","_name":"checkCode","_parent":{"__id__":1},"_children":[{"__id__":16},{"__id__":17},{"__id__":19},{"__id__":21},{"__id__":22},{"__id__":23}],"_active":false,"_prefab":{"__type__":"cc.PrefabInfo","root":{"__id__":1},"asset":{"__uuid__":"53meXvbz1BpquE7aixzS+M"},"fileId":"edRfkb/UhGopm2b4CRUqzb"},"_position":{"__type__":"cc.Vec3","y":-32},"_scaleX":1,"_scaleY":1},{"__type__":"cc.Node","_name":"inputBg","_parent":{"__id__":15},"_components":[{"__type__":"cc.Sprite","node":{"__id__":16},"_spriteFrame":{"__uuid__":"b55ADG8OxJz68J7ssQZEl0"},"_type":1,"_sizeMode":0}],"_prefab":{"__type__":"cc.PrefabInfo","root":{"__id__":1},"asset":{"__uuid__":"53meXvbz1BpquE7aixzS+M"},"fileId":"9flb8nbQ1I/pU/cwm45Y3Q"},"_contentSize":{"__type__":"cc.Size","width":262,"height":56},"_position":{"__type__":"cc.Vec3","x":-46,"y":21},"_scaleX":1,"_scaleY":1},{"__type__":"cc.Node","_name":"sp","_parent":{"__id__":15},"_components":[{"__id__":18},{"__type__":"cc.Widget","node":{"__id__":17},"_wasAlignOnce":{},"isAlignOnce":{},"_target":{"__id__":1},"_alignFlags":8,"_left":437}],"_prefab":{"__type__":"cc.PrefabInfo","root":{"__id__":1},"asset":{"__uuid__":"53meXvbz1BpquE7aixzS+M"},"fileId":"23aA1lR9FMw6kF7tHm1VRz"},"_contentSize":{"__type__":"cc.Size","width":114,"height":54},"_position":{"__type__":"cc.Vec3","x":160,"y":21},"_scaleX":1,"_scaleY":1},{"__type__":"cc.Sprite","node":{"__id__":17},"_sizeMode":0},{"__type__":"cc.Node","_name":"ebCheckCode","_parent":{"__id__":15},"_components":[{"__id__":20}],"_prefab":{"__type__":"cc.PrefabInfo","root":{"__id__":1},"asset":{"__uuid__":"53meXvbz1BpquE7aixzS+M"},"fileId":"8fwo+DzglCi76KA/Tokl5K"},"_contentSize":{"__type__":"cc.Size","width":190,"height":50},"_anchorPoint":{"__type__":"cc.Vec2","y":0.5},"_position":{"__type__":"cc.Vec3","x":-167,"y":21},"_scaleX":1,"_scaleY":1},{"__type__":"cc.EditBox","node":{"__id__":19},"_useOriginalSize":false,"textChanged":[{"__type__":"cc.ClickEvent","target":{"__id__":1},"component":"loginView","handler":"editChangeEvent","customEventData":"checkCode"}],"_N$inputMode":6,"_N$fontSize":24,"_N$fontColor":{"__type__":"cc.Color","r":145,"g":85,"b":56},"_N$placeholder":"请输入验证码","_N$placeholderFontSize":24,"_N$placeholderFontColor":{"__type__":"cc.Color","r":183,"g":159,"b":147},"_N$maxLength":4},{"__type__":"cc.Node","_name":"btRefreshCheckCode","_parent":{"__id__":15},"_components":[{"__type__":"cc.Sprite","node":{"__id__":21},"_spriteFrame":{"__uuid__":"14XvhrNfZJr4Wmcs4dfPwG"},"_sizeMode":2,"_isTrimmedMode":false},{"__type__":"cc.Button","node":{"__id__":21},"zoomScale":0.9,"clickEvents":[{"__type__":"cc.ClickEvent","target":{"__id__":1},"component":"loginView","handler":"btnEvent","customEventData":"refreshCheckCode"}],"_N$transition":3,"transition":3,"_N$normalColor":{"__type__":"cc.Color","r":255,"g":255,"b":255},"_N$pressedColor":{"__type__":"cc.Color","r":255,"g":255,"b":255},"pressedColor":{"__type__":"cc.Color","r":255,"g":255,"b":255},"_N$disabledColor":{"__type__":"cc.Color","r":255,"g":255,"b":255},"_N$normalSprite":{"__uuid__":"f0BIwQ8D5Ml7nTNQbh1YlS"},"_N$pressedSprite":{"__uuid__":"e97GVMl6JHh5Ml5qEDdSGa"},"pressedSprite":{"__uuid__":"e97GVMl6JHh5Ml5qEDdSGa"},"_N$hoverSprite":{"__uuid__":"e97GVMl6JHh5Ml5qEDdSGa"},"hoverSprite":{"__uuid__":"e97GVMl6JHh5Ml5qEDdSGa"},"_N$disabledSprite":{"__uuid__":"29FYIk+N1GYaeWH/q1NxQO"},"_N$target":{"__id__":21}}],"_prefab":{"__type__":"cc.PrefabInfo","root":{"__id__":1},"asset":{"__uuid__":"53meXvbz1BpquE7aixzS+M"},"fileId":"efIPwo4whHWLxI8+T85fmc"},"_contentSize":{"__type__":"cc.Size","width":56,"height":56},"_position":{"__type__":"cc.Vec3","x":245,"y":21},"_scaleX":1,"_scaleY":1},{"__type__":"cc.Node","_name":"验证码","_parent":{"__id__":15},"_components":[{"__type__":"cc.Label","node":{"__id__":22},"_useOriginalSize":false,"_string":"验证码","_N$string":"验证码","_fontSize":24,"_lineHeight":30,"_N$file":{"__uuid__":"f282P+0sVPqqrZwiub4W4d"},"_isSystemFontUsed":false,"_N$verticalAlign":1}],"_prefab":{"__type__":"cc.PrefabInfo","root":{"__id__":1},"asset":{"__uuid__":"53meXvbz1BpquE7aixzS+M"},"fileId":"5ccD414jRLBIXw9r9P4ATU"},"_color":{"__type__":"cc.Color","r":102,"g":73,"b":61},"_contentSize":{"__type__":"cc.Size","width":72,"height":30},"_anchorPoint":{"__type__":"cc.Vec2","y":0.5},"_position":{"__type__":"cc.Vec3","x":-267,"y":21},"_scaleX":1,"_scaleY":1},{"__type__":"cc.Node","_name":"btDelCheckCode","_parent":{"__id__":15},"_active":false,"_components":[{"__type__":"cc.Sprite","node":{"__id__":23},"_spriteFrame":{"__uuid__":"edrKkgnVhAKa2gO1N0c8mt"},"_sizeMode":2,"_isTrimmedMode":false},{"__type__":"cc.Button","node":{"__id__":23},"zoomScale":0.9,"clickEvents":[{"__type__":"cc.ClickEvent","target":{"__id__":1},"component":"loginView","handler":"btnEvent","customEventData":"delCheckCode"}],"_N$transition":3,"transition":3,"_N$normalColor":{"__type__":"cc.Color","r":255,"g":255,"b":255},"_N$pressedColor":{"__type__":"cc.Color","r":255,"g":255,"b":255},"pressedColor":{"__type__":"cc.Color","r":255,"g":255,"b":255},"_N$disabledColor":{"__type__":"cc.Color","r":255,"g":255,"b":255},"_N$normalSprite":{"__uuid__":"f0BIwQ8D5Ml7nTNQbh1YlS"},"_N$pressedSprite":{"__uuid__":"e97GVMl6JHh5Ml5qEDdSGa"},"pressedSprite":{"__uuid__":"e97GVMl6JHh5Ml5qEDdSGa"},"_N$hoverSprite":{"__uuid__":"e97GVMl6JHh5Ml5qEDdSGa"},"hoverSprite":{"__uuid__":"e97GVMl6JHh5Ml5qEDdSGa"},"_N$disabledSprite":{"__uuid__":"29FYIk+N1GYaeWH/q1NxQO"},"_N$target":{"__id__":23}}],"_prefab":{"__type__":"cc.PrefabInfo","root":{"__id__":1},"asset":{"__uuid__":"53meXvbz1BpquE7aixzS+M"},"fileId":"6ca67CVWRM4oWnyL/xRy2c"},"_contentSize":{"__type__":"cc.Size","width":40,"height":56},"_position":{"__type__":"cc.Vec3","x":59,"y":21},"_scaleX":1,"_scaleY":1},{"__type__":"cc.Node","_name":"bottom","_parent":{"__id__":1},"_children":[{"__id__":25},{"__id__":27},{"__id__":29},{"__id__":30},{"__id__":31},{"__id__":32}],"_prefab":{"__type__":"cc.PrefabInfo","root":{"__id__":1},"asset":{"__uuid__":"53meXvbz1BpquE7aixzS+M"},"fileId":"595LPsh6RE3r19wqTNFMDS"},"_position":{"__type__":"cc.Vec3","y":38},"_scaleX":1,"_scaleY":1},{"__type__":"cc.Node","_name":"btForgetPassword","_parent":{"__id__":24},"_children":[{"__id__":26}],"_components":[{"__type__":"cc.Label","node":{"__id__":25},"_useOriginalSize":false,"_string":"找回密码","_N$string":"找回密码","_fontSize":22,"_lineHeight":45,"_N$file":{"__uuid__":"f282P+0sVPqqrZwiub4W4d"},"_isSystemFontUsed":false,"_N$verticalAlign":1},{"__type__":"cc.Button","node":{"__id__":25},"zoomScale":0.9,"clickEvents":[{"__type__":"cc.ClickEvent","target":{"__id__":1},"component":"loginView","handler":"btnEvent","customEventData":"forgetPassword"}],"_N$normalColor":{"__type__":"cc.Color","r":255,"g":255,"b":255},"_N$pressedColor":{"__type__":"cc.Color","r":255,"g":255,"b":255},"pressedColor":{"__type__":"cc.Color","r":255,"g":255,"b":255},"_N$disabledColor":{"__type__":"cc.Color","r":255,"g":255,"b":255},"_N$normalSprite":{"__uuid__":"f0BIwQ8D5Ml7nTNQbh1YlS"},"_N$pressedSprite":{"__uuid__":"e97GVMl6JHh5Ml5qEDdSGa"},"pressedSprite":{"__uuid__":"e97GVMl6JHh5Ml5qEDdSGa"},"_N$hoverSprite":{"__uuid__":"e97GVMl6JHh5Ml5qEDdSGa"},"hoverSprite":{"__uuid__":"e97GVMl6JHh5Ml5qEDdSGa"},"_N$disabledSprite":{"__uuid__":"29FYIk+N1GYaeWH/q1NxQO"},"_N$target":{"__id__":25}}],"_prefab":{"__type__":"cc.PrefabInfo","root":{"__id__":1},"asset":{"__uuid__":"53meXvbz1BpquE7aixzS+M"},"fileId":"809N9KTupAEKuJ4jjDoiXm"},"_color":{"__type__":"cc.Color","r":212,"g":147,"b":67},"_contentSize":{"__type__":"cc.Size","width":88,"height":45},"_anchorPoint":{"__type__":"cc.Vec2","x":1,"y":0.5},"_position":{"__type__":"cc.Vec3","x":260,"y":-215},"_scaleX":1,"_scaleY":1},{"__type__":"cc.Node","_name":"lock","_parent":{"__id__":25},"_active":false,"_components":[{"__type__":"cc.Sprite","node":{"__id__":26},"_spriteFrame":{"__uuid__":"c2Y0povkRLcoczZBpgpgVR"}}],"_prefab":{"__type__":"cc.PrefabInfo","root":{"__id__":1},"asset":{"__uuid__":"53meXvbz1BpquE7aixzS+M"},"fileId":"01CImjhuJPb7cmcGxFt4mC"},"_contentSize":{"__type__":"cc.Size","width":22,"height":26},"_position":{"__type__":"cc.Vec3","x":108,"y":1},"_scaleX":1,"_scaleY":1},{"__type__":"cc.Node","_name":"btLogin","_parent":{"__id__":24},"_children":[{"__id__":28}],"_components":[{"__type__":"cc.Sprite","node":{"__id__":27},"_spriteFrame":{"__uuid__":"44NhSl3n5NQ4oVLTJRFMVo"},"_type":1,"_sizeMode":0},{"__type__":"cc.Button","node":{"__id__":27},"zoomScale":0.9,"clickEvents":[{"__type__":"cc.ClickEvent","target":{"__id__":1},"component":"loginView","handler":"btnEvent","customEventData":"login"}],"_N$transition":3,"transition":3,"_N$normalColor":{"__type__":"cc.Color","r":255,"g":255,"b":255},"_N$pressedColor":{"__type__":"cc.Color","r":255,"g":255,"b":255},"pressedColor":{"__type__":"cc.Color","r":255,"g":255,"b":255},"_N$disabledColor":{"__type__":"cc.Color","r":255,"g":255,"b":255},"_N$normalSprite":{"__uuid__":"f0BIwQ8D5Ml7nTNQbh1YlS"},"_N$pressedSprite":{"__uuid__":"e97GVMl6JHh5Ml5qEDdSGa"},"pressedSprite":{"__uuid__":"e97GVMl6JHh5Ml5qEDdSGa"},"_N$hoverSprite":{"__uuid__":"e97GVMl6JHh5Ml5qEDdSGa"},"hoverSprite":{"__uuid__":"e97GVMl6JHh5Ml5qEDdSGa"},"_N$disabledSprite":{"__uuid__":"29FYIk+N1GYaeWH/q1NxQO"},"_N$target":{"__id__":27}}],"_prefab":{"__type__":"cc.PrefabInfo","root":{"__id__":1},"asset":{"__uuid__":"53meXvbz1BpquE7aixzS+M"},"fileId":"26aBGCpERPp6kKeBN/f6Jb"},"_contentSize":{"__type__":"cc.Size","width":201,"height":69},"_position":{"__type__":"cc.Vec3","y":-109},"_scaleX":1,"_scaleY":1},{"__type__":"cc.Node","_name":"Label","_parent":{"__id__":27},"_components":[{"__type__":"cc.Label","node":{"__id__":28},"_useOriginalSize":false,"_string":"立即登录","_N$string":"立即登录","_fontSize":29,"_lineHeight":35,"_N$file":{"__uuid__":"f282P+0sVPqqrZwiub4W4d"},"_isSystemFontUsed":false,"_N$horizontalAlign":1,"_N$verticalAlign":1},{"__type__":"cc.LabelOutline","node":{"__id__":28},"_color":{"__type__":"cc.Color","r":156,"g":45,"b":8},"_width":2}],"_prefab":{"__type__":"cc.PrefabInfo","root":{"__id__":1},"asset":{"__uuid__":"53meXvbz1BpquE7aixzS+M"},"fileId":"deku8Pve1KGID/86/YMTUm"},"_color":{"__type__":"cc.Color","r":253,"g":255,"b":254},"_contentSize":{"__type__":"cc.Size","width":120,"height":35},"_position":{"__type__":"cc.Vec3","y":5.5},"_scaleX":1,"_scaleY":1},{"__type__":"cc.Node","_name":"clouds","_parent":{"__id__":24},"_components":[{"__type__":"cc.Sprite","node":{"__id__":29},"_spriteFrame":{"__uuid__":"08Hi0Fl39NZ5XPZu3pPgks"}}],"_prefab":{"__type__":"cc.PrefabInfo","root":{"__id__":1},"asset":{"__uuid__":"53meXvbz1BpquE7aixzS+M"},"fileId":"30f4YQFR9AObEL6384uJ2H"},"_contentSize":{"__type__":"cc.Size","width":48,"height":42},"_position":{"__type__":"cc.Vec3","x":298,"y":-242.5},"_scaleX":1,"_scaleY":1},{"__type__":"cc.Node","_name":"clouds","_parent":{"__id__":24},"_components":[{"__type__":"cc.Sprite","node":{"__id__":30},"_spriteFrame":{"__uuid__":"08Hi0Fl39NZ5XPZu3pPgks"}}],"_prefab":{"__type__":"cc.PrefabInfo","root":{"__id__":1},"asset":{"__uuid__":"53meXvbz1BpquE7aixzS+M"},"fileId":"e557yD2DxJ/qp1xDt17d37"},"_contentSize":{"__type__":"cc.Size","width":48,"height":42},"_position":{"__type__":"cc.Vec3","x":-298,"y":-242.5},"_scaleX":-1,"_scaleY":1},{"__type__":"cc.Node","_name":"line","_parent":{"__id__":24},"_components":[{"__type__":"cc.Sprite","node":{"__id__":31},"_spriteFrame":{"__uuid__":"b64o5Ca+BBu5JQclLmxB5C"}}],"_prefab":{"__type__":"cc.PrefabInfo","root":{"__id__":1},"asset":{"__uuid__":"53meXvbz1BpquE7aixzS+M"},"fileId":"108EfLpoFM752jvjrkzUKy"},"_contentSize":{"__type__":"cc.Size","width":525,"height":12},"_position":{"__type__":"cc.Vec3","y":-177.5},"_scaleX":1,"_scaleY":1},{"__type__":"cc.Node","_name":"btRegister","_parent":{"__id__":24},"_children":[{"__id__":33}],"_components":[{"__type__":"cc.Label","node":{"__id__":32},"_useOriginalSize":false,"_string":"短信验证码登录","_N$string":"短信验证码登录","_fontSize":22,"_lineHeight":45,"_N$file":{"__uuid__":"f282P+0sVPqqrZwiub4W4d"},"_isSystemFontUsed":false,"_N$verticalAlign":1},{"__type__":"cc.Button","node":{"__id__":32},"zoomScale":0.9,"clickEvents":[{"__type__":"cc.ClickEvent","target":{"__id__":1},"component":"loginView","handler":"btnEvent","customEventData":"showPhoneLogin"}],"_N$normalColor":{"__type__":"cc.Color","r":255,"g":255,"b":255},"_N$pressedColor":{"__type__":"cc.Color","r":255,"g":255,"b":255},"pressedColor":{"__type__":"cc.Color","r":255,"g":255,"b":255},"_N$disabledColor":{"__type__":"cc.Color","r":255,"g":255,"b":255},"_N$normalSprite":{"__uuid__":"f0BIwQ8D5Ml7nTNQbh1YlS"},"_N$pressedSprite":{"__uuid__":"e97GVMl6JHh5Ml5qEDdSGa"},"pressedSprite":{"__uuid__":"e97GVMl6JHh5Ml5qEDdSGa"},"_N$hoverSprite":{"__uuid__":"e97GVMl6JHh5Ml5qEDdSGa"},"hoverSprite":{"__uuid__":"e97GVMl6JHh5Ml5qEDdSGa"},"_N$disabledSprite":{"__uuid__":"29FYIk+N1GYaeWH/q1NxQO"},"_N$target":{"__id__":32}}],"_prefab":{"__type__":"cc.PrefabInfo","root":{"__id__":1},"asset":{"__uuid__":"53meXvbz1BpquE7aixzS+M"},"fileId":"a5kAUeJqVAKpcF04xySzHB"},"_color":{"__type__":"cc.Color","r":212,"g":147,"b":67},"_contentSize":{"__type__":"cc.Size","width":154,"height":45},"_anchorPoint":{"__type__":"cc.Vec2","y":0.5},"_position":{"__type__":"cc.Vec3","x":-262,"y":-214.5},"_scaleX":1,"_scaleY":1},{"__type__":"cc.Node","_name":"register","_parent":{"__id__":32},"_active":false,"_components":[{"__type__":"cc.Sprite","node":{"__id__":33},"_spriteFrame":{"__uuid__":"b7SNhvfDJFer12npeIs1NG"}}],"_prefab":{"__type__":"cc.PrefabInfo","root":{"__id__":1},"asset":{"__uuid__":"53meXvbz1BpquE7aixzS+M"},"fileId":"12dBcfAL5AeJN/Pg1XQmLE"},"_contentSize":{"__type__":"cc.Size","width":30,"height":28},"_position":{"__type__":"cc.Vec3","x":115,"y":2},"_scaleX":1,"_scaleY":1}]