{"__type__":"cc.AnimationClip","_name":"joinRoom","_duration":3,"sample":24,"wrapMode":"2","curveData":{"paths":{"jr_3":{"props":{"rotation":[{"frame":0,"value":2},{"frame":1,"value":0},{"frame":1.0416666666666667,"value":0},{"frame":2.5416666666666665,"value":3},{"frame":3,"value":2.083333333333333}]}},"jr_2":{"props":{"rotation":[{"frame":0,"value":-1.2500000000000004},{"frame":0.375,"value":0},{"frame":0.4166666666666667,"value":0},{"frame":1.9166666666666667,"value":-5},{"frame":3,"value":-1.3888888888888888}]}},"jr_1":{"props":{"position":[{"frame":0,"value":[3.3,31.3],"curve":[0.30525210084033605,0.11092436974789932,0.6999999999999998,0.9048319327731091]},{"frame":1.5,"value":[3.3,24.5]},{"frame":3,"value":[3.3,31.3]}]}},"jr_hua4":{"props":{"position":[{"frame":0,"value":[-108.1,-17.4],"motionPath":[],"curve":[0.29920168067226893,0.08928571428571441,0.7165546218487395,0.9107142857142857]},{"frame":1.5,"value":[-104.48,-19.99],"motionPath":[[-107.04,-19.33,-106.11,-19.99,-107.92,-18.7]],"curve":[0.28949579831932765,0.11617647058823544,0.7210084033613444,0.899579831932773]},{"frame":3,"value":[-108.1,-17.4],"motionPath":[]}]}},"jr_hua3":{"props":{"position":[{"frame":0,"value":[112.89111111111112,114.03055555555557]},{"frame":0.5833333333333334,"value":[113.7,116.5]},{"frame":0.625,"value":[113.7,116.5]},{"frame":2.125,"value":[111.62,110.15]},{"frame":3,"value":[112.83333333333334,113.85416666666667]}]}},"jr_1/t-glow":{"props":{"scale":[{"frame":0,"value":{"__type__":"cc.Vec2"}},{"frame":0.4166666666666667,"value":{"__type__":"cc.Vec2","x":1,"y":1}},{"frame":1.25,"value":{"__type__":"cc.Vec2"}}],"rotation":[{"frame":0,"value":0},{"frame":1.25,"value":120}]}}}}}