[{"__type__":"cc.Prefab","_name":"room","data":{"__id__":1},"asyncLoadAssets":true},{"__type__":"cc.Node","_name":"room","_children":[{"__id__":2}],"_level":1,"_components":[{"__type__":"b3c88hd/B5FJ6b0LmciPg1o","node":{"__id__":1},"bg":{"__id__":2},"roomName":{"__id__":4},"bet":{"__id__":9},"admittance":{"__id__":11},"selRoomAtlas":{"__uuid__":"7205i3vZ5EU7F3vonMP2SE"},"clickAudio":{"__uuid__":"ecfWSodf1HdqrJvyOKGSj4"},"selRoomAnim":{"__id__":12},"antesTxt":{"__id__":7}}],"_prefab":{"__type__":"cc.PrefabInfo","root":{"__id__":1},"asset":{"__uuid__":"28zoffyeVDO4pUnZ9iB6K/"},"fileId":"73NKyQWp5CsJoV+/7NAcDE"},"_contentSize":{"__type__":"cc.Size","width":254,"height":373}},{"__type__":"cc.Node","_name":"bg","_parent":{"__id__":1},"_children":[{"__id__":3},{"__id__":5},{"__id__":8},{"__id__":10},{"__id__":12}],"_components":[{"__type__":"cc.Sprite","node":{"__id__":2},"_spriteFrame":{"__uuid__":"40z106gRNAorBP4jcFZ3Od"},"_type":1,"_sizeMode":0},{"__type__":"cc.Button","node":{"__id__":2},"zoomScale":0.98,"clickEvents":[{"__type__":"cc.ClickEvent","target":{"__id__":1},"component":"selectRoom","handler":"btnEvent","customEventData":"selRoom"}],"_N$enableAutoGrayEffect":true,"_N$transition":3,"transition":3,"_N$normalColor":{"__type__":"cc.Color","r":255,"g":255,"b":255},"_N$pressedColor":{"__type__":"cc.Color","r":255,"g":255,"b":255},"pressedColor":{"__type__":"cc.Color","r":255,"g":255,"b":255},"_N$disabledColor":{"__type__":"cc.Color","r":255,"g":255,"b":255},"_N$pressedSprite":{"__uuid__":"e97GVMl6JHh5Ml5qEDdSGa"},"pressedSprite":{"__uuid__":"e97GVMl6JHh5Ml5qEDdSGa"},"_N$hoverSprite":{"__uuid__":"e97GVMl6JHh5Ml5qEDdSGa"},"hoverSprite":{"__uuid__":"e97GVMl6JHh5Ml5qEDdSGa"},"_N$disabledSprite":{"__uuid__":"29FYIk+N1GYaeWH/q1NxQO"},"_N$target":{"__id__":2}}],"_prefab":{"__type__":"cc.PrefabInfo","root":{"__id__":1},"asset":{"__uuid__":"28zoffyeVDO4pUnZ9iB6K/"},"fileId":"fbsZxgBO9BxLAtc/P/UkNb"},"_contentSize":{"__type__":"cc.Size","width":254,"height":373}},{"__type__":"cc.Node","_name":"roomName","_parent":{"__id__":2},"_components":[{"__id__":4}],"_prefab":{"__type__":"cc.PrefabInfo","root":{"__id__":1},"asset":{"__uuid__":"28zoffyeVDO4pUnZ9iB6K/"},"fileId":"6fANu4g3xOPom9yPsIs08N"},"_color":{"__type__":"cc.Color","r":254,"g":254,"b":254},"_contentSize":{"__type__":"cc.Size","width":230,"height":48},"_position":{"__type__":"cc.Vec3","y":84}},{"__type__":"cc.Label","node":{"__id__":3},"_useOriginalSize":false,"_string":"新手房","_N$string":"新手房","_fontSize":48,"_lineHeight":48,"_enableWrapText":false,"_N$file":{"__uuid__":"f282P+0sVPqqrZwiub4W4d"},"_isSystemFontUsed":false,"_N$horizontalAlign":1,"_N$verticalAlign":1,"_N$overflow":1},{"__type__":"cc.Node","_name":"antes","_parent":{"__id__":2},"_children":[{"__id__":6}],"_components":[{"__type__":"cc.Sprite","node":{"__id__":5},"_spriteFrame":{"__uuid__":"692A45U2pFU5kjPMLKlW3y"}}],"_prefab":{"__type__":"cc.PrefabInfo","root":{"__id__":1},"asset":{"__uuid__":"28zoffyeVDO4pUnZ9iB6K/"},"fileId":"03tSw63ytGSYBwGsTiKA9y"},"_contentSize":{"__type__":"cc.Size","width":101,"height":59},"_position":{"__type__":"cc.Vec3","y":-34.2}},{"__type__":"cc.Node","_name":"text","_parent":{"__id__":5},"_components":[{"__id__":7}],"_prefab":{"__type__":"cc.PrefabInfo","root":{"__id__":1},"asset":{"__uuid__":"28zoffyeVDO4pUnZ9iB6K/"},"fileId":"adiEJg+QdNG7gv8fTeV1bH"},"_contentSize":{"__type__":"cc.Size","width":68,"height":40},"_position":{"__type__":"cc.Vec3","y":2.5}},{"__type__":"cc.Label","node":{"__id__":6},"_useOriginalSize":false,"_string":"Label","_N$string":"Label","_fontSize":30,"_N$file":{"__uuid__":"f282P+0sVPqqrZwiub4W4d"},"_isSystemFontUsed":false,"_N$horizontalAlign":1,"_N$verticalAlign":1},{"__type__":"cc.Node","_name":"bet","_parent":{"__id__":2},"_components":[{"__id__":9}],"_prefab":{"__type__":"cc.PrefabInfo","root":{"__id__":1},"asset":{"__uuid__":"28zoffyeVDO4pUnZ9iB6K/"},"fileId":"29lTEsVplMRq6VmZCVOH7w"},"_contentSize":{"__type__":"cc.Size","width":230,"height":44},"_position":{"__type__":"cc.Vec3","y":-85.7}},{"__type__":"cc.Label","node":{"__id__":8},"_useOriginalSize":false,"_string":"100","_N$string":"100","_fontSize":44,"_lineHeight":48,"_N$file":{"__uuid__":"f198KXKj5O34o5MNCsA6tO"},"_isSystemFontUsed":false,"_N$horizontalAlign":1,"_N$verticalAlign":1,"_N$overflow":1},{"__type__":"cc.Node","_name":"admittance","_parent":{"__id__":2},"_components":[{"__id__":11}],"_prefab":{"__type__":"cc.PrefabInfo","root":{"__id__":1},"asset":{"__uuid__":"28zoffyeVDO4pUnZ9iB6K/"},"fileId":"1ezzT9txVIZqQzvXsd4WWm"},"_contentSize":{"__type__":"cc.Size","width":230,"height":40},"_position":{"__type__":"cc.Vec3","y":-147.7}},{"__type__":"cc.Label","node":{"__id__":10},"_useOriginalSize":false,"_string":"准入：10","_N$string":"准入：10","_fontSize":24,"_lineHeight":24,"_N$file":{"__uuid__":"f282P+0sVPqqrZwiub4W4d"},"_isSystemFontUsed":false,"_N$horizontalAlign":1,"_N$verticalAlign":1,"_N$overflow":1},{"__type__":"cc.Node","_name":"ef_zjh_xuanfang","_parent":{"__id__":2},"_children":[{"__id__":13}],"_components":[{"__type__":"cc.Animation","node":{"__id__":12},"_defaultClip":{"__uuid__":"e3LSd1cHNDN7vekqROb7y9"},"_clips":[{"__uuid__":"e3LSd1cHNDN7vekqROb7y9"}]}],"_prefab":{"__type__":"cc.PrefabInfo","root":{"__id__":1},"asset":{"__uuid__":"28zoffyeVDO4pUnZ9iB6K/"},"fileId":"a9xHmt3vJO7rx12p0ftI4N"}},{"__type__":"cc.Node","_name":"zjh_xf_sg_1","_parent":{"__id__":12},"_components":[{"__type__":"cc.Sprite","node":{"__id__":13},"_dstBlendFactor":1,"_spriteFrame":{"__uuid__":"1b3Y/L4hNLAL5tfBNsyuMb"},"_sizeMode":0,"_isTrimmedMode":false}],"_prefab":{"__type__":"cc.PrefabInfo","root":{"__id__":1},"asset":{"__uuid__":"28zoffyeVDO4pUnZ9iB6K/"},"fileId":"7369BFOR1LSqdkYyr9Xmt2"},"_contentSize":{"__type__":"cc.Size","width":263,"height":393},"_position":{"__type__":"cc.Vec3","x":2,"y":10}}]