[{"__type__":"cc.Prefab","_name":"deposit","data":{"__id__":1}},{"__type__":"cc.Node","_name":"deposit","_children":[{"__id__":2},{"__id__":3},{"__id__":4},{"__id__":5},{"__id__":6},{"__id__":7},{"__id__":9},{"__id__":11},{"__id__":13},{"__id__":15},{"__id__":17},{"__id__":19},{"__id__":21},{"__id__":23},{"__id__":25},{"__id__":27}],"_components":[{"__type__":"a8f31OekddGBZ+9zvFz96UV","node":{"__id__":1},"clickAudio":{"__uuid__":"ecfWSodf1HdqrJvyOKGSj4"},"mainNodeWidth":"830","mainNodeHight":"622","titleTxt":"存款","layerMsgPf":{"__uuid__":"f3VdTrKC5C87rvRCtQR6qK"},"eb":{"__id__":8},"txtAccountBalance":{"__id__":10},"txtSaveBalance":{"__id__":12}}],"_prefab":{"__type__":"cc.PrefabInfo","root":{"__id__":1},"asset":{"__uuid__":"0b0W90DF9PxrCR6m8SZwzT"},"fileId":"a1boq7ceJN6om+1MSZi2Pc"},"_contentSize":{"__type__":"cc.Size","width":830,"height":622},"_position":{"__type__":"cc.Vec3","y":24},"_scaleX":1,"_scaleY":1},{"__type__":"cc.Node","_name":"存入数量","_parent":{"__id__":1},"_components":[{"__type__":"cc.Label","node":{"__id__":2},"_useOriginalSize":false,"_string":"存入金额","_N$string":"存入金额","_fontSize":24,"_N$file":{"__uuid__":"f282P+0sVPqqrZwiub4W4d"},"_isSystemFontUsed":false,"_N$verticalAlign":1}],"_prefab":{"__type__":"cc.PrefabInfo","root":{"__id__":1},"asset":{"__uuid__":"0b0W90DF9PxrCR6m8SZwzT"},"fileId":"c6LuGl6iRMtYF5Tb1kOoYW"},"_color":{"__type__":"cc.Color","r":102,"g":73,"b":61},"_contentSize":{"__type__":"cc.Size","width":96,"height":40},"_position":{"__type__":"cc.Vec3","x":-293,"y":-64},"_scaleX":1,"_scaleY":1},{"__type__":"cc.Node","_name":"accountBalance","_parent":{"__id__":1},"_components":[{"__type__":"cc.Sprite","node":{"__id__":3},"_spriteFrame":{"__uuid__":"d3hDr+NSlNaopLZkAoRLqm"}}],"_prefab":{"__type__":"cc.PrefabInfo","root":{"__id__":1},"asset":{"__uuid__":"0b0W90DF9PxrCR6m8SZwzT"},"fileId":"35RWg0+rtBiqAK37OiAExi"},"_contentSize":{"__type__":"cc.Size","width":286,"height":129},"_position":{"__type__":"cc.Vec3","x":-199,"y":49.5},"_scaleX":1,"_scaleY":1},{"__type__":"cc.Node","_name":"safeBalance","_parent":{"__id__":1},"_components":[{"__type__":"cc.Sprite","node":{"__id__":4},"_spriteFrame":{"__uuid__":"94BVx8WWVD/JW8ua9Ex/GG"}},{"__type__":"cc.Widget","node":{"__id__":4},"_wasAlignOnce":{},"isAlignOnce":{},"_alignFlags":9,"_left":472,"_right":75,"_top":197,"_originalWidth":286}],"_prefab":{"__type__":"cc.PrefabInfo","root":{"__id__":1},"asset":{"__uuid__":"0b0W90DF9PxrCR6m8SZwzT"},"fileId":"70Sx5JBtND8Jp6oBEYgyUe"},"_contentSize":{"__type__":"cc.Size","width":286,"height":129},"_position":{"__type__":"cc.Vec3","x":200,"y":49.5},"_scaleX":1,"_scaleY":1},{"__type__":"cc.Node","_name":"exchangeArrows1","_parent":{"__id__":1},"_components":[{"__type__":"cc.Sprite","node":{"__id__":5},"_spriteFrame":{"__uuid__":"aeGhb13lVPoIRbqBYNVF+j"}},{"__type__":"cc.Widget","node":{"__id__":5},"_enabled":false,"_wasAlignOnce":{},"isAlignOnce":{},"_alignFlags":12,"_left":377.5,"_bottom":326}],"_prefab":{"__type__":"cc.PrefabInfo","root":{"__id__":1},"asset":{"__uuid__":"0b0W90DF9PxrCR6m8SZwzT"},"fileId":"77+369Ff5ALbDOlUFxM8sd"},"_contentSize":{"__type__":"cc.Size","width":80,"height":79},"_position":{"__type__":"cc.Vec3","x":2.5,"y":54.5},"_scaleX":1,"_scaleY":1},{"__type__":"cc.Node","_name":"inputBg","_parent":{"__id__":1},"_components":[{"__type__":"cc.Sprite","node":{"__id__":6},"_spriteFrame":{"__uuid__":"b55ADG8OxJz68J7ssQZEl0"},"_type":1,"_sizeMode":0}],"_prefab":{"__type__":"cc.PrefabInfo","root":{"__id__":1},"asset":{"__uuid__":"0b0W90DF9PxrCR6m8SZwzT"},"fileId":"66q/vKY7ZANYanS/MxO2zM"},"_contentSize":{"__type__":"cc.Size","width":442,"height":56},"_position":{"__type__":"cc.Vec3","x":-7,"y":-64},"_scaleX":1,"_scaleY":1},{"__type__":"cc.Node","_name":"eb","_parent":{"__id__":1},"_components":[{"__id__":8}],"_prefab":{"__type__":"cc.PrefabInfo","root":{"__id__":1},"asset":{"__uuid__":"0b0W90DF9PxrCR6m8SZwzT"},"fileId":"e8Qor5+KtCw5Ujyj3sh7Nk"},"_contentSize":{"__type__":"cc.Size","width":422,"height":56},"_position":{"__type__":"cc.Vec3","x":-7,"y":-64},"_scaleX":1,"_scaleY":1},{"__type__":"cc.EditBox","node":{"__id__":7},"_useOriginalSize":false,"_N$inputMode":2,"_N$fontSize":24,"_N$fontColor":{"__type__":"cc.Color","r":145,"g":85,"b":56},"_N$placeholder":"请输入存入金额","_N$placeholderFontSize":24,"_N$placeholderFontColor":{"__type__":"cc.Color","r":183,"g":159,"b":147}},{"__type__":"cc.Node","_name":"accountBalance","_parent":{"__id__":1},"_components":[{"__id__":10},{"__type__":"cc.Widget","node":{"__id__":9},"_wasAlignOnce":{},"isAlignOnce":{},"_alignFlags":13,"_left":146,"_top":265,"_bottom":329,"_originalHeight":24}],"_prefab":{"__type__":"cc.PrefabInfo","root":{"__id__":1},"asset":{"__uuid__":"0b0W90DF9PxrCR6m8SZwzT"},"fileId":"a32xymQL5JH6WLrnlaWtz1"},"_color":{"__type__":"cc.Color","r":255,"g":250,"b":235},"_contentSize":{"__type__":"cc.Size","width":14,"height":24},"_anchorPoint":{"__type__":"cc.Vec2","y":0.5},"_position":{"__type__":"cc.Vec3","x":-269,"y":32},"_scaleX":1,"_scaleY":1},{"__type__":"cc.Label","node":{"__id__":9},"_useOriginalSize":false,"_string":"0","_N$string":"0","_fontSize":24,"_lineHeight":24,"_N$file":{"__uuid__":"f282P+0sVPqqrZwiub4W4d"},"_isSystemFontUsed":false,"_N$verticalAlign":1},{"__type__":"cc.Node","_name":"saveBalance","_parent":{"__id__":1},"_components":[{"__id__":12},{"__type__":"cc.Widget","node":{"__id__":11},"_wasAlignOnce":{},"isAlignOnce":{},"_alignFlags":8,"_left":546}],"_prefab":{"__type__":"cc.PrefabInfo","root":{"__id__":1},"asset":{"__uuid__":"0b0W90DF9PxrCR6m8SZwzT"},"fileId":"51yfDmIgFEYb/W2GbqGwe+"},"_contentSize":{"__type__":"cc.Size","width":14,"height":40},"_anchorPoint":{"__type__":"cc.Vec2","y":0.5},"_position":{"__type__":"cc.Vec3","x":131,"y":32},"_scaleX":1,"_scaleY":1},{"__type__":"cc.Label","node":{"__id__":11},"_useOriginalSize":false,"_string":"0","_N$string":"0","_fontSize":24,"_N$file":{"__uuid__":"f282P+0sVPqqrZwiub4W4d"},"_isSystemFontUsed":false,"_N$verticalAlign":1},{"__type__":"cc.Node","_name":"bt10","_parent":{"__id__":1},"_children":[{"__id__":14}],"_components":[{"__type__":"cc.Sprite","node":{"__id__":13},"_spriteFrame":{"__uuid__":"5dlbGglh1B957dGxQV88DS"},"_type":1,"_sizeMode":0},{"__type__":"cc.Button","node":{"__id__":13},"zoomScale":0.9,"clickEvents":[{"__type__":"cc.ClickEvent","target":{"__id__":1},"component":"deposit","handler":"btnDepositNumEvent","customEventData":"10"}],"_N$transition":3,"transition":3,"_N$normalColor":{"__type__":"cc.Color","r":255,"g":255,"b":255},"_N$pressedColor":{"__type__":"cc.Color","r":255,"g":255,"b":255},"pressedColor":{"__type__":"cc.Color","r":255,"g":255,"b":255},"_N$disabledColor":{"__type__":"cc.Color","r":255,"g":255,"b":255},"_N$normalSprite":{"__uuid__":"f0BIwQ8D5Ml7nTNQbh1YlS"},"_N$pressedSprite":{"__uuid__":"e97GVMl6JHh5Ml5qEDdSGa"},"pressedSprite":{"__uuid__":"e97GVMl6JHh5Ml5qEDdSGa"},"_N$hoverSprite":{"__uuid__":"e97GVMl6JHh5Ml5qEDdSGa"},"hoverSprite":{"__uuid__":"e97GVMl6JHh5Ml5qEDdSGa"},"_N$disabledSprite":{"__uuid__":"29FYIk+N1GYaeWH/q1NxQO"},"_N$target":{"__id__":13}},{"__type__":"cc.Widget","node":{"__id__":13},"_wasAlignOnce":{},"isAlignOnce":{},"_alignFlags":12,"_left":185.5,"_bottom":151}],"_prefab":{"__type__":"cc.PrefabInfo","root":{"__id__":1},"asset":{"__uuid__":"0b0W90DF9PxrCR6m8SZwzT"},"fileId":"7djP3WRlZLE5d0EDjr1Bum"},"_contentSize":{"__type__":"cc.Size","width":105,"height":42},"_position":{"__type__":"cc.Vec3","x":-177,"y":-139},"_scaleX":1,"_scaleY":1},{"__type__":"cc.Node","_name":"Label","_parent":{"__id__":13},"_components":[{"__type__":"cc.Label","node":{"__id__":14},"_useOriginalSize":false,"_string":"+10","_N$string":"+10","_fontSize":24,"_enableWrapText":false,"_N$file":{"__uuid__":"f282P+0sVPqqrZwiub4W4d"},"_isSystemFontUsed":false,"_N$horizontalAlign":1,"_N$verticalAlign":1,"_N$overflow":1},{"__type__":"cc.LabelOutline","node":{"__id__":14},"_color":{"__type__":"cc.Color","r":209,"g":132,"b":86},"_width":2}],"_prefab":{"__type__":"cc.PrefabInfo","root":{"__id__":1},"asset":{"__uuid__":"0b0W90DF9PxrCR6m8SZwzT"},"fileId":"d9aANdsohHfrYp8iyWKaEH"},"_color":{"__type__":"cc.Color","r":253,"g":255,"b":254},"_contentSize":{"__type__":"cc.Size","width":100,"height":40},"_position":{"__type__":"cc.Vec3","y":1.7},"_scaleX":1,"_scaleY":1},{"__type__":"cc.Node","_name":"bt100","_parent":{"__id__":1},"_children":[{"__id__":16}],"_components":[{"__type__":"cc.Sprite","node":{"__id__":15},"_spriteFrame":{"__uuid__":"5dlbGglh1B957dGxQV88DS"},"_type":1,"_sizeMode":0},{"__type__":"cc.Button","node":{"__id__":15},"zoomScale":0.9,"clickEvents":[{"__type__":"cc.ClickEvent","target":{"__id__":1},"component":"deposit","handler":"btnDepositNumEvent","customEventData":"100"}],"_N$transition":3,"transition":3,"_N$normalColor":{"__type__":"cc.Color","r":255,"g":255,"b":255},"_N$pressedColor":{"__type__":"cc.Color","r":255,"g":255,"b":255},"pressedColor":{"__type__":"cc.Color","r":255,"g":255,"b":255},"_N$disabledColor":{"__type__":"cc.Color","r":255,"g":255,"b":255},"_N$normalSprite":{"__uuid__":"f0BIwQ8D5Ml7nTNQbh1YlS"},"_N$pressedSprite":{"__uuid__":"e97GVMl6JHh5Ml5qEDdSGa"},"pressedSprite":{"__uuid__":"e97GVMl6JHh5Ml5qEDdSGa"},"_N$hoverSprite":{"__uuid__":"e97GVMl6JHh5Ml5qEDdSGa"},"hoverSprite":{"__uuid__":"e97GVMl6JHh5Ml5qEDdSGa"},"_N$disabledSprite":{"__uuid__":"29FYIk+N1GYaeWH/q1NxQO"},"_N$target":{"__id__":15}}],"_prefab":{"__type__":"cc.PrefabInfo","root":{"__id__":1},"asset":{"__uuid__":"0b0W90DF9PxrCR6m8SZwzT"},"fileId":"0b5obOrmVFmrHj3/WN8LE1"},"_contentSize":{"__type__":"cc.Size","width":105,"height":42},"_position":{"__type__":"cc.Vec3","x":-60,"y":-139},"_scaleX":1,"_scaleY":1},{"__type__":"cc.Node","_name":"Label","_parent":{"__id__":15},"_components":[{"__type__":"cc.Label","node":{"__id__":16},"_useOriginalSize":false,"_string":"+100","_N$string":"+100","_fontSize":24,"_enableWrapText":false,"_N$file":{"__uuid__":"f282P+0sVPqqrZwiub4W4d"},"_isSystemFontUsed":false,"_N$horizontalAlign":1,"_N$verticalAlign":1,"_N$overflow":1},{"__type__":"cc.LabelOutline","node":{"__id__":16},"_color":{"__type__":"cc.Color","r":209,"g":132,"b":86},"_width":2}],"_prefab":{"__type__":"cc.PrefabInfo","root":{"__id__":1},"asset":{"__uuid__":"0b0W90DF9PxrCR6m8SZwzT"},"fileId":"18WVjgi19FZ6yOkbfnxsxU"},"_color":{"__type__":"cc.Color","r":253,"g":255,"b":254},"_contentSize":{"__type__":"cc.Size","width":100,"height":40},"_position":{"__type__":"cc.Vec3","y":1.7},"_scaleX":1,"_scaleY":1},{"__type__":"cc.Node","_name":"bt1000","_parent":{"__id__":1},"_children":[{"__id__":18}],"_components":[{"__type__":"cc.Sprite","node":{"__id__":17},"_spriteFrame":{"__uuid__":"5dlbGglh1B957dGxQV88DS"},"_type":1,"_sizeMode":0},{"__type__":"cc.Button","node":{"__id__":17},"zoomScale":0.9,"clickEvents":[{"__type__":"cc.ClickEvent","target":{"__id__":1},"component":"deposit","handler":"btnDepositNumEvent","customEventData":"1000"}],"_N$transition":3,"transition":3,"_N$normalColor":{"__type__":"cc.Color","r":255,"g":255,"b":255},"_N$pressedColor":{"__type__":"cc.Color","r":255,"g":255,"b":255},"pressedColor":{"__type__":"cc.Color","r":255,"g":255,"b":255},"_N$disabledColor":{"__type__":"cc.Color","r":255,"g":255,"b":255},"_N$normalSprite":{"__uuid__":"f0BIwQ8D5Ml7nTNQbh1YlS"},"_N$pressedSprite":{"__uuid__":"e97GVMl6JHh5Ml5qEDdSGa"},"pressedSprite":{"__uuid__":"e97GVMl6JHh5Ml5qEDdSGa"},"_N$hoverSprite":{"__uuid__":"e97GVMl6JHh5Ml5qEDdSGa"},"hoverSprite":{"__uuid__":"e97GVMl6JHh5Ml5qEDdSGa"},"_N$disabledSprite":{"__uuid__":"29FYIk+N1GYaeWH/q1NxQO"},"_N$target":{"__id__":17}}],"_prefab":{"__type__":"cc.PrefabInfo","root":{"__id__":1},"asset":{"__uuid__":"0b0W90DF9PxrCR6m8SZwzT"},"fileId":"b9SIoHgjdGHahIVIXe7z2U"},"_contentSize":{"__type__":"cc.Size","width":105,"height":42},"_position":{"__type__":"cc.Vec3","x":57,"y":-139},"_scaleX":1,"_scaleY":1},{"__type__":"cc.Node","_name":"Label","_parent":{"__id__":17},"_components":[{"__type__":"cc.Label","node":{"__id__":18},"_useOriginalSize":false,"_string":"+1000","_N$string":"+1000","_fontSize":24,"_enableWrapText":false,"_N$file":{"__uuid__":"f282P+0sVPqqrZwiub4W4d"},"_isSystemFontUsed":false,"_N$horizontalAlign":1,"_N$verticalAlign":1,"_N$overflow":1},{"__type__":"cc.LabelOutline","node":{"__id__":18},"_color":{"__type__":"cc.Color","r":209,"g":132,"b":86},"_width":2}],"_prefab":{"__type__":"cc.PrefabInfo","root":{"__id__":1},"asset":{"__uuid__":"0b0W90DF9PxrCR6m8SZwzT"},"fileId":"23Kt95vsFGL63+1P7XjKMW"},"_color":{"__type__":"cc.Color","r":253,"g":255,"b":254},"_contentSize":{"__type__":"cc.Size","width":100,"height":40},"_position":{"__type__":"cc.Vec3","y":1.7},"_scaleX":1,"_scaleY":1},{"__type__":"cc.Node","_name":"bt10000","_parent":{"__id__":1},"_children":[{"__id__":20}],"_components":[{"__type__":"cc.Sprite","node":{"__id__":19},"_spriteFrame":{"__uuid__":"5dlbGglh1B957dGxQV88DS"},"_type":1,"_sizeMode":0},{"__type__":"cc.Button","node":{"__id__":19},"zoomScale":0.9,"clickEvents":[{"__type__":"cc.ClickEvent","target":{"__id__":1},"component":"deposit","handler":"btnDepositNumEvent","customEventData":"10000"}],"_N$transition":3,"transition":3,"_N$normalColor":{"__type__":"cc.Color","r":255,"g":255,"b":255},"_N$pressedColor":{"__type__":"cc.Color","r":255,"g":255,"b":255},"pressedColor":{"__type__":"cc.Color","r":255,"g":255,"b":255},"_N$disabledColor":{"__type__":"cc.Color","r":255,"g":255,"b":255},"_N$normalSprite":{"__uuid__":"f0BIwQ8D5Ml7nTNQbh1YlS"},"_N$pressedSprite":{"__uuid__":"e97GVMl6JHh5Ml5qEDdSGa"},"pressedSprite":{"__uuid__":"e97GVMl6JHh5Ml5qEDdSGa"},"_N$hoverSprite":{"__uuid__":"e97GVMl6JHh5Ml5qEDdSGa"},"hoverSprite":{"__uuid__":"e97GVMl6JHh5Ml5qEDdSGa"},"_N$disabledSprite":{"__uuid__":"29FYIk+N1GYaeWH/q1NxQO"},"_N$target":{"__id__":19}}],"_prefab":{"__type__":"cc.PrefabInfo","root":{"__id__":1},"asset":{"__uuid__":"0b0W90DF9PxrCR6m8SZwzT"},"fileId":"8ddq5AEttLaaEc5az4G9NP"},"_contentSize":{"__type__":"cc.Size","width":105,"height":42},"_position":{"__type__":"cc.Vec3","x":173,"y":-139},"_scaleX":1,"_scaleY":1},{"__type__":"cc.Node","_name":"Label","_parent":{"__id__":19},"_components":[{"__type__":"cc.Label","node":{"__id__":20},"_useOriginalSize":false,"_string":"+10000","_N$string":"+10000","_fontSize":24,"_enableWrapText":false,"_N$file":{"__uuid__":"f282P+0sVPqqrZwiub4W4d"},"_isSystemFontUsed":false,"_N$horizontalAlign":1,"_N$verticalAlign":1,"_N$overflow":1},{"__type__":"cc.LabelOutline","node":{"__id__":20},"_color":{"__type__":"cc.Color","r":209,"g":132,"b":86},"_width":2}],"_prefab":{"__type__":"cc.PrefabInfo","root":{"__id__":1},"asset":{"__uuid__":"0b0W90DF9PxrCR6m8SZwzT"},"fileId":"carjRjTuRLHpsLRbnwKBpd"},"_color":{"__type__":"cc.Color","r":253,"g":255,"b":254},"_contentSize":{"__type__":"cc.Size","width":100,"height":40},"_position":{"__type__":"cc.Vec3","y":1.7},"_scaleX":1,"_scaleY":1},{"__type__":"cc.Node","_name":"btAll","_parent":{"__id__":1},"_children":[{"__id__":22}],"_components":[{"__type__":"cc.Sprite","node":{"__id__":21},"_spriteFrame":{"__uuid__":"5dlbGglh1B957dGxQV88DS"},"_type":1,"_sizeMode":0},{"__type__":"cc.Button","node":{"__id__":21},"zoomScale":0.9,"clickEvents":[{"__type__":"cc.ClickEvent","target":{"__id__":1},"component":"deposit","handler":"btnDepositNumEvent","customEventData":"all"}],"_N$transition":3,"transition":3,"_N$normalColor":{"__type__":"cc.Color","r":255,"g":255,"b":255},"_N$pressedColor":{"__type__":"cc.Color","r":255,"g":255,"b":255},"pressedColor":{"__type__":"cc.Color","r":255,"g":255,"b":255},"_N$disabledColor":{"__type__":"cc.Color","r":255,"g":255,"b":255},"_N$normalSprite":{"__uuid__":"f0BIwQ8D5Ml7nTNQbh1YlS"},"_N$pressedSprite":{"__uuid__":"e97GVMl6JHh5Ml5qEDdSGa"},"pressedSprite":{"__uuid__":"e97GVMl6JHh5Ml5qEDdSGa"},"_N$hoverSprite":{"__uuid__":"e97GVMl6JHh5Ml5qEDdSGa"},"hoverSprite":{"__uuid__":"e97GVMl6JHh5Ml5qEDdSGa"},"_N$disabledSprite":{"__uuid__":"29FYIk+N1GYaeWH/q1NxQO"},"_N$target":{"__id__":21}},{"__type__":"cc.Widget","node":{"__id__":21},"_wasAlignOnce":{},"isAlignOnce":{},"_alignFlags":36,"_right":72.5,"_bottom":151}],"_prefab":{"__type__":"cc.PrefabInfo","root":{"__id__":1},"asset":{"__uuid__":"0b0W90DF9PxrCR6m8SZwzT"},"fileId":"01ioeNMetIt7M96y8GKuCI"},"_contentSize":{"__type__":"cc.Size","width":105,"height":42},"_position":{"__type__":"cc.Vec3","x":290,"y":-139},"_scaleX":1,"_scaleY":1},{"__type__":"cc.Node","_name":"Label","_parent":{"__id__":21},"_components":[{"__type__":"cc.Label","node":{"__id__":22},"_useOriginalSize":false,"_string":"最大","_N$string":"最大","_fontSize":24,"_enableWrapText":false,"_N$file":{"__uuid__":"f282P+0sVPqqrZwiub4W4d"},"_isSystemFontUsed":false,"_N$horizontalAlign":1,"_N$verticalAlign":1,"_N$overflow":1},{"__type__":"cc.LabelOutline","node":{"__id__":22},"_color":{"__type__":"cc.Color","r":209,"g":132,"b":86},"_width":2}],"_prefab":{"__type__":"cc.PrefabInfo","root":{"__id__":1},"asset":{"__uuid__":"0b0W90DF9PxrCR6m8SZwzT"},"fileId":"16mAtVKjtEO4fM9EkIr/La"},"_color":{"__type__":"cc.Color","r":253,"g":255,"b":254},"_contentSize":{"__type__":"cc.Size","width":100,"height":40},"_position":{"__type__":"cc.Vec3","y":1.7},"_scaleX":1,"_scaleY":1},{"__type__":"cc.Node","_name":"btConfirm","_parent":{"__id__":1},"_children":[{"__id__":24}],"_components":[{"__type__":"cc.Sprite","node":{"__id__":23},"_spriteFrame":{"__uuid__":"44NhSl3n5NQ4oVLTJRFMVo"},"_type":1,"_sizeMode":0},{"__type__":"cc.Button","node":{"__id__":23},"zoomScale":0.9,"clickEvents":[{"__type__":"cc.ClickEvent","target":{"__id__":1},"component":"deposit","handler":"btnEvent","customEventData":"confirm"}],"_N$transition":3,"transition":3,"_N$normalColor":{"__type__":"cc.Color","r":255,"g":255,"b":255},"_N$pressedColor":{"__type__":"cc.Color","r":255,"g":255,"b":255},"pressedColor":{"__type__":"cc.Color","r":255,"g":255,"b":255},"_N$disabledColor":{"__type__":"cc.Color","r":255,"g":255,"b":255},"_N$normalSprite":{"__uuid__":"f0BIwQ8D5Ml7nTNQbh1YlS"},"_N$pressedSprite":{"__uuid__":"e97GVMl6JHh5Ml5qEDdSGa"},"pressedSprite":{"__uuid__":"e97GVMl6JHh5Ml5qEDdSGa"},"_N$hoverSprite":{"__uuid__":"e97GVMl6JHh5Ml5qEDdSGa"},"hoverSprite":{"__uuid__":"e97GVMl6JHh5Ml5qEDdSGa"},"_N$disabledSprite":{"__uuid__":"29FYIk+N1GYaeWH/q1NxQO"},"_N$target":{"__id__":23}}],"_prefab":{"__type__":"cc.PrefabInfo","root":{"__id__":1},"asset":{"__uuid__":"0b0W90DF9PxrCR6m8SZwzT"},"fileId":"9bU240qqdI04S3xUHQCesv"},"_contentSize":{"__type__":"cc.Size","width":201,"height":69},"_position":{"__type__":"cc.Vec3","x":-0.5,"y":-224.5},"_scaleX":1,"_scaleY":1},{"__type__":"cc.Node","_name":"Label","_parent":{"__id__":23},"_components":[{"__type__":"cc.Label","node":{"__id__":24},"_useOriginalSize":false,"_string":"确 定","_N$string":"确 定","_fontSize":30,"_enableWrapText":false,"_N$file":{"__uuid__":"f282P+0sVPqqrZwiub4W4d"},"_isSystemFontUsed":false,"_N$horizontalAlign":1,"_N$verticalAlign":1,"_N$overflow":1},{"__type__":"cc.LabelOutline","node":{"__id__":24},"_color":{"__type__":"cc.Color","r":156,"g":45,"b":8},"_width":2}],"_prefab":{"__type__":"cc.PrefabInfo","root":{"__id__":1},"asset":{"__uuid__":"0b0W90DF9PxrCR6m8SZwzT"},"fileId":"f89hjgPAFMLLrVA210/vJ7"},"_color":{"__type__":"cc.Color","r":253,"g":255,"b":254},"_contentSize":{"__type__":"cc.Size","width":100,"height":40},"_position":{"__type__":"cc.Vec3","y":3},"_scaleX":1,"_scaleY":1},{"__type__":"cc.Node","_name":"btClear","_parent":{"__id__":1},"_children":[{"__id__":26}],"_components":[{"__type__":"cc.Sprite","node":{"__id__":25},"_spriteFrame":{"__uuid__":"a7X+g4ieBAraTYdWj/xBkc"},"_type":1,"_sizeMode":0},{"__type__":"cc.Button","node":{"__id__":25},"zoomScale":0.9,"clickEvents":[{"__type__":"cc.ClickEvent","target":{"__id__":1},"component":"deposit","handler":"btnEvent","customEventData":"clear"}],"_N$transition":3,"transition":3,"_N$normalColor":{"__type__":"cc.Color","r":255,"g":255,"b":255},"_N$pressedColor":{"__type__":"cc.Color","r":255,"g":255,"b":255},"pressedColor":{"__type__":"cc.Color","r":255,"g":255,"b":255},"_N$disabledColor":{"__type__":"cc.Color","r":255,"g":255,"b":255},"_N$normalSprite":{"__uuid__":"f0BIwQ8D5Ml7nTNQbh1YlS"},"_N$pressedSprite":{"__uuid__":"e97GVMl6JHh5Ml5qEDdSGa"},"pressedSprite":{"__uuid__":"e97GVMl6JHh5Ml5qEDdSGa"},"_N$hoverSprite":{"__uuid__":"e97GVMl6JHh5Ml5qEDdSGa"},"hoverSprite":{"__uuid__":"e97GVMl6JHh5Ml5qEDdSGa"},"_N$disabledSprite":{"__uuid__":"29FYIk+N1GYaeWH/q1NxQO"},"_N$target":{"__id__":25}},{"__type__":"cc.Widget","node":{"__id__":25},"_enabled":false,"_wasAlignOnce":{},"isAlignOnce":{},"_alignFlags":4,"_bottom":222}],"_prefab":{"__type__":"cc.PrefabInfo","root":{"__id__":1},"asset":{"__uuid__":"0b0W90DF9PxrCR6m8SZwzT"},"fileId":"eaO3RuZSpC7qSah4fQ19CK"},"_contentSize":{"__type__":"cc.Size","width":115,"height":47},"_position":{"__type__":"cc.Vec3","x":284,"y":-65.5},"_scaleX":1,"_scaleY":1},{"__type__":"cc.Node","_name":"Label","_parent":{"__id__":25},"_components":[{"__type__":"cc.Label","node":{"__id__":26},"_useOriginalSize":false,"_string":"清除","_N$string":"清除","_fontSize":24.1,"_N$file":{"__uuid__":"f282P+0sVPqqrZwiub4W4d"},"_isSystemFontUsed":false,"_N$horizontalAlign":1,"_N$verticalAlign":1},{"__type__":"cc.LabelOutline","node":{"__id__":26},"_color":{"__type__":"cc.Color","r":23,"g":75,"b":164},"_width":2}],"_prefab":{"__type__":"cc.PrefabInfo","root":{"__id__":1},"asset":{"__uuid__":"0b0W90DF9PxrCR6m8SZwzT"},"fileId":"2eBAcqFWRMiZdIvklpSyT1"},"_color":{"__type__":"cc.Color","r":253,"g":255,"b":254},"_contentSize":{"__type__":"cc.Size","width":52,"height":40},"_position":{"__type__":"cc.Vec3","y":3},"_scaleX":1,"_scaleY":1},{"__type__":"cc.Node","_name":"exchangeHintBg","_parent":{"__id__":1},"_children":[{"__id__":28}],"_components":[{"__type__":"cc.Sprite","node":{"__id__":27},"_spriteFrame":{"__uuid__":"41+YC/OuJJYbSmXAquBVJx"},"_type":1,"_sizeMode":0}],"_prefab":{"__type__":"cc.PrefabInfo","root":{"__id__":1},"asset":{"__uuid__":"0b0W90DF9PxrCR6m8SZwzT"},"fileId":"d9gsoKoVpE/ZiOjo2B0lyh"},"_contentSize":{"__type__":"cc.Size","width":756,"height":86},"_position":{"__type__":"cc.Vec3","x":-5,"y":186},"_scaleX":1,"_scaleY":1},{"__type__":"cc.Node","_name":"txt","_parent":{"__id__":27},"_components":[{"__type__":"cc.Label","node":{"__id__":28},"_useOriginalSize":false,"_string":"存入保险柜的金额不会显示在账户余额中，您可随时从保险柜取出到账户余\n额中进行游戏。","_N$string":"存入保险柜的金额不会显示在账户余额中，您可随时从保险柜取出到账户余\n额中进行游戏。","_fontSize":20,"_lineHeight":30,"_N$file":{"__uuid__":"f282P+0sVPqqrZwiub4W4d"},"_isSystemFontUsed":false,"_N$verticalAlign":1},{"__type__":"cc.LabelOutline","node":{"__id__":28},"_color":{"__type__":"cc.Color","r":201,"g":94,"b":29},"_width":0.2}],"_prefab":{"__type__":"cc.PrefabInfo","root":{"__id__":1},"asset":{"__uuid__":"0b0W90DF9PxrCR6m8SZwzT"},"fileId":"93uX2p7cBMDKnVaDhcPr5c"},"_color":{"__type__":"cc.Color","r":201,"g":94,"b":29},"_contentSize":{"__type__":"cc.Size","width":660.4,"height":60},"_scaleX":1,"_scaleY":1}]