{"__type__":"cc.SpriteAtlas","_spriteFrames":{"glow_1":{"__uuid__":"afu545dFVIK5VUi0EOm0tA"},"di1_00000":{"__uuid__":"ddr0hWtCdE+47wiCs56xxP"},"glow_2":{"__uuid__":"ec+HbwQdNA5ZSE5KseTT82"},"ll_2":{"__uuid__":"0fKo51Db1PxIgS6jVf3JVt"},"qi1_00001":{"__uuid__":"cehNiW5U9P4LUNpqg6Xi6i"},"qi1_00004":{"__uuid__":"d7M8Gwkn1I0LhhN3mqTJex"},"qi1_00008":{"__uuid__":"28Uqq/hpJJ1bGZjnV+ohiC"},"ll_zi":{"__uuid__":"0dt1jDI25ElZAx6rItUZz3"},"bz_sg_00001":{"__uuid__":"c2rpWxsn5PqobCmPSHSkIN"},"bz_sg_00008":{"__uuid__":"52YCxIekZAf7aePJAephtS"},"qi1_00007":{"__uuid__":"34DN+E3UxHxIj0Yxe2U+t8"},"bz_sg_00007":{"__uuid__":"5e2zHkoF5HBYCoAxM6OjOX"},"qi1_00006":{"__uuid__":"4bs0ZX9HhBP50S6HcRtOHY"},"qi1_00009":{"__uuid__":"a0lryGUBNChJ2anvbgwDtm"},"bz_sg_00006":{"__uuid__":"e8uZBpKZ5B75G41OYd9skg"},"bz_sg_00009":{"__uuid__":"40NEk4Ap5ERbHyhoxUxC9w"},"qi1_00010":{"__uuid__":"eaBy7DvANHW40V932ZgODe"},"bz_sg_00010":{"__uuid__":"61Qr2TTZxIIJrdHd6YiHpM"},"bz_sg_00005":{"__uuid__":"b31eL71lhEfa/NAyOsN9s+"},"bz_sg_00004":{"__uuid__":"69c7hJWyRPg5iQ6Ns6oaJz"},"bz_1":{"__uuid__":"435Hmgat9K46i5Esx0bZIn"},"bz_sg_00003":{"__uuid__":"3cFrBiK+VH5YBe4D6D2bmX"},"bz_sg_00011":{"__uuid__":"00dqJuK1VM3LHRNXWLEHcf"},"ll_3":{"__uuid__":"ca9Tm7GvhOy45p+fV4tfSq"},"bz_sg_00002":{"__uuid__":"88O6AmNS9Mra7bJM4u7dOt"},"bz_bs2":{"__uuid__":"83XkNJj5BIDpcVpCixjNKm"},"qi1_00002":{"__uuid__":"32uXwGWGlPiLwGDdXkPIKi"},"qi1_00003":{"__uuid__":"58N8rfWIhFsZrlOX5cuvUa"},"qi1_00011":{"__uuid__":"b7Y90ayc5HDog4VXSQP7OB"},"qi1_00005":{"__uuid__":"be3roIvv1GGLgTfMnhWeFh"},"qi1_00000":{"__uuid__":"5bQepMs/BJv46zSVyGKbjh"}}}