[{"__type__":"cc.Prefab","_name":"checkCode","data":{"__id__":1}},{"__type__":"cc.Node","_name":"checkCode","_children":[{"__id__":2},{"__id__":3},{"__id__":5},{"__id__":7},{"__id__":8},{"__id__":9},{"__id__":11}],"_components":[{"__type__":"5caa60GLuhNg6UKs8KXXoI3","node":{"__id__":1},"clickAudio":{"__uuid__":"ecfWSodf1HdqrJvyOKGSj4"},"mainNodeWidth":"688","mainNodeHight":"432","titleTxt":"图像验证","ebCheckCode":{"__id__":6},"spCheckCode":{"__id__":4},"arrow":{"__id__":7},"delCheckCodeIcon":{"__id__":11}}],"_prefab":{"__type__":"cc.PrefabInfo","root":{"__id__":1},"asset":{"__uuid__":"4a8pJ0QFZKSrhfNQuGP+bd"},"fileId":"b9QY9+wD5FyL1bnW8k3xm0"},"_contentSize":{"__type__":"cc.Size","width":668,"height":432},"_position":{"__type__":"cc.Vec3","y":24},"_scaleX":1,"_scaleY":1},{"__type__":"cc.Node","_name":"inputBg","_parent":{"__id__":1},"_components":[{"__type__":"cc.Sprite","node":{"__id__":2},"_spriteFrame":{"__uuid__":"b55ADG8OxJz68J7ssQZEl0"},"_type":1,"_sizeMode":0}],"_prefab":{"__type__":"cc.PrefabInfo","root":{"__id__":1},"asset":{"__uuid__":"4a8pJ0QFZKSrhfNQuGP+bd"},"fileId":"40LEV2dwNES51nyCgBqWJm"},"_contentSize":{"__type__":"cc.Size","width":262,"height":56},"_position":{"__type__":"cc.Vec3","x":-46,"y":26},"_scaleX":1,"_scaleY":1},{"__type__":"cc.Node","_name":"sp","_parent":{"__id__":1},"_components":[{"__id__":4}],"_prefab":{"__type__":"cc.PrefabInfo","root":{"__id__":1},"asset":{"__uuid__":"4a8pJ0QFZKSrhfNQuGP+bd"},"fileId":"1fO5QisdRPiI8z6zAxedGE"},"_contentSize":{"__type__":"cc.Size","width":114,"height":54},"_position":{"__type__":"cc.Vec3","x":160,"y":26},"_scaleX":1,"_scaleY":1},{"__type__":"cc.Sprite","node":{"__id__":3},"_sizeMode":0},{"__type__":"cc.Node","_name":"ebCheckCode","_parent":{"__id__":1},"_components":[{"__id__":6}],"_prefab":{"__type__":"cc.PrefabInfo","root":{"__id__":1},"asset":{"__uuid__":"4a8pJ0QFZKSrhfNQuGP+bd"},"fileId":"83lhupvoVGVoas5WIxrwUu"},"_contentSize":{"__type__":"cc.Size","width":190,"height":50},"_anchorPoint":{"__type__":"cc.Vec2","y":0.5},"_position":{"__type__":"cc.Vec3","x":-167,"y":26},"_scaleX":1,"_scaleY":1},{"__type__":"cc.EditBox","node":{"__id__":5},"_useOriginalSize":false,"textChanged":[{"__type__":"cc.ClickEvent","target":{"__id__":1},"component":"checkCode","handler":"editChangeEvent","customEventData":"checkCode"}],"_N$inputMode":6,"_N$fontSize":24,"_N$fontColor":{"__type__":"cc.Color","r":145,"g":85,"b":56},"_N$placeholder":"请输入验证码","_N$placeholderFontSize":24,"_N$placeholderFontColor":{"__type__":"cc.Color","r":183,"g":159,"b":147},"_N$maxLength":4},{"__type__":"cc.Node","_name":"btRefreshCheckCode","_parent":{"__id__":1},"_components":[{"__type__":"cc.Sprite","node":{"__id__":7},"_spriteFrame":{"__uuid__":"14XvhrNfZJr4Wmcs4dfPwG"},"_sizeMode":2,"_isTrimmedMode":false},{"__type__":"cc.Button","node":{"__id__":7},"zoomScale":0.9,"clickEvents":[{"__type__":"cc.ClickEvent","target":{"__id__":1},"component":"checkCode","handler":"btnEvent","customEventData":"refreshCheckCode"}],"_N$transition":3,"transition":3,"_N$normalColor":{"__type__":"cc.Color","r":255,"g":255,"b":255},"_N$pressedColor":{"__type__":"cc.Color","r":255,"g":255,"b":255},"pressedColor":{"__type__":"cc.Color","r":255,"g":255,"b":255},"_N$disabledColor":{"__type__":"cc.Color","r":255,"g":255,"b":255},"_N$normalSprite":{"__uuid__":"f0BIwQ8D5Ml7nTNQbh1YlS"},"_N$pressedSprite":{"__uuid__":"e97GVMl6JHh5Ml5qEDdSGa"},"pressedSprite":{"__uuid__":"e97GVMl6JHh5Ml5qEDdSGa"},"_N$hoverSprite":{"__uuid__":"e97GVMl6JHh5Ml5qEDdSGa"},"hoverSprite":{"__uuid__":"e97GVMl6JHh5Ml5qEDdSGa"},"_N$disabledSprite":{"__uuid__":"29FYIk+N1GYaeWH/q1NxQO"},"_N$target":{"__id__":7}}],"_prefab":{"__type__":"cc.PrefabInfo","root":{"__id__":1},"asset":{"__uuid__":"4a8pJ0QFZKSrhfNQuGP+bd"},"fileId":"baPD0qgL9MxqldE7esjRzM"},"_contentSize":{"__type__":"cc.Size","width":56,"height":56},"_position":{"__type__":"cc.Vec3","x":245,"y":26},"_scaleX":1,"_scaleY":1},{"__type__":"cc.Node","_name":"验证码","_parent":{"__id__":1},"_components":[{"__type__":"cc.Label","node":{"__id__":8},"_useOriginalSize":false,"_string":"验证码","_N$string":"验证码","_fontSize":24,"_lineHeight":30,"_N$file":{"__uuid__":"f282P+0sVPqqrZwiub4W4d"},"_isSystemFontUsed":false,"_N$verticalAlign":1}],"_prefab":{"__type__":"cc.PrefabInfo","root":{"__id__":1},"asset":{"__uuid__":"4a8pJ0QFZKSrhfNQuGP+bd"},"fileId":"efh6UVQ99MSqzj5nopoL+a"},"_color":{"__type__":"cc.Color","r":102,"g":73,"b":61},"_contentSize":{"__type__":"cc.Size","width":72,"height":30},"_anchorPoint":{"__type__":"cc.Vec2","y":0.5},"_position":{"__type__":"cc.Vec3","x":-267,"y":26},"_scaleX":1,"_scaleY":1},{"__type__":"cc.Node","_name":"btReqSendCheckCode","_parent":{"__id__":1},"_children":[{"__id__":10}],"_components":[{"__type__":"cc.Sprite","node":{"__id__":9},"_spriteFrame":{"__uuid__":"44NhSl3n5NQ4oVLTJRFMVo"},"_type":1,"_sizeMode":0},{"__type__":"cc.Button","node":{"__id__":9},"zoomScale":0.9,"clickEvents":[{"__type__":"cc.ClickEvent","target":{"__id__":1},"component":"checkCode","handler":"btnEvent","customEventData":"reqSendSMSCheckCode"}],"_N$transition":3,"transition":3,"_N$normalColor":{"__type__":"cc.Color","r":255,"g":255,"b":255},"_N$pressedColor":{"__type__":"cc.Color","r":255,"g":255,"b":255},"pressedColor":{"__type__":"cc.Color","r":255,"g":255,"b":255},"_N$disabledColor":{"__type__":"cc.Color","r":255,"g":255,"b":255},"_N$normalSprite":{"__uuid__":"f0BIwQ8D5Ml7nTNQbh1YlS"},"_N$pressedSprite":{"__uuid__":"e97GVMl6JHh5Ml5qEDdSGa"},"pressedSprite":{"__uuid__":"e97GVMl6JHh5Ml5qEDdSGa"},"_N$hoverSprite":{"__uuid__":"e97GVMl6JHh5Ml5qEDdSGa"},"hoverSprite":{"__uuid__":"e97GVMl6JHh5Ml5qEDdSGa"},"_N$disabledSprite":{"__uuid__":"29FYIk+N1GYaeWH/q1NxQO"},"_N$target":{"__id__":9}}],"_prefab":{"__type__":"cc.PrefabInfo","root":{"__id__":1},"asset":{"__uuid__":"4a8pJ0QFZKSrhfNQuGP+bd"},"fileId":"97CH1Wi81K47t6GTv1XEqb"},"_contentSize":{"__type__":"cc.Size","width":201,"height":69},"_position":{"__type__":"cc.Vec3","y":-135.5},"_scaleX":1,"_scaleY":1},{"__type__":"cc.Node","_name":"Label","_parent":{"__id__":9},"_components":[{"__type__":"cc.Label","node":{"__id__":10},"_useOriginalSize":false,"_string":"确定","_N$string":"确定","_fontSize":30,"_lineHeight":35,"_N$file":{"__uuid__":"f282P+0sVPqqrZwiub4W4d"},"_isSystemFontUsed":false,"_N$horizontalAlign":1,"_N$verticalAlign":1},{"__type__":"cc.LabelOutline","node":{"__id__":10},"_color":{"__type__":"cc.Color","r":156,"g":45,"b":8},"_width":2}],"_prefab":{"__type__":"cc.PrefabInfo","root":{"__id__":1},"asset":{"__uuid__":"4a8pJ0QFZKSrhfNQuGP+bd"},"fileId":"54ut1bFj5LpqPCyU2Zm6Ve"},"_color":{"__type__":"cc.Color","r":253,"g":255,"b":254},"_contentSize":{"__type__":"cc.Size","width":64,"height":35},"_position":{"__type__":"cc.Vec3","y":5.5},"_scaleX":1,"_scaleY":1},{"__type__":"cc.Node","_name":"btDelCheckCode","_parent":{"__id__":1},"_active":false,"_components":[{"__type__":"cc.Sprite","node":{"__id__":11},"_spriteFrame":{"__uuid__":"edrKkgnVhAKa2gO1N0c8mt"},"_sizeMode":2,"_isTrimmedMode":false},{"__type__":"cc.Button","node":{"__id__":11},"zoomScale":0.9,"clickEvents":[{"__type__":"cc.ClickEvent","target":{"__id__":1},"component":"checkCode","handler":"btnEvent","customEventData":"delCheckCode"}],"_N$transition":3,"transition":3,"_N$normalColor":{"__type__":"cc.Color","r":255,"g":255,"b":255},"_N$pressedColor":{"__type__":"cc.Color","r":255,"g":255,"b":255},"pressedColor":{"__type__":"cc.Color","r":255,"g":255,"b":255},"_N$disabledColor":{"__type__":"cc.Color","r":255,"g":255,"b":255},"_N$normalSprite":{"__uuid__":"f0BIwQ8D5Ml7nTNQbh1YlS"},"_N$pressedSprite":{"__uuid__":"e97GVMl6JHh5Ml5qEDdSGa"},"pressedSprite":{"__uuid__":"e97GVMl6JHh5Ml5qEDdSGa"},"_N$hoverSprite":{"__uuid__":"e97GVMl6JHh5Ml5qEDdSGa"},"hoverSprite":{"__uuid__":"e97GVMl6JHh5Ml5qEDdSGa"},"_N$disabledSprite":{"__uuid__":"29FYIk+N1GYaeWH/q1NxQO"},"_N$target":{"__id__":11}}],"_prefab":{"__type__":"cc.PrefabInfo","root":{"__id__":1},"asset":{"__uuid__":"4a8pJ0QFZKSrhfNQuGP+bd"},"fileId":"b9ezmiRIVJso+mpNW47vNq"},"_contentSize":{"__type__":"cc.Size","width":40,"height":56},"_position":{"__type__":"cc.Vec3","x":59,"y":26.3},"_scaleX":1,"_scaleY":1}]