{"__type__":"sp.SkeletonData","_name":"kansanzhang","skeletonJsonStr":"{\"skeleton\":{\"hash\":\"dg8W57dZbKAgSDOTU3MtxkjNfjQ\",\"spine\":\"3.6.53\",\"width\":260,\"height\":221.57,\"images\":\"./images/\"},\"bones\":[{\"name\":\"root\"},{\"name\":\"bone\",\"parent\":\"root\"},{\"name\":\"shenti\",\"parent\":\"bone\",\"length\":44.06,\"rotation\":96.07,\"x\":-7.16,\"y\":-67.58},{\"name\":\"tou\",\"parent\":\"shenti\",\"length\":104.58,\"rotation\":-11.57,\"x\":45.41,\"y\":-0.12},{\"name\":\"biyan2\",\"parent\":\"tou\",\"x\":70.23,\"y\":32.88},{\"name\":\"erduo1\",\"parent\":\"tou\",\"length\":26.1,\"rotation\":-125.87,\"x\":94.91,\"y\":-26.98},{\"name\":\"erduo2\",\"parent\":\"tou\",\"length\":20.78,\"rotation\":126.92,\"x\":97.42,\"y\":33.52},{\"name\":\"jiao1\",\"parent\":\"tou\",\"length\":21.06,\"rotation\":39.99,\"x\":97.34,\"y\":37.55},{\"name\":\"jiao2\",\"parent\":\"tou\",\"length\":26.61,\"rotation\":-56.78,\"x\":92.33,\"y\":-36.81},{\"name\":\"shenti3\",\"parent\":\"shenti\",\"length\":28.68,\"rotation\":-82.62,\"x\":32.82,\"y\":-26.63},{\"name\":\"shenti2\",\"parent\":\"shenti3\",\"length\":28.99,\"rotation\":45.22,\"x\":35.86,\"y\":0.73},{\"name\":\"shenti5\",\"parent\":\"shenti\",\"length\":23.77,\"rotation\":108.83,\"x\":34.66,\"y\":30.54},{\"name\":\"toufa\",\"parent\":\"tou\",\"x\":104.49,\"y\":2.72},{\"name\":\"toufa3\",\"parent\":\"toufa\",\"length\":13.85,\"rotation\":24.73,\"x\":15,\"y\":3.86},{\"name\":\"yan2\",\"parent\":\"tou\",\"x\":71.27,\"y\":-12.77},{\"name\":\"zui\",\"parent\":\"tou\",\"x\":-6.95,\"y\":2.17}],\"slots\":[{\"name\":\"bj\",\"bone\":\"root\",\"attachment\":\"bj\"},{\"name\":\"jiao2\",\"bone\":\"jiao2\",\"attachment\":\"jiao2\"},{\"name\":\"jiao1\",\"bone\":\"jiao1\",\"attachment\":\"jiao1\"},{\"name\":\"shenti\",\"bone\":\"shenti5\",\"attachment\":\"shenti\"},{\"name\":\"tou\",\"bone\":\"tou\",\"attachment\":\"tou\"},{\"name\":\"meimao\",\"bone\":\"biyan2\",\"attachment\":\"meimao\"},{\"name\":\"biyan2\",\"bone\":\"biyan2\",\"attachment\":\"biyan2\"},{\"name\":\"biyan1\",\"bone\":\"yan2\",\"attachment\":\"biyan1\"},{\"name\":\"yanjing1\",\"bone\":\"biyan2\",\"attachment\":\"yanjing1\"},{\"name\":\"yan2\",\"bone\":\"yan2\",\"attachment\":\"yan2\"},{\"name\":\"erduo2\",\"bone\":\"erduo2\",\"attachment\":\"erduo2\"},{\"name\":\"erduo1\",\"bone\":\"erduo1\",\"attachment\":\"erduo1\"},{\"name\":\"toufa\",\"bone\":\"toufa3\",\"attachment\":\"toufa\"},{\"name\":\"zi\",\"bone\":\"root\",\"attachment\":\"zi\"},{\"name\":\"zui\",\"bone\":\"zui\",\"attachment\":\"zui\"}],\"skins\":{\"default\":{\"biyan1\":{\"biyan1\":{\"x\":-4.26,\"y\":-0.26,\"scaleX\":0.892,\"scaleY\":0.892,\"rotation\":-83.7,\"width\":25,\"height\":19}},\"biyan2\":{\"biyan2\":{\"x\":-3.34,\"y\":1.36,\"rotation\":-83.7,\"width\":17,\"height\":11}},\"bj\":{\"bj\":{\"width\":260,\"height\":214}},\"erduo1\":{\"erduo1\":{\"type\":\"mesh\",\"uvs\":[0,0,0,0.45895,0.25043,0.66942,0.33206,1,0.75045,1,1,0.73958,1,0.36073,0.66881,0.33267,0.39329,0],\"triangles\":[1,0,8,2,1,8,7,2,8,7,6,5,2,4,3,7,4,2,7,5,4],\"vertices\":[-7.69,-1.08,2.17,-11.97,14.86,-9.56,24.62,-14.99,38.27,-2.64,40.81,10.91,32.67,19.9,21.27,10.78,5.14,10.53],\"hull\":9,\"edges\":[0,2,2,4,4,6,6,8,8,10,10,12,12,14,14,16,0,16],\"width\":44,\"height\":32}},\"erduo2\":{\"erduo2\":{\"type\":\"mesh\",\"uvs\":[0.59615,0,0,0.36956,0,0.63148,0.35762,1,0.56809,1,1,0.38827,1,0],\"triangles\":[0,6,5,4,2,1,4,3,2,4,1,0,5,4,0],\"vertices\":[3.43,-6.95,24.36,-9.03,27.56,-3.62,22.22,9.82,16.43,13.25,-2.95,7.65,-7.69,-0.37],\"hull\":7,\"edges\":[0,2,2,4,4,6,6,8,8,10,10,12,0,12],\"width\":32,\"height\":24}},\"jiao1\":{\"jiao1\":{\"x\":9.35,\"y\":-1.96,\"rotation\":-123.69,\"width\":32,\"height\":38}},\"jiao2\":{\"jiao2\":{\"x\":14.17,\"y\":1.22,\"rotation\":-26.92,\"width\":44,\"height\":45}},\"meimao\":{\"meimao\":{\"x\":15.59,\"y\":-3.96,\"rotation\":-66.28,\"width\":16,\"height\":16}},\"shenti\":{\"shenti\":{\"type\":\"mesh\",\"uvs\":[0.18186,0.58489,0.36551,0.49564,0.58041,0.46094,0.69011,0.49688,0.75283,0.49309,0.74685,0.40213,0.78867,0.31496,0.83048,0.14063,0.9619,0.17473,1,0.36423,0.99475,0.73564,0.83646,0.72806,0.77672,0.70153,0.71304,0.75399,0.78907,0.75399,0.81187,0.84564,0.76436,1,0.19226,1,0.18466,0.8794,0.16375,0.83358,0.18846,0.77811,0.11813,0.81669,0.04211,0.85287,0,0.75399,0,0.65993,0.10863,0.65993,0.33201,0.75667,0.52445,0.74404,0.88278,0.46618],\"triangles\":[6,7,8,6,8,9,28,6,9,5,6,28,4,5,28,12,4,28,11,12,28,10,28,9,11,28,10,26,20,0,26,18,20,17,18,26,27,3,13,15,16,13,15,13,14,27,13,16,27,1,2,26,0,1,26,1,27,17,26,27,16,17,27,18,19,20,27,2,3,12,13,3,12,3,4,23,24,25,20,25,0,21,23,25,20,21,25,22,23,21],\"vertices\":[1,11,-1.44,-11.03,1,3,11,-31.09,-9.4,0.05594,9,-27.86,24.55,0.00515,2,53.59,4.15,0.93891,2,9,4.71,21.47,0.86125,2,54.72,-28.54,0.13875,3,9,19.93,13.67,0.95718,2,48.94,-44.65,0.0011,10,-2.03,20.42,0.04172,2,9,29.27,12.03,0.49172,10,3.39,12.64,0.50828,2,9,30.76,22.79,0.08861,10,12.07,19.16,0.91139,2,9,39.2,31.53,0.0074,10,24.21,19.33,0.9926,1,10,45.14,25.01,1,1,10,52.26,6.05,1,1,10,36.22,-10.81,1,1,10,-1.63,-33.65,1,2,9,35.47,-18.02,0.30057,10,-13.58,-12.92,0.69943,3,9,27.36,-12.96,0.77708,2,23.49,-55.43,0.00157,10,-15.7,-3.61,0.22134,3,9,16.61,-16.94,0.18,2,18.15,-45.28,0.81118,10,-26.1,1.22,0.00882,1,2,17.1,-56.71,1,1,2,5.92,-59.14,1,1,2,-11.71,-50.31,1,1,2,-3.77,35.71,1,1,2,10.63,35.54,1,1,2,16.35,38.18,1,1,2,22.58,33.86,1,1,11,18.61,10.22,1,1,11,30.85,9.46,1,1,11,31.84,-3.87,1,1,11,27.27,-14.09,1,1,11,12.3,-7.39,1,1,2,23.12,12.04,1,1,2,21.95,-17.03,1,1,10,16.53,-2.28,1],\"hull\":26,\"edges\":[0,2,2,4,4,6,6,8,8,10,10,12,12,14,14,16,16,18,18,20,20,22,22,24,24,26,26,28,28,30,30,32,32,34,34,36,36,38,38,40,40,42,42,44,44,46,46,48,48,50,0,50],\"width\":151,\"height\":119}},\"tou\":{\"tou\":{\"type\":\"mesh\",\"uvs\":[0.42527,0,0.8292,0,0.94395,0.23415,1,0.62754,1,0.89134,0.641,1,0.33805,1,0,0.84969,0,0.48407,0.15904,0.3406,0.29215,0.08605,0.35182,0.28969,0.7374,0.33134,0.19576,0.54423,0.58592,0.55812,0.47576,0.84506],\"triangles\":[11,10,0,12,0,1,12,1,2,11,0,12,9,10,11,13,9,11,8,9,13,14,11,12,13,11,14,12,2,3,14,12,3,15,13,14,7,8,13,6,7,13,14,3,4,5,15,14,15,6,13,4,5,14,6,15,5],\"vertices\":[106.4,27.15,111.81,-21.83,85.18,-38.85,38.62,-50.87,6.89,-54.37,-10.98,-12.28,-15.03,24.45,-1.48,67.44,42.49,72.3,61.88,54.92,94.27,42.15,70.58,32.21,70.73,-15.1,37.88,47.76,41.43,0.26,5.44,9.81],\"hull\":11,\"edges\":[0,2,2,4,4,6,6,8,8,10,10,12,12,14,14,16,16,18,18,20,0,20],\"width\":122,\"height\":121}},\"toufa\":{\"toufa\":{\"type\":\"mesh\",\"uvs\":[0.34581,0,0.28359,0.13867,0.3345,0.23502,0.17045,0.30568,0,0.43416,0,0.78746,0.24965,1,1,1,1,0.53051,0.70784,0.29283,0.55511,0.29283,0.47592,0.19648,0.48157,0.08728,0.62299,0.10012,0.61168,0],\"triangles\":[5,4,3,10,6,3,5,3,6,10,9,8,8,6,10,7,6,8,10,3,2,12,0,14,12,14,13,1,0,12,11,1,12,2,1,11,2,11,10],\"vertices\":[1,13,18.45,0.8,1,2,13,12.01,7.34,0.99908,12,22.83,15.56,9.2E-4,2,13,5.54,5.91,0.95039,12,17.56,11.54,0.04961,1,12,12.21,22.01,1,1,12,3.42,32.53,1,1,12,-17.3,30.24,1,1,12,-27.93,12.24,1,1,12,-22.41,-37.73,1,1,12,5.12,-34.69,1,1,12,16.91,-13.7,1,1,12,15.79,-3.52,1,2,13,4.7,-3.8,0.99908,12,20.86,2.37,9.2E-4,1,13,10.69,-6.2,1,1,13,6.98,-14.95,1,1,13,12.82,-16.1,1],\"hull\":15,\"edges\":[0,2,2,4,4,6,6,8,8,10,10,12,12,14,14,16,16,18,18,20,20,22,22,24,24,26,26,28,0,28],\"width\":67,\"height\":59}},\"yan2\":{\"yan2\":{\"x\":-1,\"y\":-1.91,\"rotation\":-83.7,\"width\":33,\"height\":25}},\"yanjing1\":{\"yanjing1\":{\"x\":0.25,\"y\":0.75,\"rotation\":-83.7,\"width\":31,\"height\":26}},\"zi\":{\"zi\":{\"x\":3.15,\"y\":-61,\"width\":200,\"height\":49}},\"zui\":{\"zui\":{\"x\":11.31,\"y\":-1.23,\"rotation\":-84.89,\"width\":52,\"height\":30}}}},\"animations\":{\"animation\":{\"slots\":{\"biyan2\":{\"attachment\":[{\"time\":1.6667,\"name\":\"biyan2\"}]},\"meimao\":{\"attachment\":[{\"time\":1.6667,\"name\":null},{\"time\":1.8,\"name\":\"meimao\"}]},\"yan2\":{\"attachment\":[{\"time\":1.6667,\"name\":null},{\"time\":1.8,\"name\":\"yan2\"}]},\"yanjing1\":{\"attachment\":[{\"time\":1.6667,\"name\":null},{\"time\":1.8,\"name\":\"yanjing1\"}]}},\"bones\":{\"biyan2\":{\"rotate\":[{\"time\":0,\"angle\":0,\"curve\":\"stepped\"},{\"time\":3.3333,\"angle\":0}],\"translate\":[{\"time\":0,\"x\":0,\"y\":0},{\"time\":0.3333,\"x\":-1.01,\"y\":-0.15},{\"time\":1.6667,\"x\":5.18,\"y\":0.25},{\"time\":2,\"x\":5.5,\"y\":0.23},{\"time\":3.3333,\"x\":0,\"y\":0}],\"scale\":[{\"time\":0,\"x\":1,\"y\":1},{\"time\":1.6667,\"x\":0.972,\"y\":0.972},{\"time\":3.3333,\"x\":1,\"y\":1}],\"shear\":[{\"time\":0,\"x\":0,\"y\":0,\"curve\":\"stepped\"},{\"time\":3.3333,\"x\":0,\"y\":0}]},\"yan2\":{\"rotate\":[{\"time\":0,\"angle\":0,\"curve\":\"stepped\"},{\"time\":1.6667,\"angle\":0,\"curve\":\"stepped\"},{\"time\":3.3333,\"angle\":0}],\"translate\":[{\"time\":0,\"x\":0,\"y\":0},{\"time\":0.3333,\"x\":-1.01,\"y\":-0.15},{\"time\":1.6667,\"x\":5.18,\"y\":0.25},{\"time\":2,\"x\":5.5,\"y\":0.23},{\"time\":3.3333,\"x\":0,\"y\":0}],\"scale\":[{\"time\":0,\"x\":1,\"y\":1},{\"time\":1.6667,\"x\":0.972,\"y\":0.972},{\"time\":3.3333,\"x\":1,\"y\":1}],\"shear\":[{\"time\":0,\"x\":0,\"y\":0,\"curve\":\"stepped\"},{\"time\":1.6667,\"x\":0,\"y\":0,\"curve\":\"stepped\"},{\"time\":3.3333,\"x\":0,\"y\":0}]},\"root\":{\"rotate\":[{\"time\":0,\"angle\":0,\"curve\":\"stepped\"},{\"time\":1.6667,\"angle\":0,\"curve\":\"stepped\"},{\"time\":3.3333,\"angle\":0}],\"translate\":[{\"time\":0,\"x\":0,\"y\":0,\"curve\":\"stepped\"},{\"time\":1.6667,\"x\":0,\"y\":0,\"curve\":\"stepped\"},{\"time\":3.3333,\"x\":0,\"y\":0}],\"scale\":[{\"time\":0,\"x\":1,\"y\":1,\"curve\":\"stepped\"},{\"time\":1.6667,\"x\":1,\"y\":1,\"curve\":\"stepped\"},{\"time\":3.3333,\"x\":1,\"y\":1}],\"shear\":[{\"time\":0,\"x\":0,\"y\":0,\"curve\":\"stepped\"},{\"time\":1.6667,\"x\":0,\"y\":0,\"curve\":\"stepped\"},{\"time\":3.3333,\"x\":0,\"y\":0}]},\"bone\":{\"rotate\":[{\"time\":0,\"angle\":0,\"curve\":\"stepped\"},{\"time\":1.6667,\"angle\":0,\"curve\":\"stepped\"},{\"time\":3.3333,\"angle\":0}],\"translate\":[{\"time\":0,\"x\":0,\"y\":0,\"curve\":\"stepped\"},{\"time\":1.6667,\"x\":0,\"y\":0,\"curve\":\"stepped\"},{\"time\":3.3333,\"x\":0,\"y\":0}],\"scale\":[{\"time\":0,\"x\":1,\"y\":1,\"curve\":\"stepped\"},{\"time\":1.6667,\"x\":1,\"y\":1,\"curve\":\"stepped\"},{\"time\":3.3333,\"x\":1,\"y\":1}],\"shear\":[{\"time\":0,\"x\":0,\"y\":0,\"curve\":\"stepped\"},{\"time\":1.6667,\"x\":0,\"y\":0,\"curve\":\"stepped\"},{\"time\":3.3333,\"x\":0,\"y\":0}]},\"shenti\":{\"rotate\":[{\"time\":0,\"angle\":0,\"curve\":\"stepped\"},{\"time\":0.8333,\"angle\":0,\"curve\":\"stepped\"},{\"time\":1.6667,\"angle\":0,\"curve\":\"stepped\"},{\"time\":2.5,\"angle\":0,\"curve\":\"stepped\"},{\"time\":3.3333,\"angle\":0}],\"translate\":[{\"time\":0,\"x\":0,\"y\":0},{\"time\":0.8333,\"x\":0,\"y\":1.98},{\"time\":1.6667,\"x\":0,\"y\":0},{\"time\":2.5,\"x\":0,\"y\":1.98},{\"time\":3.3333,\"x\":0,\"y\":0}],\"scale\":[{\"time\":0,\"x\":1,\"y\":1,\"curve\":\"stepped\"},{\"time\":0.8333,\"x\":1,\"y\":1,\"curve\":\"stepped\"},{\"time\":1.6667,\"x\":1,\"y\":1,\"curve\":\"stepped\"},{\"time\":2.5,\"x\":1,\"y\":1,\"curve\":\"stepped\"},{\"time\":3.3333,\"x\":1,\"y\":1}],\"shear\":[{\"time\":0,\"x\":0,\"y\":0,\"curve\":\"stepped\"},{\"time\":0.8333,\"x\":0,\"y\":0,\"curve\":\"stepped\"},{\"time\":1.6667,\"x\":0,\"y\":0,\"curve\":\"stepped\"},{\"time\":2.5,\"x\":0,\"y\":0,\"curve\":\"stepped\"},{\"time\":3.3333,\"x\":0,\"y\":0}]},\"tou\":{\"rotate\":[{\"time\":0,\"angle\":0.5},{\"time\":0.3333,\"angle\":-0.16},{\"time\":1.6667,\"angle\":4.54},{\"time\":2,\"angle\":5.07},{\"time\":3.3333,\"angle\":0.5}]},\"toufa\":{\"rotate\":[{\"time\":0,\"angle\":0,\"curve\":\"stepped\"},{\"time\":0.3333,\"angle\":0,\"curve\":\"stepped\"},{\"time\":1.6667,\"angle\":0,\"curve\":\"stepped\"},{\"time\":3.3333,\"angle\":0}],\"translate\":[{\"time\":0,\"x\":0.29,\"y\":0},{\"time\":0.3333,\"x\":0,\"y\":0},{\"time\":1.6667,\"x\":3.03,\"y\":0.05,\"curve\":\"stepped\"},{\"time\":2,\"x\":3.03,\"y\":0.05},{\"time\":3.3333,\"x\":0.29,\"y\":0}],\"scale\":[{\"time\":0,\"x\":0.987,\"y\":1},{\"time\":0.3333,\"x\":1,\"y\":1},{\"time\":1.6667,\"x\":0.908,\"y\":1},{\"time\":2,\"x\":0.898,\"y\":1},{\"time\":3.3333,\"x\":0.987,\"y\":1}],\"shear\":[{\"time\":0,\"x\":0,\"y\":0},{\"time\":1.6667,\"x\":-2.91,\"y\":0},{\"time\":3.3333,\"x\":0,\"y\":0}]},\"toufa3\":{\"rotate\":[{\"time\":0,\"angle\":-16.55},{\"time\":0.5,\"angle\":10.36},{\"time\":0.8333,\"angle\":18.35},{\"time\":2.1667,\"angle\":-53.56},{\"time\":2.5,\"angle\":-61.55},{\"time\":3.3333,\"angle\":-16.55}],\"translate\":[{\"time\":0,\"x\":0,\"y\":0,\"curve\":\"stepped\"},{\"time\":0.5,\"x\":0,\"y\":0,\"curve\":\"stepped\"},{\"time\":0.8333,\"x\":0,\"y\":0,\"curve\":\"stepped\"},{\"time\":3.3333,\"x\":0,\"y\":0}],\"scale\":[{\"time\":0,\"x\":1,\"y\":1,\"curve\":\"stepped\"},{\"time\":0.5,\"x\":1,\"y\":1,\"curve\":\"stepped\"},{\"time\":0.8333,\"x\":1,\"y\":1,\"curve\":\"stepped\"},{\"time\":3.3333,\"x\":1,\"y\":1}],\"shear\":[{\"time\":0,\"x\":0,\"y\":0,\"curve\":\"stepped\"},{\"time\":0.5,\"x\":0,\"y\":0,\"curve\":\"stepped\"},{\"time\":0.8333,\"x\":0,\"y\":0,\"curve\":\"stepped\"},{\"time\":3.3333,\"x\":0,\"y\":0}]},\"erduo1\":{\"rotate\":[{\"time\":0,\"angle\":-3.09},{\"time\":0.3333,\"angle\":-4.67},{\"time\":1.6667,\"angle\":6.69},{\"time\":2,\"angle\":7.95},{\"time\":3.3333,\"angle\":-3.09}],\"translate\":[{\"time\":0,\"x\":0,\"y\":0,\"curve\":\"stepped\"},{\"time\":0.3333,\"x\":0,\"y\":0,\"curve\":\"stepped\"},{\"time\":1.6667,\"x\":0,\"y\":0,\"curve\":\"stepped\"},{\"time\":2,\"x\":0,\"y\":0,\"curve\":\"stepped\"},{\"time\":3.3333,\"x\":0,\"y\":0}],\"scale\":[{\"time\":0,\"x\":1,\"y\":1,\"curve\":\"stepped\"},{\"time\":0.3333,\"x\":1,\"y\":1,\"curve\":\"stepped\"},{\"time\":1.6667,\"x\":1,\"y\":1,\"curve\":\"stepped\"},{\"time\":2,\"x\":1,\"y\":1,\"curve\":\"stepped\"},{\"time\":3.3333,\"x\":1,\"y\":1}],\"shear\":[{\"time\":0,\"x\":0,\"y\":0,\"curve\":\"stepped\"},{\"time\":0.3333,\"x\":0,\"y\":0,\"curve\":\"stepped\"},{\"time\":1.6667,\"x\":0,\"y\":0,\"curve\":\"stepped\"},{\"time\":2,\"x\":0,\"y\":0,\"curve\":\"stepped\"},{\"time\":3.3333,\"x\":0,\"y\":0}]},\"erduo2\":{\"rotate\":[{\"time\":0,\"angle\":3.65},{\"time\":0.3333,\"angle\":5.91},{\"time\":1.6667,\"angle\":-10.38},{\"time\":2,\"angle\":-12.19},{\"time\":3.3333,\"angle\":3.65}],\"translate\":[{\"time\":0,\"x\":0,\"y\":0,\"curve\":\"stepped\"},{\"time\":0.3333,\"x\":0,\"y\":0,\"curve\":\"stepped\"},{\"time\":1.6667,\"x\":0,\"y\":0,\"curve\":\"stepped\"},{\"time\":2,\"x\":0,\"y\":0,\"curve\":\"stepped\"},{\"time\":3.3333,\"x\":0,\"y\":0}],\"scale\":[{\"time\":0,\"x\":1,\"y\":1,\"curve\":\"stepped\"},{\"time\":0.3333,\"x\":1,\"y\":1,\"curve\":\"stepped\"},{\"time\":1.6667,\"x\":1,\"y\":1,\"curve\":\"stepped\"},{\"time\":2,\"x\":1,\"y\":1,\"curve\":\"stepped\"},{\"time\":3.3333,\"x\":1,\"y\":1}],\"shear\":[{\"time\":0,\"x\":0,\"y\":0,\"curve\":\"stepped\"},{\"time\":0.3333,\"x\":0,\"y\":0,\"curve\":\"stepped\"},{\"time\":1.6667,\"x\":0,\"y\":0,\"curve\":\"stepped\"},{\"time\":2,\"x\":0,\"y\":0,\"curve\":\"stepped\"},{\"time\":3.3333,\"x\":0,\"y\":0}]},\"jiao2\":{\"rotate\":[{\"time\":0,\"angle\":0,\"curve\":\"stepped\"},{\"time\":1.6667,\"angle\":0,\"curve\":\"stepped\"},{\"time\":3.3333,\"angle\":0}],\"translate\":[{\"time\":0,\"x\":0,\"y\":0,\"curve\":\"stepped\"},{\"time\":1.6667,\"x\":0,\"y\":0,\"curve\":\"stepped\"},{\"time\":3.3333,\"x\":0,\"y\":0}],\"scale\":[{\"time\":0,\"x\":1,\"y\":1,\"curve\":\"stepped\"},{\"time\":1.6667,\"x\":1,\"y\":1,\"curve\":\"stepped\"},{\"time\":3.3333,\"x\":1,\"y\":1}],\"shear\":[{\"time\":0,\"x\":0,\"y\":0,\"curve\":\"stepped\"},{\"time\":1.6667,\"x\":0,\"y\":0,\"curve\":\"stepped\"},{\"time\":3.3333,\"x\":0,\"y\":0}]},\"jiao1\":{\"rotate\":[{\"time\":0,\"angle\":0,\"curve\":\"stepped\"},{\"time\":1.6667,\"angle\":0,\"curve\":\"stepped\"},{\"time\":3.3333,\"angle\":0}],\"translate\":[{\"time\":0,\"x\":0,\"y\":0,\"curve\":\"stepped\"},{\"time\":1.6667,\"x\":0,\"y\":0,\"curve\":\"stepped\"},{\"time\":3.3333,\"x\":0,\"y\":0}],\"scale\":[{\"time\":0,\"x\":1,\"y\":1,\"curve\":\"stepped\"},{\"time\":1.6667,\"x\":1,\"y\":1,\"curve\":\"stepped\"},{\"time\":3.3333,\"x\":1,\"y\":1}],\"shear\":[{\"time\":0,\"x\":0,\"y\":0,\"curve\":\"stepped\"},{\"time\":1.6667,\"x\":0,\"y\":0,\"curve\":\"stepped\"},{\"time\":3.3333,\"x\":0,\"y\":0}]},\"shenti3\":{\"rotate\":[{\"time\":0,\"angle\":-3.5},{\"time\":0.5,\"angle\":0},{\"time\":0.8333,\"angle\":1.06},{\"time\":2.1667,\"angle\":-7.97},{\"time\":2.5,\"angle\":-9.34},{\"time\":3.3333,\"angle\":-3.5}],\"translate\":[{\"time\":0,\"x\":0,\"y\":0,\"curve\":\"stepped\"},{\"time\":0.5,\"x\":0,\"y\":0,\"curve\":\"stepped\"},{\"time\":0.8333,\"x\":0,\"y\":0,\"curve\":\"stepped\"},{\"time\":3.3333,\"x\":0,\"y\":0}],\"scale\":[{\"time\":0,\"x\":1,\"y\":1,\"curve\":\"stepped\"},{\"time\":0.5,\"x\":1,\"y\":1,\"curve\":\"stepped\"},{\"time\":0.8333,\"x\":1,\"y\":1,\"curve\":\"stepped\"},{\"time\":3.3333,\"x\":1,\"y\":1}],\"shear\":[{\"time\":0,\"x\":0,\"y\":0,\"curve\":\"stepped\"},{\"time\":0.5,\"x\":0,\"y\":0,\"curve\":\"stepped\"},{\"time\":0.8333,\"x\":0,\"y\":0,\"curve\":\"stepped\"},{\"time\":3.3333,\"x\":0,\"y\":0}]},\"shenti2\":{\"rotate\":[{\"time\":0,\"angle\":0,\"curve\":\"stepped\"},{\"time\":0.5,\"angle\":0,\"curve\":\"stepped\"},{\"time\":3.3333,\"angle\":0}],\"translate\":[{\"time\":0,\"x\":0,\"y\":0,\"curve\":\"stepped\"},{\"time\":0.5,\"x\":0,\"y\":0,\"curve\":\"stepped\"},{\"time\":3.3333,\"x\":0,\"y\":0}],\"scale\":[{\"time\":0,\"x\":1,\"y\":1,\"curve\":\"stepped\"},{\"time\":0.5,\"x\":1,\"y\":1,\"curve\":\"stepped\"},{\"time\":3.3333,\"x\":1,\"y\":1}],\"shear\":[{\"time\":0,\"x\":0,\"y\":0,\"curve\":\"stepped\"},{\"time\":0.5,\"x\":0,\"y\":0,\"curve\":\"stepped\"},{\"time\":3.3333,\"x\":0,\"y\":0}]},\"shenti5\":{\"rotate\":[{\"time\":0,\"angle\":0},{\"time\":1.6667,\"angle\":17.5},{\"time\":3.3333,\"angle\":0}],\"translate\":[{\"time\":0,\"x\":0,\"y\":0,\"curve\":\"stepped\"},{\"time\":1.6667,\"x\":0,\"y\":0,\"curve\":\"stepped\"},{\"time\":3.3333,\"x\":0,\"y\":0}],\"scale\":[{\"time\":0,\"x\":1,\"y\":1,\"curve\":\"stepped\"},{\"time\":1.6667,\"x\":1,\"y\":1,\"curve\":\"stepped\"},{\"time\":3.3333,\"x\":1,\"y\":1}],\"shear\":[{\"time\":0,\"x\":0,\"y\":0,\"curve\":\"stepped\"},{\"time\":1.6667,\"x\":0,\"y\":0,\"curve\":\"stepped\"},{\"time\":3.3333,\"x\":0,\"y\":0}]},\"zui\":{\"rotate\":[{\"time\":0,\"angle\":0},{\"time\":1.6667,\"angle\":2.16},{\"time\":3.3333,\"angle\":0}],\"translate\":[{\"time\":0,\"x\":0.51,\"y\":0.02},{\"time\":0.3333,\"x\":0,\"y\":0},{\"time\":1.6667,\"x\":3.77,\"y\":0.12},{\"time\":1.9667,\"x\":4.19,\"y\":0.13},{\"time\":3.3333,\"x\":0.51,\"y\":0.02}],\"scale\":[{\"time\":0,\"x\":1.068,\"y\":1.068},{\"time\":0.3333,\"x\":1,\"y\":1},{\"time\":1.6667,\"x\":1.25,\"y\":1.25},{\"time\":1.9667,\"x\":1.318,\"y\":1.318},{\"time\":3.3333,\"x\":1.068,\"y\":1.068}],\"shear\":[{\"time\":0,\"x\":0,\"y\":0,\"curve\":\"stepped\"},{\"time\":0.3333,\"x\":0,\"y\":0,\"curve\":\"stepped\"},{\"time\":1.6667,\"x\":0,\"y\":0,\"curve\":\"stepped\"},{\"time\":3.3333,\"x\":0,\"y\":0}]}},\"deform\":{\"default\":{\"erduo1\":{\"erduo1\":[{\"time\":0,\"offset\":4,\"vertices\":[-0.21777,-0.3919,-0.21777,-0.3919]},{\"time\":0.3333},{\"time\":1.6667,\"offset\":4,\"vertices\":[-1.56792,-2.82167,-1.56792,-2.82167]},{\"time\":2,\"offset\":4,\"vertices\":[-1.74213,-3.13519,-1.74213,-3.13519]},{\"time\":3.3333,\"offset\":4,\"vertices\":[-0.21777,-0.3919,-0.21777,-0.3919]}]},\"erduo2\":{\"erduo2\":[{\"time\":0,\"offset\":6,\"vertices\":[-0.41356,0.50607,-0.41356,0.50607]},{\"time\":0.3333},{\"time\":1.6667,\"offset\":6,\"vertices\":[-2.97761,3.64369,-2.97761,3.64369]},{\"time\":2,\"offset\":6,\"vertices\":[-3.30845,4.04855,-3.30845,4.04855]},{\"time\":3.3333,\"offset\":6,\"vertices\":[-0.41356,0.50607,-0.41356,0.50607]}]},\"tou\":{\"tou\":[{\"time\":0,\"offset\":22,\"vertices\":[0.67368,0.02972,0.67369,0.02972,0.67367,0.02972,0.67367,0.02972,0.67367,0.02972]},{\"time\":0.3333},{\"time\":1.6667,\"offset\":22,\"vertices\":[6.06306,0.26751,6.06306,0.26751,6.06305,0.26751,6.06305,0.26751,6.06305,0.26751]},{\"time\":2,\"offset\":22,\"vertices\":[6.73672,0.29724,6.73672,0.29724,6.73672,0.29724,6.73672,0.29724,6.73672,0.29724]},{\"time\":3.3333,\"offset\":22,\"vertices\":[0.67368,0.02972,0.67369,0.02972,0.67367,0.02972,0.67367,0.02972,0.67367,0.02972]}]}}}}}}","_skeletonJson":{"skeleton":{"hash":"dg8W57dZbKAgSDOTU3MtxkjNfjQ","spine":"3.6.53","width":260,"height":221.57,"images":"./images/"},"bones":[{"name":"root"},{"name":"bone","parent":"root"},{"name":"shenti","parent":"bone","length":44.06,"rotation":96.07,"x":-7.16,"y":-67.58},{"name":"tou","parent":"shenti","length":104.58,"rotation":-11.57,"x":45.41,"y":-0.12},{"name":"biyan2","parent":"tou","x":70.23,"y":32.88},{"name":"erduo1","parent":"tou","length":26.1,"rotation":-125.87,"x":94.91,"y":-26.98},{"name":"erduo2","parent":"tou","length":20.78,"rotation":126.92,"x":97.42,"y":33.52},{"name":"jiao1","parent":"tou","length":21.06,"rotation":39.99,"x":97.34,"y":37.55},{"name":"jiao2","parent":"tou","length":26.61,"rotation":-56.78,"x":92.33,"y":-36.81},{"name":"shenti3","parent":"shenti","length":28.68,"rotation":-82.62,"x":32.82,"y":-26.63},{"name":"shenti2","parent":"shenti3","length":28.99,"rotation":45.22,"x":35.86,"y":0.73},{"name":"shenti5","parent":"shenti","length":23.77,"rotation":108.83,"x":34.66,"y":30.54},{"name":"toufa","parent":"tou","x":104.49,"y":2.72},{"name":"toufa3","parent":"toufa","length":13.85,"rotation":24.73,"x":15,"y":3.86},{"name":"yan2","parent":"tou","x":71.27,"y":-12.77},{"name":"zui","parent":"tou","x":-6.95,"y":2.17}],"slots":[{"name":"bj","bone":"root","attachment":"bj"},{"name":"jiao2","bone":"jiao2","attachment":"jiao2"},{"name":"jiao1","bone":"jiao1","attachment":"jiao1"},{"name":"shenti","bone":"shenti5","attachment":"shenti"},{"name":"tou","bone":"tou","attachment":"tou"},{"name":"meimao","bone":"biyan2","attachment":"meimao"},{"name":"biyan2","bone":"biyan2","attachment":"biyan2"},{"name":"biyan1","bone":"yan2","attachment":"biyan1"},{"name":"yanjing1","bone":"biyan2","attachment":"yanjing1"},{"name":"yan2","bone":"yan2","attachment":"yan2"},{"name":"erduo2","bone":"erduo2","attachment":"erduo2"},{"name":"erduo1","bone":"erduo1","attachment":"erduo1"},{"name":"toufa","bone":"toufa3","attachment":"toufa"},{"name":"zi","bone":"root","attachment":"zi"},{"name":"zui","bone":"zui","attachment":"zui"}],"skins":{"default":{"biyan1":{"biyan1":{"x":-4.26,"y":-0.26,"scaleX":0.892,"scaleY":0.892,"rotation":-83.7,"width":25,"height":19}},"biyan2":{"biyan2":{"x":-3.34,"y":1.36,"rotation":-83.7,"width":17,"height":11}},"bj":{"bj":{"width":260,"height":214}},"erduo1":{"erduo1":{"type":"mesh","uvs":[0,0,0,0.45895,0.25043,0.66942,0.33206,1,0.75045,1,1,0.73958,1,0.36073,0.66881,0.33267,0.39329,0],"triangles":[1,0,8,2,1,8,7,2,8,7,6,5,2,4,3,7,4,2,7,5,4],"vertices":[-7.69,-1.08,2.17,-11.97,14.86,-9.56,24.62,-14.99,38.27,-2.64,40.81,10.91,32.67,19.9,21.27,10.78,5.14,10.53],"hull":9,"edges":[0,2,2,4,4,6,6,8,8,10,10,12,12,14,14,16,0,16],"width":44,"height":32}},"erduo2":{"erduo2":{"type":"mesh","uvs":[0.59615,0,0,0.36956,0,0.63148,0.35762,1,0.56809,1,1,0.38827,1,0],"triangles":[0,6,5,4,2,1,4,3,2,4,1,0,5,4,0],"vertices":[3.43,-6.95,24.36,-9.03,27.56,-3.62,22.22,9.82,16.43,13.25,-2.95,7.65,-7.69,-0.37],"hull":7,"edges":[0,2,2,4,4,6,6,8,8,10,10,12,0,12],"width":32,"height":24}},"jiao1":{"jiao1":{"x":9.35,"y":-1.96,"rotation":-123.69,"width":32,"height":38}},"jiao2":{"jiao2":{"x":14.17,"y":1.22,"rotation":-26.92,"width":44,"height":45}},"meimao":{"meimao":{"x":15.59,"y":-3.96,"rotation":-66.28,"width":16,"height":16}},"shenti":{"shenti":{"type":"mesh","uvs":[0.18186,0.58489,0.36551,0.49564,0.58041,0.46094,0.69011,0.49688,0.75283,0.49309,0.74685,0.40213,0.78867,0.31496,0.83048,0.14063,0.9619,0.17473,1,0.36423,0.99475,0.73564,0.83646,0.72806,0.77672,0.70153,0.71304,0.75399,0.78907,0.75399,0.81187,0.84564,0.76436,1,0.19226,1,0.18466,0.8794,0.16375,0.83358,0.18846,0.77811,0.11813,0.81669,0.04211,0.85287,0,0.75399,0,0.65993,0.10863,0.65993,0.33201,0.75667,0.52445,0.74404,0.88278,0.46618],"triangles":[6,7,8,6,8,9,28,6,9,5,6,28,4,5,28,12,4,28,11,12,28,10,28,9,11,28,10,26,20,0,26,18,20,17,18,26,27,3,13,15,16,13,15,13,14,27,13,16,27,1,2,26,0,1,26,1,27,17,26,27,16,17,27,18,19,20,27,2,3,12,13,3,12,3,4,23,24,25,20,25,0,21,23,25,20,21,25,22,23,21],"vertices":[1,11,-1.44,-11.03,1,3,11,-31.09,-9.4,0.05594,9,-27.86,24.55,0.00515,2,53.59,4.15,0.93891,2,9,4.71,21.47,0.86125,2,54.72,-28.54,0.13875,3,9,19.93,13.67,0.95718,2,48.94,-44.65,0.0011,10,-2.03,20.42,0.04172,2,9,29.27,12.03,0.49172,10,3.39,12.64,0.50828,2,9,30.76,22.79,0.08861,10,12.07,19.16,0.91139,2,9,39.2,31.53,0.0074,10,24.21,19.33,0.9926,1,10,45.14,25.01,1,1,10,52.26,6.05,1,1,10,36.22,-10.81,1,1,10,-1.63,-33.65,1,2,9,35.47,-18.02,0.30057,10,-13.58,-12.92,0.69943,3,9,27.36,-12.96,0.77708,2,23.49,-55.43,0.00157,10,-15.7,-3.61,0.22134,3,9,16.61,-16.94,0.18,2,18.15,-45.28,0.81118,10,-26.1,1.22,0.00882,1,2,17.1,-56.71,1,1,2,5.92,-59.14,1,1,2,-11.71,-50.31,1,1,2,-3.77,35.71,1,1,2,10.63,35.54,1,1,2,16.35,38.18,1,1,2,22.58,33.86,1,1,11,18.61,10.22,1,1,11,30.85,9.46,1,1,11,31.84,-3.87,1,1,11,27.27,-14.09,1,1,11,12.3,-7.39,1,1,2,23.12,12.04,1,1,2,21.95,-17.03,1,1,10,16.53,-2.28,1],"hull":26,"edges":[0,2,2,4,4,6,6,8,8,10,10,12,12,14,14,16,16,18,18,20,20,22,22,24,24,26,26,28,28,30,30,32,32,34,34,36,36,38,38,40,40,42,42,44,44,46,46,48,48,50,0,50],"width":151,"height":119}},"tou":{"tou":{"type":"mesh","uvs":[0.42527,0,0.8292,0,0.94395,0.23415,1,0.62754,1,0.89134,0.641,1,0.33805,1,0,0.84969,0,0.48407,0.15904,0.3406,0.29215,0.08605,0.35182,0.28969,0.7374,0.33134,0.19576,0.54423,0.58592,0.55812,0.47576,0.84506],"triangles":[11,10,0,12,0,1,12,1,2,11,0,12,9,10,11,13,9,11,8,9,13,14,11,12,13,11,14,12,2,3,14,12,3,15,13,14,7,8,13,6,7,13,14,3,4,5,15,14,15,6,13,4,5,14,6,15,5],"vertices":[106.4,27.15,111.81,-21.83,85.18,-38.85,38.62,-50.87,6.89,-54.37,-10.98,-12.28,-15.03,24.45,-1.48,67.44,42.49,72.3,61.88,54.92,94.27,42.15,70.58,32.21,70.73,-15.1,37.88,47.76,41.43,0.26,5.44,9.81],"hull":11,"edges":[0,2,2,4,4,6,6,8,8,10,10,12,12,14,14,16,16,18,18,20,0,20],"width":122,"height":121}},"toufa":{"toufa":{"type":"mesh","uvs":[0.34581,0,0.28359,0.13867,0.3345,0.23502,0.17045,0.30568,0,0.43416,0,0.78746,0.24965,1,1,1,1,0.53051,0.70784,0.29283,0.55511,0.29283,0.47592,0.19648,0.48157,0.08728,0.62299,0.10012,0.61168,0],"triangles":[5,4,3,10,6,3,5,3,6,10,9,8,8,6,10,7,6,8,10,3,2,12,0,14,12,14,13,1,0,12,11,1,12,2,1,11,2,11,10],"vertices":[1,13,18.45,0.8,1,2,13,12.01,7.34,0.99908,12,22.83,15.56,0.00092,2,13,5.54,5.91,0.95039,12,17.56,11.54,0.04961,1,12,12.21,22.01,1,1,12,3.42,32.53,1,1,12,-17.3,30.24,1,1,12,-27.93,12.24,1,1,12,-22.41,-37.73,1,1,12,5.12,-34.69,1,1,12,16.91,-13.7,1,1,12,15.79,-3.52,1,2,13,4.7,-3.8,0.99908,12,20.86,2.37,0.00092,1,13,10.69,-6.2,1,1,13,6.98,-14.95,1,1,13,12.82,-16.1,1],"hull":15,"edges":[0,2,2,4,4,6,6,8,8,10,10,12,12,14,14,16,16,18,18,20,20,22,22,24,24,26,26,28,0,28],"width":67,"height":59}},"yan2":{"yan2":{"x":-1,"y":-1.91,"rotation":-83.7,"width":33,"height":25}},"yanjing1":{"yanjing1":{"x":0.25,"y":0.75,"rotation":-83.7,"width":31,"height":26}},"zi":{"zi":{"x":3.15,"y":-61,"width":200,"height":49}},"zui":{"zui":{"x":11.31,"y":-1.23,"rotation":-84.89,"width":52,"height":30}}}},"animations":{"animation":{"slots":{"biyan2":{"attachment":[{"time":1.6667,"name":"biyan2"}]},"meimao":{"attachment":[{"time":1.6667,"name":null},{"time":1.8,"name":"meimao"}]},"yan2":{"attachment":[{"time":1.6667,"name":null},{"time":1.8,"name":"yan2"}]},"yanjing1":{"attachment":[{"time":1.6667,"name":null},{"time":1.8,"name":"yanjing1"}]}},"bones":{"biyan2":{"rotate":[{"time":0,"angle":0,"curve":"stepped"},{"time":3.3333,"angle":0}],"translate":[{"time":0,"x":0,"y":0},{"time":0.3333,"x":-1.01,"y":-0.15},{"time":1.6667,"x":5.18,"y":0.25},{"time":2,"x":5.5,"y":0.23},{"time":3.3333,"x":0,"y":0}],"scale":[{"time":0,"x":1,"y":1},{"time":1.6667,"x":0.972,"y":0.972},{"time":3.3333,"x":1,"y":1}],"shear":[{"time":0,"x":0,"y":0,"curve":"stepped"},{"time":3.3333,"x":0,"y":0}]},"yan2":{"rotate":[{"time":0,"angle":0,"curve":"stepped"},{"time":1.6667,"angle":0,"curve":"stepped"},{"time":3.3333,"angle":0}],"translate":[{"time":0,"x":0,"y":0},{"time":0.3333,"x":-1.01,"y":-0.15},{"time":1.6667,"x":5.18,"y":0.25},{"time":2,"x":5.5,"y":0.23},{"time":3.3333,"x":0,"y":0}],"scale":[{"time":0,"x":1,"y":1},{"time":1.6667,"x":0.972,"y":0.972},{"time":3.3333,"x":1,"y":1}],"shear":[{"time":0,"x":0,"y":0,"curve":"stepped"},{"time":1.6667,"x":0,"y":0,"curve":"stepped"},{"time":3.3333,"x":0,"y":0}]},"root":{"rotate":[{"time":0,"angle":0,"curve":"stepped"},{"time":1.6667,"angle":0,"curve":"stepped"},{"time":3.3333,"angle":0}],"translate":[{"time":0,"x":0,"y":0,"curve":"stepped"},{"time":1.6667,"x":0,"y":0,"curve":"stepped"},{"time":3.3333,"x":0,"y":0}],"scale":[{"time":0,"x":1,"y":1,"curve":"stepped"},{"time":1.6667,"x":1,"y":1,"curve":"stepped"},{"time":3.3333,"x":1,"y":1}],"shear":[{"time":0,"x":0,"y":0,"curve":"stepped"},{"time":1.6667,"x":0,"y":0,"curve":"stepped"},{"time":3.3333,"x":0,"y":0}]},"bone":{"rotate":[{"time":0,"angle":0,"curve":"stepped"},{"time":1.6667,"angle":0,"curve":"stepped"},{"time":3.3333,"angle":0}],"translate":[{"time":0,"x":0,"y":0,"curve":"stepped"},{"time":1.6667,"x":0,"y":0,"curve":"stepped"},{"time":3.3333,"x":0,"y":0}],"scale":[{"time":0,"x":1,"y":1,"curve":"stepped"},{"time":1.6667,"x":1,"y":1,"curve":"stepped"},{"time":3.3333,"x":1,"y":1}],"shear":[{"time":0,"x":0,"y":0,"curve":"stepped"},{"time":1.6667,"x":0,"y":0,"curve":"stepped"},{"time":3.3333,"x":0,"y":0}]},"shenti":{"rotate":[{"time":0,"angle":0,"curve":"stepped"},{"time":0.8333,"angle":0,"curve":"stepped"},{"time":1.6667,"angle":0,"curve":"stepped"},{"time":2.5,"angle":0,"curve":"stepped"},{"time":3.3333,"angle":0}],"translate":[{"time":0,"x":0,"y":0},{"time":0.8333,"x":0,"y":1.98},{"time":1.6667,"x":0,"y":0},{"time":2.5,"x":0,"y":1.98},{"time":3.3333,"x":0,"y":0}],"scale":[{"time":0,"x":1,"y":1,"curve":"stepped"},{"time":0.8333,"x":1,"y":1,"curve":"stepped"},{"time":1.6667,"x":1,"y":1,"curve":"stepped"},{"time":2.5,"x":1,"y":1,"curve":"stepped"},{"time":3.3333,"x":1,"y":1}],"shear":[{"time":0,"x":0,"y":0,"curve":"stepped"},{"time":0.8333,"x":0,"y":0,"curve":"stepped"},{"time":1.6667,"x":0,"y":0,"curve":"stepped"},{"time":2.5,"x":0,"y":0,"curve":"stepped"},{"time":3.3333,"x":0,"y":0}]},"tou":{"rotate":[{"time":0,"angle":0.5},{"time":0.3333,"angle":-0.16},{"time":1.6667,"angle":4.54},{"time":2,"angle":5.07},{"time":3.3333,"angle":0.5}]},"toufa":{"rotate":[{"time":0,"angle":0,"curve":"stepped"},{"time":0.3333,"angle":0,"curve":"stepped"},{"time":1.6667,"angle":0,"curve":"stepped"},{"time":3.3333,"angle":0}],"translate":[{"time":0,"x":0.29,"y":0},{"time":0.3333,"x":0,"y":0},{"time":1.6667,"x":3.03,"y":0.05,"curve":"stepped"},{"time":2,"x":3.03,"y":0.05},{"time":3.3333,"x":0.29,"y":0}],"scale":[{"time":0,"x":0.987,"y":1},{"time":0.3333,"x":1,"y":1},{"time":1.6667,"x":0.908,"y":1},{"time":2,"x":0.898,"y":1},{"time":3.3333,"x":0.987,"y":1}],"shear":[{"time":0,"x":0,"y":0},{"time":1.6667,"x":-2.91,"y":0},{"time":3.3333,"x":0,"y":0}]},"toufa3":{"rotate":[{"time":0,"angle":-16.55},{"time":0.5,"angle":10.36},{"time":0.8333,"angle":18.35},{"time":2.1667,"angle":-53.56},{"time":2.5,"angle":-61.55},{"time":3.3333,"angle":-16.55}],"translate":[{"time":0,"x":0,"y":0,"curve":"stepped"},{"time":0.5,"x":0,"y":0,"curve":"stepped"},{"time":0.8333,"x":0,"y":0,"curve":"stepped"},{"time":3.3333,"x":0,"y":0}],"scale":[{"time":0,"x":1,"y":1,"curve":"stepped"},{"time":0.5,"x":1,"y":1,"curve":"stepped"},{"time":0.8333,"x":1,"y":1,"curve":"stepped"},{"time":3.3333,"x":1,"y":1}],"shear":[{"time":0,"x":0,"y":0,"curve":"stepped"},{"time":0.5,"x":0,"y":0,"curve":"stepped"},{"time":0.8333,"x":0,"y":0,"curve":"stepped"},{"time":3.3333,"x":0,"y":0}]},"erduo1":{"rotate":[{"time":0,"angle":-3.09},{"time":0.3333,"angle":-4.67},{"time":1.6667,"angle":6.69},{"time":2,"angle":7.95},{"time":3.3333,"angle":-3.09}],"translate":[{"time":0,"x":0,"y":0,"curve":"stepped"},{"time":0.3333,"x":0,"y":0,"curve":"stepped"},{"time":1.6667,"x":0,"y":0,"curve":"stepped"},{"time":2,"x":0,"y":0,"curve":"stepped"},{"time":3.3333,"x":0,"y":0}],"scale":[{"time":0,"x":1,"y":1,"curve":"stepped"},{"time":0.3333,"x":1,"y":1,"curve":"stepped"},{"time":1.6667,"x":1,"y":1,"curve":"stepped"},{"time":2,"x":1,"y":1,"curve":"stepped"},{"time":3.3333,"x":1,"y":1}],"shear":[{"time":0,"x":0,"y":0,"curve":"stepped"},{"time":0.3333,"x":0,"y":0,"curve":"stepped"},{"time":1.6667,"x":0,"y":0,"curve":"stepped"},{"time":2,"x":0,"y":0,"curve":"stepped"},{"time":3.3333,"x":0,"y":0}]},"erduo2":{"rotate":[{"time":0,"angle":3.65},{"time":0.3333,"angle":5.91},{"time":1.6667,"angle":-10.38},{"time":2,"angle":-12.19},{"time":3.3333,"angle":3.65}],"translate":[{"time":0,"x":0,"y":0,"curve":"stepped"},{"time":0.3333,"x":0,"y":0,"curve":"stepped"},{"time":1.6667,"x":0,"y":0,"curve":"stepped"},{"time":2,"x":0,"y":0,"curve":"stepped"},{"time":3.3333,"x":0,"y":0}],"scale":[{"time":0,"x":1,"y":1,"curve":"stepped"},{"time":0.3333,"x":1,"y":1,"curve":"stepped"},{"time":1.6667,"x":1,"y":1,"curve":"stepped"},{"time":2,"x":1,"y":1,"curve":"stepped"},{"time":3.3333,"x":1,"y":1}],"shear":[{"time":0,"x":0,"y":0,"curve":"stepped"},{"time":0.3333,"x":0,"y":0,"curve":"stepped"},{"time":1.6667,"x":0,"y":0,"curve":"stepped"},{"time":2,"x":0,"y":0,"curve":"stepped"},{"time":3.3333,"x":0,"y":0}]},"jiao2":{"rotate":[{"time":0,"angle":0,"curve":"stepped"},{"time":1.6667,"angle":0,"curve":"stepped"},{"time":3.3333,"angle":0}],"translate":[{"time":0,"x":0,"y":0,"curve":"stepped"},{"time":1.6667,"x":0,"y":0,"curve":"stepped"},{"time":3.3333,"x":0,"y":0}],"scale":[{"time":0,"x":1,"y":1,"curve":"stepped"},{"time":1.6667,"x":1,"y":1,"curve":"stepped"},{"time":3.3333,"x":1,"y":1}],"shear":[{"time":0,"x":0,"y":0,"curve":"stepped"},{"time":1.6667,"x":0,"y":0,"curve":"stepped"},{"time":3.3333,"x":0,"y":0}]},"jiao1":{"rotate":[{"time":0,"angle":0,"curve":"stepped"},{"time":1.6667,"angle":0,"curve":"stepped"},{"time":3.3333,"angle":0}],"translate":[{"time":0,"x":0,"y":0,"curve":"stepped"},{"time":1.6667,"x":0,"y":0,"curve":"stepped"},{"time":3.3333,"x":0,"y":0}],"scale":[{"time":0,"x":1,"y":1,"curve":"stepped"},{"time":1.6667,"x":1,"y":1,"curve":"stepped"},{"time":3.3333,"x":1,"y":1}],"shear":[{"time":0,"x":0,"y":0,"curve":"stepped"},{"time":1.6667,"x":0,"y":0,"curve":"stepped"},{"time":3.3333,"x":0,"y":0}]},"shenti3":{"rotate":[{"time":0,"angle":-3.5},{"time":0.5,"angle":0},{"time":0.8333,"angle":1.06},{"time":2.1667,"angle":-7.97},{"time":2.5,"angle":-9.34},{"time":3.3333,"angle":-3.5}],"translate":[{"time":0,"x":0,"y":0,"curve":"stepped"},{"time":0.5,"x":0,"y":0,"curve":"stepped"},{"time":0.8333,"x":0,"y":0,"curve":"stepped"},{"time":3.3333,"x":0,"y":0}],"scale":[{"time":0,"x":1,"y":1,"curve":"stepped"},{"time":0.5,"x":1,"y":1,"curve":"stepped"},{"time":0.8333,"x":1,"y":1,"curve":"stepped"},{"time":3.3333,"x":1,"y":1}],"shear":[{"time":0,"x":0,"y":0,"curve":"stepped"},{"time":0.5,"x":0,"y":0,"curve":"stepped"},{"time":0.8333,"x":0,"y":0,"curve":"stepped"},{"time":3.3333,"x":0,"y":0}]},"shenti2":{"rotate":[{"time":0,"angle":0,"curve":"stepped"},{"time":0.5,"angle":0,"curve":"stepped"},{"time":3.3333,"angle":0}],"translate":[{"time":0,"x":0,"y":0,"curve":"stepped"},{"time":0.5,"x":0,"y":0,"curve":"stepped"},{"time":3.3333,"x":0,"y":0}],"scale":[{"time":0,"x":1,"y":1,"curve":"stepped"},{"time":0.5,"x":1,"y":1,"curve":"stepped"},{"time":3.3333,"x":1,"y":1}],"shear":[{"time":0,"x":0,"y":0,"curve":"stepped"},{"time":0.5,"x":0,"y":0,"curve":"stepped"},{"time":3.3333,"x":0,"y":0}]},"shenti5":{"rotate":[{"time":0,"angle":0},{"time":1.6667,"angle":17.5},{"time":3.3333,"angle":0}],"translate":[{"time":0,"x":0,"y":0,"curve":"stepped"},{"time":1.6667,"x":0,"y":0,"curve":"stepped"},{"time":3.3333,"x":0,"y":0}],"scale":[{"time":0,"x":1,"y":1,"curve":"stepped"},{"time":1.6667,"x":1,"y":1,"curve":"stepped"},{"time":3.3333,"x":1,"y":1}],"shear":[{"time":0,"x":0,"y":0,"curve":"stepped"},{"time":1.6667,"x":0,"y":0,"curve":"stepped"},{"time":3.3333,"x":0,"y":0}]},"zui":{"rotate":[{"time":0,"angle":0},{"time":1.6667,"angle":2.16},{"time":3.3333,"angle":0}],"translate":[{"time":0,"x":0.51,"y":0.02},{"time":0.3333,"x":0,"y":0},{"time":1.6667,"x":3.77,"y":0.12},{"time":1.9667,"x":4.19,"y":0.13},{"time":3.3333,"x":0.51,"y":0.02}],"scale":[{"time":0,"x":1.068,"y":1.068},{"time":0.3333,"x":1,"y":1},{"time":1.6667,"x":1.25,"y":1.25},{"time":1.9667,"x":1.318,"y":1.318},{"time":3.3333,"x":1.068,"y":1.068}],"shear":[{"time":0,"x":0,"y":0,"curve":"stepped"},{"time":0.3333,"x":0,"y":0,"curve":"stepped"},{"time":1.6667,"x":0,"y":0,"curve":"stepped"},{"time":3.3333,"x":0,"y":0}]}},"deform":{"default":{"erduo1":{"erduo1":[{"time":0,"offset":4,"vertices":[-0.21777,-0.3919,-0.21777,-0.3919]},{"time":0.3333},{"time":1.6667,"offset":4,"vertices":[-1.56792,-2.82167,-1.56792,-2.82167]},{"time":2,"offset":4,"vertices":[-1.74213,-3.13519,-1.74213,-3.13519]},{"time":3.3333,"offset":4,"vertices":[-0.21777,-0.3919,-0.21777,-0.3919]}]},"erduo2":{"erduo2":[{"time":0,"offset":6,"vertices":[-0.41356,0.50607,-0.41356,0.50607]},{"time":0.3333},{"time":1.6667,"offset":6,"vertices":[-2.97761,3.64369,-2.97761,3.64369]},{"time":2,"offset":6,"vertices":[-3.30845,4.04855,-3.30845,4.04855]},{"time":3.3333,"offset":6,"vertices":[-0.41356,0.50607,-0.41356,0.50607]}]},"tou":{"tou":[{"time":0,"offset":22,"vertices":[0.67368,0.02972,0.67369,0.02972,0.67367,0.02972,0.67367,0.02972,0.67367,0.02972]},{"time":0.3333},{"time":1.6667,"offset":22,"vertices":[6.06306,0.26751,6.06306,0.26751,6.06305,0.26751,6.06305,0.26751,6.06305,0.26751]},{"time":2,"offset":22,"vertices":[6.73672,0.29724,6.73672,0.29724,6.73672,0.29724,6.73672,0.29724,6.73672,0.29724]},{"time":3.3333,"offset":22,"vertices":[0.67368,0.02972,0.67369,0.02972,0.67367,0.02972,0.67367,0.02972,0.67367,0.02972]}]}}}}}},"_atlasText":"\nkansanzhang.png\nsize: 456,265\nformat: RGBA8888\nfilter: Linear,Linear\nrepeat: none\nbiyan1\n  rotate: false\n  xy: 422, 78\n  size: 25, 19\n  orig: 25, 19\n  offset: 0, 0\n  index: -1\nbiyan2\n  rotate: false\n  xy: 410, 3\n  size: 17, 11\n  orig: 17, 11\n  offset: 0, 0\n  index: -1\nbj\n  rotate: true\n  xy: 2, 3\n  size: 260, 214\n  orig: 260, 214\n  offset: 0, 0\n  index: -1\nerduo1\n  rotate: true\n  xy: 422, 165\n  size: 44, 32\n  orig: 44, 32\n  offset: 0, 0\n  index: -1\nerduo2\n  rotate: false\n  xy: 422, 99\n  size: 32, 24\n  orig: 32, 24\n  offset: 0, 0\n  index: -1\njiao1\n  rotate: false\n  xy: 422, 125\n  size: 32, 38\n  orig: 32, 38\n  offset: 0, 0\n  index: -1\njiao2\n  rotate: false\n  xy: 410, 16\n  size: 44, 45\n  orig: 44, 45\n  offset: 0, 0\n  index: -1\nmeimao\n  rotate: false\n  xy: 218, 2\n  size: 16, 16\n  orig: 16, 16\n  offset: 0, 0\n  index: -1\nshenti\n  rotate: false\n  xy: 218, 144\n  size: 151, 119\n  orig: 151, 119\n  offset: 0, 0\n  index: -1\ntou\n  rotate: true\n  xy: 218, 20\n  size: 122, 121\n  orig: 122, 121\n  offset: 0, 0\n  index: -1\ntoufa\n  rotate: false\n  xy: 341, 2\n  size: 67, 59\n  orig: 67, 59\n  offset: 0, 0\n  index: -1\nyan2\n  rotate: true\n  xy: 341, 109\n  size: 33, 25\n  orig: 33, 25\n  offset: 0, 0\n  index: -1\nyanjing1\n  rotate: true\n  xy: 341, 76\n  size: 31, 26\n  orig: 31, 26\n  offset: 0, 0\n  index: -1\nzi\n  rotate: true\n  xy: 371, 63\n  size: 200, 49\n  orig: 200, 49\n  offset: 0, 0\n  index: -1\nzui\n  rotate: true\n  xy: 422, 211\n  size: 52, 30\n  orig: 52, 30\n  offset: 0, 0\n  index: -1\n","textures":[{"__uuid__":"25K4jnBHhCMrYJo5OTSGWy"}],"textureNames":["kansanzhang.png"]}