[{"__type__":"cc.Prefab","_name":"mailDetails","data":{"__id__":1},"asyncLoadAssets":true},{"__type__":"cc.Node","_name":"mailDeatils","_children":[{"__id__":2},{"__id__":5},{"__id__":7}],"_components":[{"__type__":"5991cDAertH/45ch9zDZF6D","node":{"__id__":1},"clickAudio":"E:/gameH5/baoWangBranch/assets/audio/btn.mp3","mainNodeWidth":"950","mainNodeHight":"622","titleTxt":"系统公告","noticeTitle":{"__id__":4},"publishTime":{"__id__":6},"noticeContent":{"__id__":11},"scrollViewContent":{"__id__":9}}],"_prefab":{"__type__":"cc.PrefabInfo","root":{"__id__":1},"asset":{"__uuid__":"4fuGo2F05O56nZVTzgETcb"},"fileId":"04a5dLdfpH0YtncaYHw1M1"},"_contentSize":{"__type__":"cc.Size","width":684,"height":468},"_position":{"__type__":"cc.Vec3","y":24},"_scaleX":1,"_scaleY":1},{"__type__":"cc.Node","_name":"noticeTitle","_parent":{"__id__":1},"_children":[{"__id__":3}],"_components":[{"__type__":"cc.Sprite","node":{"__id__":2},"_spriteFrame":{"__uuid__":"5cUyspuh5EsoclM4SbOXU9"},"_type":1,"_sizeMode":0}],"_prefab":{"__type__":"cc.PrefabInfo","root":{"__id__":1},"asset":{"__uuid__":"4fuGo2F05O56nZVTzgETcb"},"fileId":"41RKPAKnVAsrmuC7xcppaC"},"_contentSize":{"__type__":"cc.Size","width":684,"height":46},"_position":{"__type__":"cc.Vec3","y":193},"_scaleX":1,"_scaleY":1},{"__type__":"cc.Node","_name":"noticeTitleTxt","_parent":{"__id__":2},"_components":[{"__id__":4}],"_prefab":{"__type__":"cc.PrefabInfo","root":{"__id__":1},"asset":{"__uuid__":"4fuGo2F05O56nZVTzgETcb"},"fileId":"25+9MB8j9AhaSTmWep8TBI"},"_color":{"__type__":"cc.Color","r":202,"g":102,"b":48},"_contentSize":{"__type__":"cc.Size","height":40},"_scaleX":1,"_scaleY":1},{"__type__":"cc.Label","node":{"__id__":3},"_useOriginalSize":false,"_fontSize":28,"_N$file":{"__uuid__":"f282P+0sVPqqrZwiub4W4d"},"_isSystemFontUsed":false,"_N$horizontalAlign":1,"_N$verticalAlign":1},{"__type__":"cc.Node","_name":"publishTime","_parent":{"__id__":1},"_components":[{"__id__":6}],"_prefab":{"__type__":"cc.PrefabInfo","root":{"__id__":1},"asset":{"__uuid__":"4fuGo2F05O56nZVTzgETcb"},"fileId":"d0lqFNuc1Fqrrzt5W0Lkjd"},"_color":{"__type__":"cc.Color","r":181,"g":135,"b":110},"_contentSize":{"__type__":"cc.Size","height":40},"_position":{"__type__":"cc.Vec3","y":135},"_scaleX":1,"_scaleY":1},{"__type__":"cc.Label","node":{"__id__":5},"_useOriginalSize":false,"_fontSize":24,"_N$file":{"__uuid__":"f282P+0sVPqqrZwiub4W4d"},"_isSystemFontUsed":false,"_N$horizontalAlign":1,"_N$verticalAlign":1},{"__type__":"cc.Node","_name":"recordScroll","_parent":{"__id__":1},"_children":[{"__id__":8}],"_components":[{"__type__":"cc.Sprite","node":{"__id__":7},"_type":1,"_sizeMode":0},{"__type__":"cc.ScrollView","node":{"__id__":7},"horizontal":false,"brake":0.75,"bounceDuration":0.23,"_N$content":{"__id__":9},"content":{"__id__":9},"_N$horizontalScrollBar":null,"_N$verticalScrollBar":null}],"_prefab":{"__type__":"cc.PrefabInfo","root":{"__id__":1},"asset":{"__uuid__":"4fuGo2F05O56nZVTzgETcb"},"fileId":"45GQuLMxBEjZsvpwB5BR3V"},"_contentSize":{"__type__":"cc.Size","width":684,"height":360},"_position":{"__type__":"cc.Vec3","y":-70},"_scaleX":1,"_scaleY":1},{"__type__":"cc.Node","_name":"view","_parent":{"__id__":7},"_children":[{"__id__":9}],"_components":[{"__type__":"cc.Mask","node":{"__id__":8},"_N$alphaThreshold":1}],"_prefab":{"__type__":"cc.PrefabInfo","root":{"__id__":1},"asset":{"__uuid__":"4fuGo2F05O56nZVTzgETcb"},"fileId":"8cYWgES8VEuIFSRHB53yEL"},"_contentSize":{"__type__":"cc.Size","width":684,"height":360},"_scaleX":1,"_scaleY":1},{"__type__":"cc.Node","_name":"content","_parent":{"__id__":8},"_children":[{"__id__":10}],"_components":[{"__type__":"cc.Widget","node":{"__id__":9},"_wasAlignOnce":{},"isAlignOnce":{},"_alignFlags":1}],"_prefab":{"__type__":"cc.PrefabInfo","root":{"__id__":1},"asset":{"__uuid__":"4fuGo2F05O56nZVTzgETcb"},"fileId":"65TE3+ioRO5q1SrpWecPn8"},"_contentSize":{"__type__":"cc.Size","width":684,"height":360},"_anchorPoint":{"__type__":"cc.Vec2","x":0.5,"y":1},"_position":{"__type__":"cc.Vec3","y":180},"_scaleX":1,"_scaleY":1},{"__type__":"cc.Node","_name":"noticeContent","_parent":{"__id__":9},"_components":[{"__id__":11},{"__type__":"cc.Widget","node":{"__id__":10},"_wasAlignOnce":{},"isAlignOnce":{},"_alignFlags":1,"_top":6}],"_prefab":{"__type__":"cc.PrefabInfo","root":{"__id__":1},"asset":{"__uuid__":"4fuGo2F05O56nZVTzgETcb"},"fileId":"c2kpg/xb1AfppnszHVJohn"},"_color":{"__type__":"cc.Color","r":102,"g":73,"b":61},"_contentSize":{"__type__":"cc.Size","width":672,"height":42},"_anchorPoint":{"__type__":"cc.Vec2","x":0.5,"y":1},"_position":{"__type__":"cc.Vec3","y":-6},"_scaleX":1,"_scaleY":1},{"__type__":"cc.Label","node":{"__id__":10},"_useOriginalSize":false,"_fontSize":24,"_lineHeight":42,"_N$file":{"__uuid__":"f282P+0sVPqqrZwiub4W4d"},"_isSystemFontUsed":false,"_N$verticalAlign":1,"_N$overflow":3}]