[{"__type__":"cc.Prefab","_name":"phoneLogin","data":{"__id__":1}},{"__type__":"cc.Node","_name":"phoneLogin","_children":[{"__id__":2},{"__id__":4},{"__id__":8},{"__id__":9},{"__id__":10},{"__id__":14},{"__id__":16},{"__id__":18},{"__id__":22},{"__id__":23},{"__id__":24},{"__id__":25}],"_components":[{"__type__":"9c5fdwyhgBIw5pfVnZLr40e","node":{"__id__":1},"clickAudio":{"__uuid__":"ecfWSodf1HdqrJvyOKGSj4"},"mainNodeWidth":"668","mainNodeHight":"555","titleTxt":"登录","ebPhoneNum":{"__id__":6},"ebCheckCode":{"__id__":12},"delPhoneNumIcon":{"__id__":7},"delCheckCodeIcon":{"__id__":13},"txtGetCheckCode":{"__id__":20},"sfGrayBtn":{"__uuid__":"c2zDYL4G5LvIfZJ+DmQrU+"},"sfYellowBtn":{"__uuid__":"17cDUwQvhBWp1gr1gdf6iV"},"btSendSMSCheckCode":{"__id__":21}}],"_prefab":{"__type__":"cc.PrefabInfo","root":{"__id__":1},"asset":{"__uuid__":"4fvOxBZ7RDjaEeMNZ3xuDm"},"fileId":"73QRlU4nlFx4RlehT7yOBM"},"_contentSize":{"__type__":"cc.Size","width":668,"height":555},"_position":{"__type__":"cc.Vec3","y":24},"_scaleX":1,"_scaleY":1},{"__type__":"cc.Node","_name":"hintBg","_parent":{"__id__":1},"_children":[{"__id__":3}],"_components":[{"__type__":"cc.Sprite","node":{"__id__":2},"_spriteFrame":{"__uuid__":"41+YC/OuJJYbSmXAquBVJx"},"_type":1,"_sizeMode":0}],"_prefab":{"__type__":"cc.PrefabInfo","root":{"__id__":1},"asset":{"__uuid__":"4fvOxBZ7RDjaEeMNZ3xuDm"},"fileId":"18SnlRlDJHkLHnXSnM2RcU"},"_contentSize":{"__type__":"cc.Size","width":587,"height":86},"_position":{"__type__":"cc.Vec3","y":152.5},"_scaleX":1,"_scaleY":1},{"__type__":"cc.Node","_name":"hint","_parent":{"__id__":2},"_components":[{"__type__":"cc.Label","node":{"__id__":3},"_useOriginalSize":false,"_string":"登录后前往个人主页-安全中心设置密码，下次即可使用\n手机号+密码登录，更加方便哦！","_N$string":"登录后前往个人主页-安全中心设置密码，下次即可使用\n手机号+密码登录，更加方便哦！","_fontSize":21,"_lineHeight":30,"_N$file":{"__uuid__":"f282P+0sVPqqrZwiub4W4d"},"_isSystemFontUsed":false,"_N$verticalAlign":1}],"_prefab":{"__type__":"cc.PrefabInfo","root":{"__id__":1},"asset":{"__uuid__":"4fvOxBZ7RDjaEeMNZ3xuDm"},"fileId":"3fVBGYqyBAopqCewoFzM95"},"_color":{"__type__":"cc.Color","r":201,"g":94,"b":29},"_contentSize":{"__type__":"cc.Size","width":515,"height":60},"_position":{"__type__":"cc.Vec3","y":-1.5},"_scaleX":1,"_scaleY":1},{"__type__":"cc.Node","_name":"inputBg","_parent":{"__id__":1},"_children":[{"__id__":5},{"__id__":7}],"_components":[{"__type__":"cc.Sprite","node":{"__id__":4},"_spriteFrame":{"__uuid__":"b55ADG8OxJz68J7ssQZEl0"},"_type":1,"_sizeMode":0}],"_prefab":{"__type__":"cc.PrefabInfo","root":{"__id__":1},"asset":{"__uuid__":"4fvOxBZ7RDjaEeMNZ3xuDm"},"fileId":"b4lFfoEjpInqD12h+S3Y7F"},"_contentSize":{"__type__":"cc.Size","width":442,"height":56},"_position":{"__type__":"cc.Vec3","x":44,"y":65},"_scaleX":1,"_scaleY":1},{"__type__":"cc.Node","_name":"ebPhoneNum","_parent":{"__id__":4},"_components":[{"__id__":6}],"_prefab":{"__type__":"cc.PrefabInfo","root":{"__id__":1},"asset":{"__uuid__":"4fvOxBZ7RDjaEeMNZ3xuDm"},"fileId":"62H6xy31lA84wcDN4ez/Fv"},"_contentSize":{"__type__":"cc.Size","width":390,"height":56},"_anchorPoint":{"__type__":"cc.Vec2","y":0.5},"_position":{"__type__":"cc.Vec3","x":-211},"_scaleX":1,"_scaleY":1},{"__type__":"cc.EditBox","node":{"__id__":5},"_useOriginalSize":false,"textChanged":[{"__type__":"cc.ClickEvent","target":{"__id__":1},"component":"phoneLogin","handler":"editChangeEvent","customEventData":"phoneNum"}],"_N$inputMode":3,"_N$fontSize":24,"_N$fontColor":{"__type__":"cc.Color","r":145,"g":85,"b":56},"_N$placeholder":"请输入手机号","_N$placeholderFontSize":24,"_N$placeholderFontColor":{"__type__":"cc.Color","r":183,"g":159,"b":147},"_N$maxLength":11},{"__type__":"cc.Node","_name":"btDelPhoneNum","_parent":{"__id__":4},"_active":false,"_components":[{"__type__":"cc.Sprite","node":{"__id__":7},"_spriteFrame":{"__uuid__":"edrKkgnVhAKa2gO1N0c8mt"},"_sizeMode":2,"_isTrimmedMode":false},{"__type__":"cc.Button","node":{"__id__":7},"zoomScale":0.9,"clickEvents":[{"__type__":"cc.ClickEvent","target":{"__id__":1},"component":"phoneLogin","handler":"btnEvent","customEventData":"delPhoneNum"}],"_N$transition":3,"transition":3,"_N$normalColor":{"__type__":"cc.Color","r":255,"g":255,"b":255},"_N$pressedColor":{"__type__":"cc.Color","r":255,"g":255,"b":255},"pressedColor":{"__type__":"cc.Color","r":255,"g":255,"b":255},"_N$disabledColor":{"__type__":"cc.Color","r":255,"g":255,"b":255},"_N$normalSprite":{"__uuid__":"f0BIwQ8D5Ml7nTNQbh1YlS"},"_N$pressedSprite":{"__uuid__":"e97GVMl6JHh5Ml5qEDdSGa"},"pressedSprite":{"__uuid__":"e97GVMl6JHh5Ml5qEDdSGa"},"_N$hoverSprite":{"__uuid__":"e97GVMl6JHh5Ml5qEDdSGa"},"hoverSprite":{"__uuid__":"e97GVMl6JHh5Ml5qEDdSGa"},"_N$disabledSprite":{"__uuid__":"29FYIk+N1GYaeWH/q1NxQO"},"_N$target":{"__id__":7}}],"_prefab":{"__type__":"cc.PrefabInfo","root":{"__id__":1},"asset":{"__uuid__":"4fvOxBZ7RDjaEeMNZ3xuDm"},"fileId":"2anZE4e3NMcrEZv9t2u+5+"},"_contentSize":{"__type__":"cc.Size","width":40,"height":56},"_position":{"__type__":"cc.Vec3","x":195},"_scaleX":1,"_scaleY":1},{"__type__":"cc.Node","_name":"手机号","_parent":{"__id__":1},"_components":[{"__type__":"cc.Label","node":{"__id__":8},"_useOriginalSize":false,"_string":"手机号","_N$string":"手机号","_fontSize":24,"_lineHeight":30,"_N$file":{"__uuid__":"f282P+0sVPqqrZwiub4W4d"},"_isSystemFontUsed":false,"_N$verticalAlign":1}],"_prefab":{"__type__":"cc.PrefabInfo","root":{"__id__":1},"asset":{"__uuid__":"4fvOxBZ7RDjaEeMNZ3xuDm"},"fileId":"a8lktS8w1Oe4AAcuh3DtTz"},"_color":{"__type__":"cc.Color","r":102,"g":73,"b":61},"_contentSize":{"__type__":"cc.Size","width":72,"height":30},"_anchorPoint":{"__type__":"cc.Vec2","y":0.5},"_position":{"__type__":"cc.Vec3","x":-267,"y":65},"_scaleX":1,"_scaleY":1},{"__type__":"cc.Node","_name":"验证码","_parent":{"__id__":1},"_components":[{"__type__":"cc.Label","node":{"__id__":9},"_useOriginalSize":false,"_string":"验证码","_N$string":"验证码","_fontSize":24,"_lineHeight":30,"_N$file":{"__uuid__":"f282P+0sVPqqrZwiub4W4d"},"_isSystemFontUsed":false,"_N$verticalAlign":1}],"_prefab":{"__type__":"cc.PrefabInfo","root":{"__id__":1},"asset":{"__uuid__":"4fvOxBZ7RDjaEeMNZ3xuDm"},"fileId":"fbACdhCxtKipKiyBHfxZM9"},"_color":{"__type__":"cc.Color","r":102,"g":73,"b":61},"_contentSize":{"__type__":"cc.Size","width":72,"height":30},"_anchorPoint":{"__type__":"cc.Vec2","y":0.5},"_position":{"__type__":"cc.Vec3","x":-267,"y":-10.5},"_scaleX":1,"_scaleY":1},{"__type__":"cc.Node","_name":"inputBg","_parent":{"__id__":1},"_children":[{"__id__":11},{"__id__":13}],"_components":[{"__type__":"cc.Sprite","node":{"__id__":10},"_spriteFrame":{"__uuid__":"b55ADG8OxJz68J7ssQZEl0"},"_type":1,"_sizeMode":0}],"_prefab":{"__type__":"cc.PrefabInfo","root":{"__id__":1},"asset":{"__uuid__":"4fvOxBZ7RDjaEeMNZ3xuDm"},"fileId":"167EWZDZJBTo/ELFT3SGZE"},"_contentSize":{"__type__":"cc.Size","width":262,"height":56},"_position":{"__type__":"cc.Vec3","x":-46,"y":-11},"_scaleX":1,"_scaleY":1},{"__type__":"cc.Node","_name":"ebCheckCode","_parent":{"__id__":10},"_components":[{"__id__":12}],"_prefab":{"__type__":"cc.PrefabInfo","root":{"__id__":1},"asset":{"__uuid__":"4fvOxBZ7RDjaEeMNZ3xuDm"},"fileId":"4fZuc/aehCsoAZbidSnACD"},"_contentSize":{"__type__":"cc.Size","width":190,"height":56},"_anchorPoint":{"__type__":"cc.Vec2","y":0.5},"_position":{"__type__":"cc.Vec3","x":-121,"y":0.5},"_scaleX":1,"_scaleY":1},{"__type__":"cc.EditBox","node":{"__id__":11},"_useOriginalSize":false,"textChanged":[{"__type__":"cc.ClickEvent","target":{"__id__":1},"component":"phoneLogin","handler":"editChangeEvent","customEventData":"checkCode"}],"_N$inputMode":2,"_N$fontSize":24,"_N$fontColor":{"__type__":"cc.Color","r":145,"g":85,"b":56},"_N$placeholder":"请输入短信验证码","_N$placeholderFontSize":24,"_N$placeholderFontColor":{"__type__":"cc.Color","r":183,"g":159,"b":147},"_N$maxLength":6},{"__type__":"cc.Node","_name":"btDelCheckCode","_parent":{"__id__":10},"_active":false,"_components":[{"__type__":"cc.Sprite","node":{"__id__":13},"_spriteFrame":{"__uuid__":"edrKkgnVhAKa2gO1N0c8mt"},"_sizeMode":2,"_isTrimmedMode":false},{"__type__":"cc.Button","node":{"__id__":13},"zoomScale":0.9,"clickEvents":[{"__type__":"cc.ClickEvent","target":{"__id__":1},"component":"phoneLogin","handler":"btnEvent","customEventData":"delCheckCode"}],"_N$transition":3,"transition":3,"_N$normalColor":{"__type__":"cc.Color","r":255,"g":255,"b":255},"_N$pressedColor":{"__type__":"cc.Color","r":255,"g":255,"b":255},"pressedColor":{"__type__":"cc.Color","r":255,"g":255,"b":255},"_N$disabledColor":{"__type__":"cc.Color","r":255,"g":255,"b":255},"_N$normalSprite":{"__uuid__":"f0BIwQ8D5Ml7nTNQbh1YlS"},"_N$pressedSprite":{"__uuid__":"e97GVMl6JHh5Ml5qEDdSGa"},"pressedSprite":{"__uuid__":"e97GVMl6JHh5Ml5qEDdSGa"},"_N$hoverSprite":{"__uuid__":"e97GVMl6JHh5Ml5qEDdSGa"},"hoverSprite":{"__uuid__":"e97GVMl6JHh5Ml5qEDdSGa"},"_N$disabledSprite":{"__uuid__":"29FYIk+N1GYaeWH/q1NxQO"},"_N$target":{"__id__":13}}],"_prefab":{"__type__":"cc.PrefabInfo","root":{"__id__":1},"asset":{"__uuid__":"4fvOxBZ7RDjaEeMNZ3xuDm"},"fileId":"d0g5FzQz5FSo6XRiEgxn2n"},"_contentSize":{"__type__":"cc.Size","width":40,"height":56},"_position":{"__type__":"cc.Vec3","x":105},"_scaleX":1,"_scaleY":1},{"__type__":"cc.Node","_name":"btForgetPassword","_parent":{"__id__":1},"_children":[{"__id__":15}],"_components":[{"__type__":"cc.Label","node":{"__id__":14},"_useOriginalSize":false,"_string":"找回密码","_N$string":"找回密码","_fontSize":22,"_lineHeight":45,"_N$file":{"__uuid__":"f282P+0sVPqqrZwiub4W4d"},"_isSystemFontUsed":false,"_N$verticalAlign":1},{"__type__":"cc.Button","node":{"__id__":14},"zoomScale":0.9,"clickEvents":[{"__type__":"cc.ClickEvent","target":{"__id__":1},"component":"phoneLogin","handler":"btnEvent","customEventData":"forgetPassword"}],"_N$normalColor":{"__type__":"cc.Color","r":255,"g":255,"b":255},"_N$pressedColor":{"__type__":"cc.Color","r":255,"g":255,"b":255},"pressedColor":{"__type__":"cc.Color","r":255,"g":255,"b":255},"_N$disabledColor":{"__type__":"cc.Color","r":255,"g":255,"b":255},"_N$normalSprite":{"__uuid__":"f0BIwQ8D5Ml7nTNQbh1YlS"},"_N$pressedSprite":{"__uuid__":"e97GVMl6JHh5Ml5qEDdSGa"},"pressedSprite":{"__uuid__":"e97GVMl6JHh5Ml5qEDdSGa"},"_N$hoverSprite":{"__uuid__":"e97GVMl6JHh5Ml5qEDdSGa"},"hoverSprite":{"__uuid__":"e97GVMl6JHh5Ml5qEDdSGa"},"_N$disabledSprite":{"__uuid__":"29FYIk+N1GYaeWH/q1NxQO"},"_N$target":{"__id__":14}}],"_prefab":{"__type__":"cc.PrefabInfo","root":{"__id__":1},"asset":{"__uuid__":"4fvOxBZ7RDjaEeMNZ3xuDm"},"fileId":"93piv1WAZI17Ls7iMcNvxr"},"_color":{"__type__":"cc.Color","r":212,"g":147,"b":67},"_contentSize":{"__type__":"cc.Size","width":88,"height":45},"_anchorPoint":{"__type__":"cc.Vec2","x":1,"y":0.5},"_position":{"__type__":"cc.Vec3","x":261,"y":-214},"_scaleX":1,"_scaleY":1},{"__type__":"cc.Node","_name":"lock","_parent":{"__id__":14},"_active":false,"_components":[{"__type__":"cc.Sprite","node":{"__id__":15},"_spriteFrame":{"__uuid__":"c2Y0povkRLcoczZBpgpgVR"}}],"_prefab":{"__type__":"cc.PrefabInfo","root":{"__id__":1},"asset":{"__uuid__":"4fvOxBZ7RDjaEeMNZ3xuDm"},"fileId":"61oz0ODkJEL4oCw03EgIAD"},"_contentSize":{"__type__":"cc.Size","width":22,"height":26},"_position":{"__type__":"cc.Vec3","x":108,"y":1},"_scaleX":1,"_scaleY":1},{"__type__":"cc.Node","_name":"btLogin","_parent":{"__id__":1},"_children":[{"__id__":17}],"_components":[{"__type__":"cc.Sprite","node":{"__id__":16},"_spriteFrame":{"__uuid__":"44NhSl3n5NQ4oVLTJRFMVo"},"_type":1,"_sizeMode":0},{"__type__":"cc.Button","node":{"__id__":16},"zoomScale":0.9,"clickEvents":[{"__type__":"cc.ClickEvent","target":{"__id__":1},"component":"phoneLogin","handler":"btnEvent","customEventData":"login"}],"_N$transition":3,"transition":3,"_N$normalColor":{"__type__":"cc.Color","r":255,"g":255,"b":255},"_N$pressedColor":{"__type__":"cc.Color","r":255,"g":255,"b":255},"pressedColor":{"__type__":"cc.Color","r":255,"g":255,"b":255},"_N$disabledColor":{"__type__":"cc.Color","r":255,"g":255,"b":255},"_N$normalSprite":{"__uuid__":"f0BIwQ8D5Ml7nTNQbh1YlS"},"_N$pressedSprite":{"__uuid__":"e97GVMl6JHh5Ml5qEDdSGa"},"pressedSprite":{"__uuid__":"e97GVMl6JHh5Ml5qEDdSGa"},"_N$hoverSprite":{"__uuid__":"e97GVMl6JHh5Ml5qEDdSGa"},"hoverSprite":{"__uuid__":"e97GVMl6JHh5Ml5qEDdSGa"},"_N$disabledSprite":{"__uuid__":"29FYIk+N1GYaeWH/q1NxQO"},"_N$target":{"__id__":16}}],"_prefab":{"__type__":"cc.PrefabInfo","root":{"__id__":1},"asset":{"__uuid__":"4fvOxBZ7RDjaEeMNZ3xuDm"},"fileId":"694KCYQWFO2IUr/2LpORj5"},"_contentSize":{"__type__":"cc.Size","width":201,"height":69},"_position":{"__type__":"cc.Vec3","y":-109},"_scaleX":1,"_scaleY":1},{"__type__":"cc.Node","_name":"Label","_parent":{"__id__":16},"_components":[{"__type__":"cc.Label","node":{"__id__":17},"_useOriginalSize":false,"_string":"立即登录","_N$string":"立即登录","_fontSize":29,"_lineHeight":35,"_N$file":{"__uuid__":"f282P+0sVPqqrZwiub4W4d"},"_isSystemFontUsed":false,"_N$horizontalAlign":1,"_N$verticalAlign":1},{"__type__":"cc.LabelOutline","node":{"__id__":17},"_color":{"__type__":"cc.Color","r":156,"g":45,"b":8},"_width":2}],"_prefab":{"__type__":"cc.PrefabInfo","root":{"__id__":1},"asset":{"__uuid__":"4fvOxBZ7RDjaEeMNZ3xuDm"},"fileId":"adcY3Mi+VCV5WVuJG5rA9r"},"_color":{"__type__":"cc.Color","r":253,"g":255,"b":254},"_contentSize":{"__type__":"cc.Size","width":120,"height":35},"_position":{"__type__":"cc.Vec3","y":5.5},"_scaleX":1,"_scaleY":1},{"__type__":"cc.Node","_name":"btGetCheckCode","_parent":{"__id__":1},"_children":[{"__id__":19}],"_components":[{"__type__":"cc.Sprite","node":{"__id__":18},"_spriteFrame":{"__uuid__":"17cDUwQvhBWp1gr1gdf6iV"},"_type":1,"_sizeMode":0},{"__id__":21}],"_prefab":{"__type__":"cc.PrefabInfo","root":{"__id__":1},"asset":{"__uuid__":"4fvOxBZ7RDjaEeMNZ3xuDm"},"fileId":"4bk3qCsrZKWJ3zZTpkjxSM"},"_contentSize":{"__type__":"cc.Size","width":160,"height":47},"_position":{"__type__":"cc.Vec3","x":185,"y":-10.5},"_scaleX":1,"_scaleY":1},{"__type__":"cc.Node","_name":"txt","_parent":{"__id__":18},"_components":[{"__id__":20},{"__type__":"cc.LabelOutline","node":{"__id__":19},"_color":{"__type__":"cc.Color","r":209,"g":132,"b":86},"_width":2}],"_prefab":{"__type__":"cc.PrefabInfo","root":{"__id__":1},"asset":{"__uuid__":"4fvOxBZ7RDjaEeMNZ3xuDm"},"fileId":"e10TNnwrNAl7XOF7nvkT1B"},"_color":{"__type__":"cc.Color","r":253,"g":255,"b":254},"_contentSize":{"__type__":"cc.Size","width":104,"height":40},"_position":{"__type__":"cc.Vec3","y":2.8},"_scaleX":1,"_scaleY":1},{"__type__":"cc.Label","node":{"__id__":19},"_useOriginalSize":false,"_string":"获取验证码","_N$string":"获取验证码","_fontSize":20,"_N$file":{"__uuid__":"f282P+0sVPqqrZwiub4W4d"},"_isSystemFontUsed":false,"_N$horizontalAlign":1,"_N$verticalAlign":1},{"__type__":"cc.Button","node":{"__id__":18},"zoomScale":0.9,"clickEvents":[{"__type__":"cc.ClickEvent","target":{"__id__":1},"component":"phoneLogin","handler":"btnEvent","customEventData":"reqSendCheckCode"}],"_N$enableAutoGrayEffect":true,"_N$transition":3,"transition":3,"_N$normalColor":{"__type__":"cc.Color","r":255,"g":255,"b":255},"_N$pressedColor":{"__type__":"cc.Color","r":255,"g":255,"b":255},"pressedColor":{"__type__":"cc.Color","r":255,"g":255,"b":255},"_N$disabledColor":{"__type__":"cc.Color","r":255,"g":255,"b":255},"_N$normalSprite":{"__uuid__":"f0BIwQ8D5Ml7nTNQbh1YlS"},"_N$pressedSprite":{"__uuid__":"e97GVMl6JHh5Ml5qEDdSGa"},"pressedSprite":{"__uuid__":"e97GVMl6JHh5Ml5qEDdSGa"},"_N$hoverSprite":{"__uuid__":"e97GVMl6JHh5Ml5qEDdSGa"},"hoverSprite":{"__uuid__":"e97GVMl6JHh5Ml5qEDdSGa"},"_N$disabledSprite":{"__uuid__":"29FYIk+N1GYaeWH/q1NxQO"},"_N$target":{"__id__":18}},{"__type__":"cc.Node","_name":"clouds","_parent":{"__id__":1},"_components":[{"__type__":"cc.Sprite","node":{"__id__":22},"_spriteFrame":{"__uuid__":"08Hi0Fl39NZ5XPZu3pPgks"}}],"_prefab":{"__type__":"cc.PrefabInfo","root":{"__id__":1},"asset":{"__uuid__":"4fvOxBZ7RDjaEeMNZ3xuDm"},"fileId":"95kkDd1CxLS7DGA+V9ynj2"},"_contentSize":{"__type__":"cc.Size","width":48,"height":42},"_position":{"__type__":"cc.Vec3","x":298,"y":-243},"_scaleX":1,"_scaleY":1},{"__type__":"cc.Node","_name":"clouds","_parent":{"__id__":1},"_components":[{"__type__":"cc.Sprite","node":{"__id__":23},"_spriteFrame":{"__uuid__":"08Hi0Fl39NZ5XPZu3pPgks"}}],"_prefab":{"__type__":"cc.PrefabInfo","root":{"__id__":1},"asset":{"__uuid__":"4fvOxBZ7RDjaEeMNZ3xuDm"},"fileId":"03ttPYcWFHeZlkUasTtkOD"},"_contentSize":{"__type__":"cc.Size","width":48,"height":42},"_position":{"__type__":"cc.Vec3","x":-298,"y":-243},"_scaleX":-1,"_scaleY":1},{"__type__":"cc.Node","_name":"line","_parent":{"__id__":1},"_components":[{"__type__":"cc.Sprite","node":{"__id__":24},"_spriteFrame":{"__uuid__":"b64o5Ca+BBu5JQclLmxB5C"}}],"_prefab":{"__type__":"cc.PrefabInfo","root":{"__id__":1},"asset":{"__uuid__":"4fvOxBZ7RDjaEeMNZ3xuDm"},"fileId":"278hmtM6ZJA4iCE/Fb2JgS"},"_contentSize":{"__type__":"cc.Size","width":525,"height":12},"_position":{"__type__":"cc.Vec3","y":-177.5},"_scaleX":1,"_scaleY":1},{"__type__":"cc.Node","_name":"btRegister","_parent":{"__id__":1},"_children":[{"__id__":26}],"_components":[{"__type__":"cc.Label","node":{"__id__":25},"_useOriginalSize":false,"_string":"使用密码登录","_N$string":"使用密码登录","_fontSize":22,"_lineHeight":45,"_N$file":{"__uuid__":"f282P+0sVPqqrZwiub4W4d"},"_isSystemFontUsed":false,"_N$verticalAlign":1},{"__type__":"cc.Button","node":{"__id__":25},"zoomScale":0.9,"clickEvents":[{"__type__":"cc.ClickEvent","target":{"__id__":1},"component":"phoneLogin","handler":"btnEvent","customEventData":"showAccountLogin"}],"_N$normalColor":{"__type__":"cc.Color","r":255,"g":255,"b":255},"_N$pressedColor":{"__type__":"cc.Color","r":255,"g":255,"b":255},"pressedColor":{"__type__":"cc.Color","r":255,"g":255,"b":255},"_N$disabledColor":{"__type__":"cc.Color","r":255,"g":255,"b":255},"_N$normalSprite":{"__uuid__":"f0BIwQ8D5Ml7nTNQbh1YlS"},"_N$pressedSprite":{"__uuid__":"e97GVMl6JHh5Ml5qEDdSGa"},"pressedSprite":{"__uuid__":"e97GVMl6JHh5Ml5qEDdSGa"},"_N$hoverSprite":{"__uuid__":"e97GVMl6JHh5Ml5qEDdSGa"},"hoverSprite":{"__uuid__":"e97GVMl6JHh5Ml5qEDdSGa"},"_N$disabledSprite":{"__uuid__":"29FYIk+N1GYaeWH/q1NxQO"},"_N$target":{"__id__":25}}],"_prefab":{"__type__":"cc.PrefabInfo","root":{"__id__":1},"asset":{"__uuid__":"4fvOxBZ7RDjaEeMNZ3xuDm"},"fileId":"66ARXalGVLoIb7HVccRxVc"},"_color":{"__type__":"cc.Color","r":212,"g":147,"b":67},"_contentSize":{"__type__":"cc.Size","width":132,"height":45},"_anchorPoint":{"__type__":"cc.Vec2","y":0.5},"_position":{"__type__":"cc.Vec3","x":-262,"y":-214.5},"_scaleX":1,"_scaleY":1},{"__type__":"cc.Node","_name":"register","_parent":{"__id__":25},"_active":false,"_components":[{"__type__":"cc.Sprite","node":{"__id__":26},"_spriteFrame":{"__uuid__":"b7SNhvfDJFer12npeIs1NG"}}],"_prefab":{"__type__":"cc.PrefabInfo","root":{"__id__":1},"asset":{"__uuid__":"4fvOxBZ7RDjaEeMNZ3xuDm"},"fileId":"48YSPADdNFHLnj7h5vUpYj"},"_contentSize":{"__type__":"cc.Size","width":30,"height":28},"_position":{"__type__":"cc.Vec3","x":115,"y":2},"_scaleX":1,"_scaleY":1}]