{"__type__":"cc.SpriteAtlas","_spriteFrames":{"zjh_xf_sg_00029":{"__uuid__":"0fugPs/9NFLrdoxLAiRu2a"},"zjh_xf_sg_00030":{"__uuid__":"84RpqpO4tAOY6Gp4HGAazt"},"zjh_xf_sg_00028":{"__uuid__":"dfjM39xYpBI6bjgSQm+Uwq"},"zjh_xf_sg_00041":{"__uuid__":"e95wEPLldHyoK2CV4f5V1B"},"zjh_xf_sg_00015":{"__uuid__":"a0LPzhHmtPn4vSaAkOfWGh"},"zjh_xf_sg_00014":{"__uuid__":"1b3Y/L4hNLAL5tfBNsyuMb"},"zjh_xf_sg_00042":{"__uuid__":"8cNm1qcqFIapIiXG8AkNdK"},"zjh_xf_sg_00027":{"__uuid__":"e44SjQzY5JwrbPWCr1pKSs"},"zjh_xf_sg_00031":{"__uuid__":"bdzoja9y9KAqQmMRssR3Ki"},"zjh_xf_sg_00026":{"__uuid__":"9ca7igsNNLq632IB07o2pt"},"zjh_xf_sg_00016":{"__uuid__":"8cVDiJH7dL84pEFvvSmL99"},"zjh_xf_sg_00032":{"__uuid__":"1bUGB1bWZG36Pf097Of7mh"},"zjh_xf_sg_00025":{"__uuid__":"f1RstXE9NIKob9bYQ7RvdG"},"zjh_xf_sg_00033":{"__uuid__":"33pajqANJPNKHWkOboI1TU"},"zjh_xf_sg_00021":{"__uuid__":"52IUM7BU1AAYYPOX3k3FJT"},"zjh_xf_sg_00036":{"__uuid__":"62rGInHjFCTqL/xMeb3+RR"},"zjh_xf_sg_00024":{"__uuid__":"5c+WnzpL9PTIjOC0wA+8Wl"},"zjh_xf_sg_00020":{"__uuid__":"8f63RiJrpDx4B4DKKtVXgt"},"zjh_xf_sg_00037":{"__uuid__":"89mDU/ZOdHULeN6Md5aqxC"},"zjh_xf_sg_00019":{"__uuid__":"c7gFSYx+NJ7YSwbKlaDBMR"},"zjh_xf_sg_00023":{"__uuid__":"1bSrXCfipDio//V6jrLCr6"},"zjh_xf_sg_00034":{"__uuid__":"bcOvZgnFJOq58kB/BPiMAl"},"zjh_xf_sg_00022":{"__uuid__":"56sOQOhstM3542O5PFRqfI"},"zjh_xf_sg_00035":{"__uuid__":"d73g9eSmZNz5X2UQG8WE6O"},"zjh_xf_sg_00038":{"__uuid__":"50VBQoH2hO5I7HRIHGtCyl"},"zjh_xf_sg_00018":{"__uuid__":"21bhK4ODdBtb1ecRSvI8yz"},"zjh_xf_sg_00039":{"__uuid__":"55y7H4l6hGk5uyeoySNTho"},"zjh_xf_sg_00017":{"__uuid__":"98cWoaFlJADbuHpZFTc9LJ"},"zjh_xf_sg_00040":{"__uuid__":"ean8fYS7ZFo5VY8agLgBKi"}}}