[{"__type__":"cc.Prefab","_name":"agentReport_item","data":{"__id__":1},"asyncLoadAssets":true},{"__type__":"cc.Node","_name":"agentReport_item","_children":[{"__id__":2},{"__id__":3},{"__id__":5},{"__id__":7},{"__id__":9},{"__id__":11},{"__id__":13}],"_components":[{"__type__":"7de14QZvt1OQ6/ON9S6weiw","node":{"__id__":1},"userAccount":{"__id__":4},"level":{"__id__":6},"levelName":{"__id__":8},"inMoney":{"__id__":10},"payeeMoney":{"__id__":12},"profit":{"__id__":14}}],"_prefab":{"__type__":"cc.PrefabInfo","root":{"__id__":1},"asset":{"__uuid__":"588WkqwtFEGLVx0i0152bx"},"fileId":"13YNcUJTJBsJ+lyaOFTYH0"},"_color":{"__type__":"cc.Color"},"_contentSize":{"__type__":"cc.Size","width":992,"height":48},"_anchorPoint":{"__type__":"cc.Vec2","x":0.5,"y":1},"_scaleX":1,"_scaleY":1},{"__type__":"cc.Node","_name":"bg","_parent":{"__id__":1},"_components":[{"__type__":"cc.Sprite","node":{"__id__":2},"_spriteFrame":{"__uuid__":"a2MjXRFdtLlYQ5ouAFv/+R"},"_sizeMode":0}],"_prefab":{"__type__":"cc.PrefabInfo","root":{"__id__":1},"asset":{"__uuid__":"588WkqwtFEGLVx0i0152bx"},"fileId":"aePMUGTM1C1L3Olb3fsANE"},"_color":{"__type__":"cc.Color","r":252,"g":250,"b":243},"_contentSize":{"__type__":"cc.Size","width":992,"height":48},"_anchorPoint":{"__type__":"cc.Vec2","x":0.5,"y":1},"_scaleX":1,"_scaleY":1},{"__type__":"cc.Node","_name":"userAccount","_parent":{"__id__":1},"_components":[{"__id__":4}],"_prefab":{"__type__":"cc.PrefabInfo","root":{"__id__":1},"asset":{"__uuid__":"588WkqwtFEGLVx0i0152bx"},"fileId":"a843/2krFGn6GfLaaO4WFT"},"_color":{"__type__":"cc.Color","r":106,"g":81,"b":66},"_contentSize":{"__type__":"cc.Size","width":54,"height":40},"_position":{"__type__":"cc.Vec3","x":-390.7,"y":-24},"_scaleX":1,"_scaleY":1},{"__type__":"cc.Label","node":{"__id__":3},"_useOriginalSize":false,"_string":"Label","_N$string":"Label","_fontSize":24,"_N$file":{"__uuid__":"f282P+0sVPqqrZwiub4W4d"},"_isSystemFontUsed":false,"_N$horizontalAlign":1,"_N$verticalAlign":1},{"__type__":"cc.Node","_name":"level","_parent":{"__id__":1},"_components":[{"__id__":6}],"_prefab":{"__type__":"cc.PrefabInfo","root":{"__id__":1},"asset":{"__uuid__":"588WkqwtFEGLVx0i0152bx"},"fileId":"35zs0egMZL+JOgy+hlGR5h"},"_color":{"__type__":"cc.Color","r":106,"g":81,"b":66},"_contentSize":{"__type__":"cc.Size","width":33,"height":40},"_position":{"__type__":"cc.Vec3","x":-242,"y":-24},"_scaleX":1,"_scaleY":1},{"__type__":"cc.Label","node":{"__id__":5},"_useOriginalSize":false,"_string":"1级","_N$string":"1级","_fontSize":22,"_N$file":{"__uuid__":"f282P+0sVPqqrZwiub4W4d"},"_isSystemFontUsed":false,"_N$horizontalAlign":1,"_N$verticalAlign":1},{"__type__":"cc.Node","_name":"level_name","_parent":{"__id__":1},"_components":[{"__id__":8}],"_prefab":{"__type__":"cc.PrefabInfo","root":{"__id__":1},"asset":{"__uuid__":"588WkqwtFEGLVx0i0152bx"},"fileId":"6borT4RtdE/oI+zPaa9FeS"},"_color":{"__type__":"cc.Color","r":106,"g":81,"b":66},"_contentSize":{"__type__":"cc.Size","width":48,"height":40},"_position":{"__type__":"cc.Vec3","x":-88,"y":-24},"_scaleX":1,"_scaleY":1},{"__type__":"cc.Label","node":{"__id__":7},"_useOriginalSize":false,"_string":"新手","_N$string":"新手","_fontSize":24,"_N$file":{"__uuid__":"f282P+0sVPqqrZwiub4W4d"},"_isSystemFontUsed":false,"_N$horizontalAlign":1,"_N$verticalAlign":1},{"__type__":"cc.Node","_name":"inMoney","_parent":{"__id__":1},"_components":[{"__id__":10}],"_prefab":{"__type__":"cc.PrefabInfo","root":{"__id__":1},"asset":{"__uuid__":"588WkqwtFEGLVx0i0152bx"},"fileId":"00fT+PjiNI6p2ZLsZng368"},"_color":{"__type__":"cc.Color","r":89,"g":63,"b":45},"_contentSize":{"__type__":"cc.Size","width":66,"height":40},"_position":{"__type__":"cc.Vec3","x":81.1,"y":-24},"_scaleX":1,"_scaleY":1},{"__type__":"cc.Label","node":{"__id__":9},"_useOriginalSize":false,"_string":"100.00","_N$string":"100.00","_fontSize":24,"_N$file":{"__uuid__":"f282P+0sVPqqrZwiub4W4d"},"_isSystemFontUsed":false,"_N$horizontalAlign":1,"_N$verticalAlign":1},{"__type__":"cc.Node","_name":"payeeMoney","_parent":{"__id__":1},"_components":[{"__id__":12}],"_prefab":{"__type__":"cc.PrefabInfo","root":{"__id__":1},"asset":{"__uuid__":"588WkqwtFEGLVx0i0152bx"},"fileId":"a6LdtBCp1MO6tkYPJQa460"},"_color":{"__type__":"cc.Color","r":89,"g":63,"b":45},"_contentSize":{"__type__":"cc.Size","width":42,"height":40},"_position":{"__type__":"cc.Vec3","x":217.4,"y":-24},"_scaleX":1,"_scaleY":1},{"__type__":"cc.Label","node":{"__id__":11},"_useOriginalSize":false,"_string":"0.00","_N$string":"0.00","_fontSize":24,"_N$file":{"__uuid__":"f282P+0sVPqqrZwiub4W4d"},"_isSystemFontUsed":false,"_N$horizontalAlign":1,"_N$verticalAlign":1},{"__type__":"cc.Node","_name":"profit","_parent":{"__id__":1},"_components":[{"__id__":14}],"_prefab":{"__type__":"cc.PrefabInfo","root":{"__id__":1},"asset":{"__uuid__":"588WkqwtFEGLVx0i0152bx"},"fileId":"c93dydjDhKp5Tn2ndslxjl"},"_color":{"__type__":"cc.Color","r":106,"g":81,"b":66},"_contentSize":{"__type__":"cc.Size","height":40},"_position":{"__type__":"cc.Vec3","x":371,"y":-24},"_scaleX":1,"_scaleY":1},{"__type__":"cc.Label","node":{"__id__":13},"_useOriginalSize":false,"_fontSize":24,"_N$file":{"__uuid__":"f282P+0sVPqqrZwiub4W4d"},"_isSystemFontUsed":false,"_N$horizontalAlign":1,"_N$verticalAlign":1}]