[{"__type__":"cc.Prefab","_name":"bindAndCheckPhoneNum","data":{"__id__":1}},{"__type__":"cc.Node","_name":"bindAndCheckPhoneNum","_children":[{"__id__":2},{"__id__":4},{"__id__":19}],"_components":[{"__type__":"ff85eSKOE5CS7cer/hUmyxq","node":{"__id__":1},"clickAudio":{"__uuid__":"ecfWSodf1HdqrJvyOKGSj4"},"mainNodeWidth":"668","mainNodeHight":"432","titleTxt":"验证手机号","ebPhoneNum":{"__id__":8},"ebCheckCode":{"__id__":14},"delPhoneNumIcon":{"__id__":9},"centre":{"__id__":4},"hintBg":{"__id__":2},"txtConfirm":{"__id__":21},"txtGetCheckCode":{"__id__":17},"sfGrayBtn":{"__uuid__":"c2zDYL4G5LvIfZJ+DmQrU+"},"sfYellowBtn":{"__uuid__":"17cDUwQvhBWp1gr1gdf6iV"},"sfDisableInputBg":{"__uuid__":"7224vtOsdOJZuZLcKCyUbx"},"btSendSMSCheckCode":{"__id__":18}}],"_prefab":{"__type__":"cc.PrefabInfo","root":{"__id__":1},"asset":{"__uuid__":"17IYGfWRVHoLQFJINR5FkD"},"fileId":"b6DaoioU9B3piHp3u8xQiK"},"_contentSize":{"__type__":"cc.Size","width":668,"height":432},"_position":{"__type__":"cc.Vec3","y":24},"_scaleX":1,"_scaleY":1},{"__type__":"cc.Node","_name":"hintBg","_parent":{"__id__":1},"_children":[{"__id__":3}],"_components":[{"__type__":"cc.Sprite","node":{"__id__":2},"_spriteFrame":{"__uuid__":"41+YC/OuJJYbSmXAquBVJx"},"_type":1,"_sizeMode":0}],"_prefab":{"__type__":"cc.PrefabInfo","root":{"__id__":1},"asset":{"__uuid__":"17IYGfWRVHoLQFJINR5FkD"},"fileId":"050tY30h9AZrtVKhAiAPeV"},"_opacity":0,"_contentSize":{"__type__":"cc.Size","width":609,"height":54},"_position":{"__type__":"cc.Vec3","y":97},"_scaleX":1,"_scaleY":1},{"__type__":"cc.Node","_name":"hint","_parent":{"__id__":2},"_components":[{"__type__":"cc.Label","node":{"__id__":3},"_useOriginalSize":false,"_string":"绑定手机号后，就可以用手机号+密码登录哦！","_N$string":"绑定手机号后，就可以用手机号+密码登录哦！","_fontSize":20,"_lineHeight":25,"_N$file":{"__uuid__":"f282P+0sVPqqrZwiub4W4d"},"_isSystemFontUsed":false,"_N$horizontalAlign":1,"_N$verticalAlign":1}],"_prefab":{"__type__":"cc.PrefabInfo","root":{"__id__":1},"asset":{"__uuid__":"17IYGfWRVHoLQFJINR5FkD"},"fileId":"fbjZ+chpJLRLUpZjXLG3r8"},"_color":{"__type__":"cc.Color","r":201,"g":94,"b":29},"_contentSize":{"__type__":"cc.Size","width":412,"height":25},"_anchorPoint":{"__type__":"cc.Vec2","y":0.5},"_position":{"__type__":"cc.Vec3","x":-274.5,"y":0.5},"_scaleX":1,"_scaleY":1},{"__type__":"cc.Node","_name":"centre","_parent":{"__id__":1},"_children":[{"__id__":5},{"__id__":10},{"__id__":11},{"__id__":12},{"__id__":15}],"_prefab":{"__type__":"cc.PrefabInfo","root":{"__id__":1},"asset":{"__uuid__":"17IYGfWRVHoLQFJINR5FkD"},"fileId":"21YNSNpIlMhJlusY/Uh/gR"},"_position":{"__type__":"cc.Vec3","y":25},"_scaleX":1,"_scaleY":1},{"__type__":"cc.Node","_name":"inputBg","_parent":{"__id__":4},"_children":[{"__id__":6},{"__id__":9}],"_components":[{"__type__":"cc.Sprite","node":{"__id__":5},"_spriteFrame":{"__uuid__":"b55ADG8OxJz68J7ssQZEl0"},"_type":1,"_sizeMode":0}],"_prefab":{"__type__":"cc.PrefabInfo","root":{"__id__":1},"asset":{"__uuid__":"17IYGfWRVHoLQFJINR5FkD"},"fileId":"12PisgglxPIqWWqny+YMTC"},"_contentSize":{"__type__":"cc.Size","width":442,"height":56},"_position":{"__type__":"cc.Vec3","x":44,"y":39},"_scaleX":1,"_scaleY":1},{"__type__":"cc.Node","_name":"ebPhoneNum","_parent":{"__id__":5},"_children":[{"__id__":7}],"_components":[{"__id__":8}],"_prefab":{"__type__":"cc.PrefabInfo","root":{"__id__":1},"asset":{"__uuid__":"17IYGfWRVHoLQFJINR5FkD"},"fileId":"cb3ml5GtBIvJik2MNSSHOk"},"_contentSize":{"__type__":"cc.Size","width":390,"height":56},"_anchorPoint":{"__type__":"cc.Vec2","y":0.5},"_position":{"__type__":"cc.Vec3","x":-211},"_scaleX":1,"_scaleY":1},{"__type__":"cc.Node","_name":"mask","_parent":{"__id__":6},"_active":false,"_components":[{"__type__":"cc.BlockInputEvents","node":{"__id__":7}}],"_prefab":{"__type__":"cc.PrefabInfo","root":{"__id__":1},"asset":{"__uuid__":"17IYGfWRVHoLQFJINR5FkD"},"fileId":"ee0Yv2VstN6ZUHMra9EFJQ"},"_contentSize":{"__type__":"cc.Size","width":395,"height":60},"_anchorPoint":{"__type__":"cc.Vec2","y":0.5},"_scaleX":1,"_scaleY":1},{"__type__":"cc.EditBox","node":{"__id__":6},"_useOriginalSize":false,"textChanged":[{"__type__":"cc.ClickEvent","target":{"__id__":1},"component":"bindAndCheckPhoneNum","handler":"editChangeEvent","customEventData":"phoneNum"}],"_N$inputMode":3,"_N$fontSize":24,"_N$fontColor":{"__type__":"cc.Color","r":145,"g":85,"b":56},"_N$placeholder":"请输入手机号","_N$placeholderFontSize":24,"_N$placeholderFontColor":{"__type__":"cc.Color","r":183,"g":159,"b":147},"_N$maxLength":11},{"__type__":"cc.Node","_name":"btDelPhoneNum","_parent":{"__id__":5},"_active":false,"_components":[{"__type__":"cc.Sprite","node":{"__id__":9},"_spriteFrame":{"__uuid__":"edrKkgnVhAKa2gO1N0c8mt"},"_sizeMode":2,"_isTrimmedMode":false},{"__type__":"cc.Button","node":{"__id__":9},"zoomScale":0.9,"clickEvents":[{"__type__":"cc.ClickEvent","target":{"__id__":1},"component":"bindAndCheckPhoneNum","handler":"btnEvent","customEventData":"delPhoneNum"}],"_N$transition":3,"transition":3,"_N$normalColor":{"__type__":"cc.Color","r":255,"g":255,"b":255},"_N$pressedColor":{"__type__":"cc.Color","r":255,"g":255,"b":255},"pressedColor":{"__type__":"cc.Color","r":255,"g":255,"b":255},"_N$disabledColor":{"__type__":"cc.Color","r":255,"g":255,"b":255},"_N$normalSprite":{"__uuid__":"f0BIwQ8D5Ml7nTNQbh1YlS"},"_N$pressedSprite":{"__uuid__":"e97GVMl6JHh5Ml5qEDdSGa"},"pressedSprite":{"__uuid__":"e97GVMl6JHh5Ml5qEDdSGa"},"_N$hoverSprite":{"__uuid__":"e97GVMl6JHh5Ml5qEDdSGa"},"hoverSprite":{"__uuid__":"e97GVMl6JHh5Ml5qEDdSGa"},"_N$disabledSprite":{"__uuid__":"29FYIk+N1GYaeWH/q1NxQO"},"_N$target":{"__id__":9}}],"_prefab":{"__type__":"cc.PrefabInfo","root":{"__id__":1},"asset":{"__uuid__":"17IYGfWRVHoLQFJINR5FkD"},"fileId":"db30LudP5HhrUqJDTf0CkP"},"_contentSize":{"__type__":"cc.Size","width":40,"height":56},"_position":{"__type__":"cc.Vec3","x":195},"_scaleX":1,"_scaleY":1},{"__type__":"cc.Node","_name":"手机号","_parent":{"__id__":4},"_components":[{"__type__":"cc.Label","node":{"__id__":10},"_useOriginalSize":false,"_string":"手机号","_N$string":"手机号","_fontSize":24,"_lineHeight":35,"_N$file":{"__uuid__":"f282P+0sVPqqrZwiub4W4d"},"_isSystemFontUsed":false,"_N$verticalAlign":1}],"_prefab":{"__type__":"cc.PrefabInfo","root":{"__id__":1},"asset":{"__uuid__":"17IYGfWRVHoLQFJINR5FkD"},"fileId":"e4pLEq0LBGV7U/blyh5ZA6"},"_color":{"__type__":"cc.Color","r":102,"g":73,"b":61},"_contentSize":{"__type__":"cc.Size","width":72,"height":35},"_anchorPoint":{"__type__":"cc.Vec2","y":0.5},"_position":{"__type__":"cc.Vec3","x":-267,"y":39},"_scaleX":1,"_scaleY":1},{"__type__":"cc.Node","_name":"验证码","_parent":{"__id__":4},"_components":[{"__type__":"cc.Label","node":{"__id__":11},"_useOriginalSize":false,"_string":"验证码","_N$string":"验证码","_fontSize":24,"_lineHeight":35,"_N$file":{"__uuid__":"f282P+0sVPqqrZwiub4W4d"},"_isSystemFontUsed":false,"_N$verticalAlign":1}],"_prefab":{"__type__":"cc.PrefabInfo","root":{"__id__":1},"asset":{"__uuid__":"17IYGfWRVHoLQFJINR5FkD"},"fileId":"0ehL7sfYtJe6ZCuT4EURvb"},"_color":{"__type__":"cc.Color","r":102,"g":73,"b":61},"_contentSize":{"__type__":"cc.Size","width":72,"height":35},"_anchorPoint":{"__type__":"cc.Vec2","y":0.5},"_position":{"__type__":"cc.Vec3","x":-267,"y":-36.5},"_scaleX":1,"_scaleY":1},{"__type__":"cc.Node","_name":"inputBg","_parent":{"__id__":4},"_children":[{"__id__":13}],"_components":[{"__type__":"cc.Sprite","node":{"__id__":12},"_spriteFrame":{"__uuid__":"b55ADG8OxJz68J7ssQZEl0"},"_type":1,"_sizeMode":0}],"_prefab":{"__type__":"cc.PrefabInfo","root":{"__id__":1},"asset":{"__uuid__":"17IYGfWRVHoLQFJINR5FkD"},"fileId":"b0K9LkuuJJ5qK9iM+Yd5BF"},"_contentSize":{"__type__":"cc.Size","width":262,"height":56},"_position":{"__type__":"cc.Vec3","x":-46,"y":-37},"_scaleX":1,"_scaleY":1},{"__type__":"cc.Node","_name":"ebCheckCode","_parent":{"__id__":12},"_components":[{"__id__":14}],"_prefab":{"__type__":"cc.PrefabInfo","root":{"__id__":1},"asset":{"__uuid__":"17IYGfWRVHoLQFJINR5FkD"},"fileId":"1dGrh85QdBto/WBoxOpByE"},"_contentSize":{"__type__":"cc.Size","width":242,"height":56},"_position":{"__type__":"cc.Vec3","y":0.5},"_scaleX":1,"_scaleY":1},{"__type__":"cc.EditBox","node":{"__id__":13},"_useOriginalSize":false,"_N$inputMode":2,"_N$fontSize":24,"_N$fontColor":{"__type__":"cc.Color","r":145,"g":85,"b":56},"_N$placeholder":"请输入短信验证码","_N$placeholderFontSize":24,"_N$placeholderFontColor":{"__type__":"cc.Color","r":183,"g":159,"b":147},"_N$maxLength":6},{"__type__":"cc.Node","_name":"btGetCheckCode","_parent":{"__id__":4},"_children":[{"__id__":16}],"_components":[{"__type__":"cc.Sprite","node":{"__id__":15},"_spriteFrame":{"__uuid__":"17cDUwQvhBWp1gr1gdf6iV"},"_type":1,"_sizeMode":0},{"__id__":18}],"_prefab":{"__type__":"cc.PrefabInfo","root":{"__id__":1},"asset":{"__uuid__":"17IYGfWRVHoLQFJINR5FkD"},"fileId":"ddWJVuifFANZh5BMthxl28"},"_contentSize":{"__type__":"cc.Size","width":160,"height":47},"_position":{"__type__":"cc.Vec3","x":185,"y":-36.5},"_scaleX":1,"_scaleY":1},{"__type__":"cc.Node","_name":"txt","_parent":{"__id__":15},"_components":[{"__id__":17},{"__type__":"cc.LabelOutline","node":{"__id__":16},"_color":{"__type__":"cc.Color","r":209,"g":132,"b":86},"_width":2}],"_prefab":{"__type__":"cc.PrefabInfo","root":{"__id__":1},"asset":{"__uuid__":"17IYGfWRVHoLQFJINR5FkD"},"fileId":"41MXvGxYJN+ZaGOBy3afls"},"_color":{"__type__":"cc.Color","r":253,"g":255,"b":254},"_contentSize":{"__type__":"cc.Size","width":104,"height":40},"_position":{"__type__":"cc.Vec3","y":2.8},"_scaleX":1,"_scaleY":1},{"__type__":"cc.Label","node":{"__id__":16},"_useOriginalSize":false,"_string":"获取验证码","_N$string":"获取验证码","_fontSize":20,"_N$file":{"__uuid__":"f282P+0sVPqqrZwiub4W4d"},"_isSystemFontUsed":false,"_N$horizontalAlign":1,"_N$verticalAlign":1},{"__type__":"cc.Button","node":{"__id__":15},"zoomScale":0.9,"clickEvents":[{"__type__":"cc.ClickEvent","target":{"__id__":1},"component":"bindAndCheckPhoneNum","handler":"btnEvent","customEventData":"reqSendCheckCode"}],"_N$enableAutoGrayEffect":true,"_N$transition":3,"transition":3,"_N$normalColor":{"__type__":"cc.Color","r":255,"g":255,"b":255},"_N$pressedColor":{"__type__":"cc.Color","r":255,"g":255,"b":255},"pressedColor":{"__type__":"cc.Color","r":255,"g":255,"b":255},"_N$disabledColor":{"__type__":"cc.Color","r":255,"g":255,"b":255},"_N$normalSprite":{"__uuid__":"f0BIwQ8D5Ml7nTNQbh1YlS"},"_N$pressedSprite":{"__uuid__":"e97GVMl6JHh5Ml5qEDdSGa"},"pressedSprite":{"__uuid__":"e97GVMl6JHh5Ml5qEDdSGa"},"_N$hoverSprite":{"__uuid__":"e97GVMl6JHh5Ml5qEDdSGa"},"hoverSprite":{"__uuid__":"e97GVMl6JHh5Ml5qEDdSGa"},"_N$disabledSprite":{"__uuid__":"29FYIk+N1GYaeWH/q1NxQO"},"_N$target":{"__id__":15}},{"__type__":"cc.Node","_name":"btLogin","_parent":{"__id__":1},"_children":[{"__id__":20}],"_components":[{"__type__":"cc.Sprite","node":{"__id__":19},"_spriteFrame":{"__uuid__":"44NhSl3n5NQ4oVLTJRFMVo"},"_type":1,"_sizeMode":0},{"__type__":"cc.Button","node":{"__id__":19},"zoomScale":0.9,"clickEvents":[{"__type__":"cc.ClickEvent","target":{"__id__":1},"component":"bindAndCheckPhoneNum","handler":"btnEvent","customEventData":"confirm"}],"_N$transition":3,"transition":3,"_N$normalColor":{"__type__":"cc.Color","r":255,"g":255,"b":255},"_N$pressedColor":{"__type__":"cc.Color","r":255,"g":255,"b":255},"pressedColor":{"__type__":"cc.Color","r":255,"g":255,"b":255},"_N$disabledColor":{"__type__":"cc.Color","r":255,"g":255,"b":255},"_N$normalSprite":{"__uuid__":"f0BIwQ8D5Ml7nTNQbh1YlS"},"_N$pressedSprite":{"__uuid__":"e97GVMl6JHh5Ml5qEDdSGa"},"pressedSprite":{"__uuid__":"e97GVMl6JHh5Ml5qEDdSGa"},"_N$hoverSprite":{"__uuid__":"e97GVMl6JHh5Ml5qEDdSGa"},"hoverSprite":{"__uuid__":"e97GVMl6JHh5Ml5qEDdSGa"},"_N$disabledSprite":{"__uuid__":"29FYIk+N1GYaeWH/q1NxQO"},"_N$target":{"__id__":19}}],"_prefab":{"__type__":"cc.PrefabInfo","root":{"__id__":1},"asset":{"__uuid__":"17IYGfWRVHoLQFJINR5FkD"},"fileId":"a9fjqaAetD8LWTuJo9io7u"},"_contentSize":{"__type__":"cc.Size","width":201,"height":69},"_position":{"__type__":"cc.Vec3","y":-135},"_scaleX":1,"_scaleY":1},{"__type__":"cc.Node","_name":"Label","_parent":{"__id__":19},"_components":[{"__id__":21},{"__type__":"cc.LabelOutline","node":{"__id__":20},"_color":{"__type__":"cc.Color","r":156,"g":45,"b":8},"_width":2}],"_prefab":{"__type__":"cc.PrefabInfo","root":{"__id__":1},"asset":{"__uuid__":"17IYGfWRVHoLQFJINR5FkD"},"fileId":"66jViOG3NAjYe1b6lMGq7C"},"_color":{"__type__":"cc.Color","r":253,"g":255,"b":254},"_contentSize":{"__type__":"cc.Size","width":62,"height":35},"_position":{"__type__":"cc.Vec3","y":5.5},"_scaleX":1,"_scaleY":1},{"__type__":"cc.Label","node":{"__id__":20},"_useOriginalSize":false,"_string":"确定","_N$string":"确定","_fontSize":29,"_lineHeight":35,"_N$file":{"__uuid__":"f282P+0sVPqqrZwiub4W4d"},"_isSystemFontUsed":false,"_N$horizontalAlign":1,"_N$verticalAlign":1}]