{"__type__":"cc.JsonAsset","_name":"help17","json":{"topHelpKind":["玩法简介","赔率说明"],"content0":[{"str":"玩法简介：游戏每局有15s的下注时间，下注时间内玩家可在任意下注区域下注，下注时间结束后开始开奖。开奖时，灯光开始转动，每局开奖圈数不固定，最后灯光所停的位置代表该局游戏的开奖结果。若玩家押中开奖的下注点，即可获得相应的奖金。","componentType":"label"},{"str":"下注点：该游戏共有4种汽车标志，每种标志分为大小两种样式对应8个下注区域，玩家可在所有下注区域任意下注。","componentType":"label","spacing":20},{"str":"结算公式：\nA=本局开奖点倍数\nX=玩家在开奖点下注的金额\nY=玩家在本局的总下注金额\n本局玩家赢得的奖金=A*X-Y","componentType":"label","spacing":20}],"content1":[{"str":"赔付：下注后在结算前无法退出游戏，请耐心等游戏结束。\n当玩家在一个下注点下的游戏币达到该房间的限额时，将无法在此下注点下注，可选择换个下注点下注。","componentType":"label"},{"str":"赔率：\n保时捷（大）          40倍\n宝马（大）             25倍\n奔驰（大）             15倍\n大众（大）             10倍\n保时捷（小）          5倍\n宝马（小）              5倍\n奔驰（小）              5倍\n大众（小）              5倍","componentType":"label","spacing":20}]}}