[{"__type__":"cc.Prefab","_name":"yinShangItem","data":{"__id__":1}},{"__type__":"cc.Node","_name":"yinShangItem","_children":[{"__id__":2},{"__id__":3},{"__id__":4},{"__id__":6},{"__id__":8},{"__id__":10},{"__id__":12},{"__id__":14}],"_components":[{"__type__":"d31c19HS2pPcqL04SnDswDQ","node":{"__id__":1},"txtNickname":{"__id__":5},"txtSingleRecharge":{"__id__":7},"spContectWays":[{"__id__":9},{"__id__":11},{"__id__":13}],"sfContectWays":[{"__uuid__":"a58v4oPgdIkLL4oa1IOL4+"},{"__uuid__":"d25Q54GjNHXrfpMnnWYOPH"},{"__uuid__":"81LY+eEJNBh6mfh7fezRO6"}],"acClick":{"__uuid__":"ecfWSodf1HdqrJvyOKGSj4"}}],"_prefab":{"__type__":"cc.PrefabInfo","root":{"__id__":1},"asset":{"__uuid__":"43vwf1gBxAa62TJIQKkPvO"},"fileId":"d4+kwdlUBK6pruwL4frN7f"},"_contentSize":{"__type__":"cc.Size","width":623,"height":128},"_scaleX":1,"_scaleY":1},{"__type__":"cc.Node","_name":"bg","_parent":{"__id__":1},"_components":[{"__type__":"cc.Sprite","node":{"__id__":2},"_spriteFrame":{"__uuid__":"4768e8njhHzZae/PIk4ir9"},"_type":1,"_sizeMode":0}],"_prefab":{"__type__":"cc.PrefabInfo","root":{"__id__":1},"asset":{"__uuid__":"43vwf1gBxAa62TJIQKkPvO"},"fileId":"0dUc8NnmJATL4yy9rz9xD9"},"_contentSize":{"__type__":"cc.Size","width":623,"height":132},"_scaleX":1,"_scaleY":1},{"__type__":"cc.Node","_name":"line","_parent":{"__id__":1},"_components":[{"__type__":"cc.Sprite","node":{"__id__":3},"_spriteFrame":{"__uuid__":"8e8c45zMJN8IS311Pd2ZSo"},"_type":2,"_sizeMode":0}],"_prefab":{"__type__":"cc.PrefabInfo","root":{"__id__":1},"asset":{"__uuid__":"43vwf1gBxAa62TJIQKkPvO"},"fileId":"cc/I+/IlNFYYbJBK9jmeJK"},"_contentSize":{"__type__":"cc.Size","width":589,"height":1},"_position":{"__type__":"cc.Vec3","y":7.5},"_scaleX":1,"_scaleY":1},{"__type__":"cc.Node","_name":"nickname","_parent":{"__id__":1},"_components":[{"__id__":5}],"_prefab":{"__type__":"cc.PrefabInfo","root":{"__id__":1},"asset":{"__uuid__":"43vwf1gBxAa62TJIQKkPvO"},"fileId":"4f+6egBTZHr6+YSjbBqpVN"},"_color":{"__type__":"cc.Color","r":102,"g":73,"b":61},"_contentSize":{"__type__":"cc.Size","height":24},"_anchorPoint":{"__type__":"cc.Vec2","y":0.5},"_position":{"__type__":"cc.Vec3","x":-293.5,"y":35},"_scaleX":1,"_scaleY":1},{"__type__":"cc.Label","node":{"__id__":4},"_useOriginalSize":false,"_fontSize":22,"_lineHeight":24,"_enableWrapText":false,"_N$file":{"__uuid__":"f282P+0sVPqqrZwiub4W4d"},"_isSystemFontUsed":false,"_N$verticalAlign":1},{"__type__":"cc.Node","_name":"singleMoney","_parent":{"__id__":1},"_components":[{"__id__":7}],"_prefab":{"__type__":"cc.PrefabInfo","root":{"__id__":1},"asset":{"__uuid__":"43vwf1gBxAa62TJIQKkPvO"},"fileId":"c7hHuKEb1FQ4PG7NKrTrgt"},"_color":{"__type__":"cc.Color","r":237,"g":111,"b":34},"_contentSize":{"__type__":"cc.Size","height":30},"_anchorPoint":{"__type__":"cc.Vec2","x":1,"y":0.5},"_position":{"__type__":"cc.Vec3","x":294.5,"y":35},"_scaleX":1,"_scaleY":1},{"__type__":"cc.Label","node":{"__id__":6},"_useOriginalSize":false,"_fontSize":20,"_lineHeight":30,"_N$file":{"__uuid__":"f282P+0sVPqqrZwiub4W4d"},"_isSystemFontUsed":false,"_N$horizontalAlign":2,"_N$verticalAlign":1},{"__type__":"cc.Node","_name":"contactWay0","_parent":{"__id__":1},"_components":[{"__id__":9}],"_prefab":{"__type__":"cc.PrefabInfo","root":{"__id__":1},"asset":{"__uuid__":"43vwf1gBxAa62TJIQKkPvO"},"fileId":"d3m9PDwv1Ax635CXaSUwlj"},"_contentSize":{"__type__":"cc.Size","width":42,"height":42},"_position":{"__type__":"cc.Vec3","x":-273.5,"y":-27},"_scaleX":1,"_scaleY":1},{"__type__":"cc.Sprite","node":{"__id__":8}},{"__type__":"cc.Node","_name":"contactWay1","_parent":{"__id__":1},"_components":[{"__id__":11}],"_prefab":{"__type__":"cc.PrefabInfo","root":{"__id__":1},"asset":{"__uuid__":"43vwf1gBxAa62TJIQKkPvO"},"fileId":"16VibMdL1GvY4eO7ULFzIL"},"_contentSize":{"__type__":"cc.Size","width":42,"height":42},"_position":{"__type__":"cc.Vec3","x":-219.5,"y":-27},"_scaleX":1,"_scaleY":1},{"__type__":"cc.Sprite","node":{"__id__":10}},{"__type__":"cc.Node","_name":"contactWay2","_parent":{"__id__":1},"_components":[{"__id__":13}],"_prefab":{"__type__":"cc.PrefabInfo","root":{"__id__":1},"asset":{"__uuid__":"43vwf1gBxAa62TJIQKkPvO"},"fileId":"39VSQsfGZHI5aqx2RsZRz7"},"_contentSize":{"__type__":"cc.Size","width":42,"height":42},"_position":{"__type__":"cc.Vec3","x":-165.5,"y":-27},"_scaleX":1,"_scaleY":1},{"__type__":"cc.Sprite","node":{"__id__":12}},{"__type__":"cc.Node","_name":"btRecharge","_parent":{"__id__":1},"_children":[{"__id__":15}],"_components":[{"__type__":"cc.Sprite","node":{"__id__":14},"_spriteFrame":{"__uuid__":"a7X+g4ieBAraTYdWj/xBkc"},"_type":1,"_sizeMode":0},{"__type__":"cc.Button","node":{"__id__":14},"zoomScale":0.9,"clickEvents":[{"__type__":"cc.ClickEvent","target":{"__id__":1},"component":"yinShangItem","handler":"btnEvent","customEventData":"recharge"}],"_N$transition":3,"transition":3,"_N$normalColor":{"__type__":"cc.Color","r":255,"g":255,"b":255},"_N$pressedColor":{"__type__":"cc.Color","r":255,"g":255,"b":255},"pressedColor":{"__type__":"cc.Color","r":255,"g":255,"b":255},"_N$disabledColor":{"__type__":"cc.Color","r":255,"g":255,"b":255},"_N$normalSprite":{"__uuid__":"a7X+g4ieBAraTYdWj/xBkc"},"_N$pressedSprite":{"__uuid__":"e97GVMl6JHh5Ml5qEDdSGa"},"pressedSprite":{"__uuid__":"e97GVMl6JHh5Ml5qEDdSGa"},"_N$hoverSprite":{"__uuid__":"e97GVMl6JHh5Ml5qEDdSGa"},"hoverSprite":{"__uuid__":"e97GVMl6JHh5Ml5qEDdSGa"},"_N$disabledSprite":{"__uuid__":"29FYIk+N1GYaeWH/q1NxQO"},"_N$target":{"__id__":14}}],"_prefab":{"__type__":"cc.PrefabInfo","root":{"__id__":1},"asset":{"__uuid__":"43vwf1gBxAa62TJIQKkPvO"},"fileId":"adIeZGlRhIf5IoHPXTI6Hz"},"_contentSize":{"__type__":"cc.Size","width":121,"height":47},"_position":{"__type__":"cc.Vec3","x":234.8,"y":-31},"_scaleX":1,"_scaleY":1},{"__type__":"cc.Node","_name":"Label","_parent":{"__id__":14},"_components":[{"__type__":"cc.Label","node":{"__id__":15},"_useOriginalSize":false,"_string":"充 值","_N$string":"充 值","_fontSize":24,"_enableWrapText":false,"_N$file":{"__uuid__":"f282P+0sVPqqrZwiub4W4d"},"_isSystemFontUsed":false,"_N$horizontalAlign":1,"_N$verticalAlign":1,"_N$overflow":1},{"__type__":"cc.LabelOutline","node":{"__id__":15},"_color":{"__type__":"cc.Color","r":23,"g":75,"b":164},"_width":2}],"_prefab":{"__type__":"cc.PrefabInfo","root":{"__id__":1},"asset":{"__uuid__":"43vwf1gBxAa62TJIQKkPvO"},"fileId":"acLsqE/aFDha0/w/gckvAa"},"_color":{"__type__":"cc.Color","r":253,"g":255,"b":254},"_contentSize":{"__type__":"cc.Size","width":100,"height":40},"_position":{"__type__":"cc.Vec3","y":3.2},"_scaleX":1,"_scaleY":1}]