[{"__type__":"cc.Prefab","_name":"payCenter","data":{"__id__":1},"asyncLoadAssets":true},{"__type__":"cc.Node","_name":"payCenter","_children":[{"__id__":2},{"__id__":77},{"__id__":84}],"_level":1,"_components":[{"__type__":"02425naRn1Iw7POqEbv3ZkD","node":{"__id__":1},"clickAudio":{"__uuid__":"ecfWSodf1HdqrJvyOKGSj4"},"mainNodeWidth":"950","mainNodeHight":"622","titleTxt":"充值中心","loadIconPos":{"__type__":"cc.Vec2","x":150},"layerMsgPf":{"__uuid__":"f3VdTrKC5C87rvRCtQR6qK"},"customBgWidth":647,"payToggle_pf":{"__uuid__":"0cZRiFEK9Jz6Sp/MBhivOc"},"rechargeWay_toggle_pf":{"__uuid__":"53MC+Vz0ZBiaCXvmjALRb8"},"rechargeWay_parent":{"__id__":13},"payIconAtlas":{"__uuid__":"2b7nAZfllIfKbyhM05b/JW"},"bankTip":{"__id__":16},"moneyInput":{"__id__":21},"payNameInput":{"__id__":56},"rechargeMoneyForm":{"__id__":17},"moneyIntervalParent":{"__id__":25},"moneyToggle":{"__uuid__":"afCW0iHuVKEpEXg6gHruOJ"},"step1Panel":{"__id__":6},"step2Panel":{"__id__":29},"fourthPay":{"__id__":68},"underMaintain":{"__id__":73},"staticChargeLabel":{"__id__":24},"yinShangBottom":{"__id__":84},"txtYinShangHint":{"__id__":76},"step2WarmTip":{"__id__":67},"rtMyAccount":{"__id__":87},"payee":{"__id__":35},"accountNumber":{"__id__":40},"bankBrancher":{"__id__":45},"codeImg":{"__id__":50},"scrollContent":{"__id__":5},"leftMenuBar":{"__id__":82},"recommendTag":{"__id__":83},"comfirmLabel":{"__id__":62},"tutorial":{"__id__":9},"payFields":{"__id__":53},"accountInfo":{"__id__":31},"warmArea":{"__id__":65},"pfYinShangItem":{"__uuid__":"43vwf1gBxAa62TJIQKkPvO"}}],"_prefab":{"__type__":"cc.PrefabInfo","root":{"__id__":1},"asset":{"__uuid__":"2adezjOV1Fxpt9klJhZW/m"},"fileId":"48qkfATtlHpq1Rw5eXRzB3"},"_contentSize":{"__type__":"cc.Size","width":950,"height":622},"_position":{"__type__":"cc.Vec3","y":24}},{"__type__":"cc.Node","_name":"scrollView","_parent":{"__id__":1},"_children":[{"__id__":3},{"__id__":4}],"_components":[{"__type__":"cc.ScrollView","node":{"__id__":2},"horizontal":false,"brake":0.75,"bounceDuration":0.23,"_N$content":{"__id__":5},"content":{"__id__":5},"_N$horizontalScrollBar":null,"_N$verticalScrollBar":null}],"_prefab":{"__type__":"cc.PrefabInfo","root":{"__id__":1},"asset":{"__uuid__":"2adezjOV1Fxpt9klJhZW/m"},"fileId":"88SuvYgb1E45MIFbIZ3lX2"},"_contentSize":{"__type__":"cc.Size","width":647,"height":440},"_anchorPoint":{"__type__":"cc.Vec2","x":0.5,"y":1},"_position":{"__type__":"cc.Vec3","x":150,"y":231}},{"__type__":"cc.Node","_name":"contentBg","_parent":{"__id__":2},"_components":[{"__type__":"cc.Sprite","node":{"__id__":3},"_spriteFrame":{"__uuid__":"17Eoti4WpAfq7awTvog1Eh"},"_type":1,"_sizeMode":0}],"_prefab":{"__type__":"cc.PrefabInfo","root":{"__id__":1},"asset":{"__uuid__":"2adezjOV1Fxpt9klJhZW/m"},"fileId":"daJEvQm5ZD9IyfGB51kQnI"},"_contentSize":{"__type__":"cc.Size","width":657,"height":556},"_position":{"__type__":"cc.Vec3","x":-11,"y":-257}},{"__type__":"cc.Node","_name":"view","_parent":{"__id__":2},"_children":[{"__id__":5}],"_components":[{"__type__":"cc.Mask","node":{"__id__":4},"_N$alphaThreshold":1}],"_prefab":{"__type__":"cc.PrefabInfo","root":{"__id__":1},"asset":{"__uuid__":"2adezjOV1Fxpt9klJhZW/m"},"fileId":"fbbODlfyVE4rLiA4cCEwiz"},"_contentSize":{"__type__":"cc.Size","width":647,"height":440},"_anchorPoint":{"__type__":"cc.Vec2","x":0.5,"y":1}},{"__type__":"cc.Node","_name":"content","_parent":{"__id__":4},"_children":[{"__id__":6},{"__id__":29},{"__id__":68},{"__id__":73},{"__id__":75}],"_prefab":{"__type__":"cc.PrefabInfo","root":{"__id__":1},"asset":{"__uuid__":"2adezjOV1Fxpt9klJhZW/m"},"fileId":"ed8OMNVgNIaKz4cWnMFh6j"},"_contentSize":{"__type__":"cc.Size","width":647,"height":641},"_anchorPoint":{"__type__":"cc.Vec2","x":0.5,"y":1},"_position":{"__type__":"cc.Vec3","x":-4}},{"__type__":"cc.Node","_name":"step1","_parent":{"__id__":5},"_children":[{"__id__":7},{"__id__":13},{"__id__":14},{"__id__":17},{"__id__":24},{"__id__":25},{"__id__":26}],"_active":false,"_components":[{"__type__":"cc.Layout","node":{"__id__":6},"_layoutSize":{"__type__":"cc.Size","width":647,"height":476},"_resize":1,"_N$layoutType":2,"_N$startAxis":1,"_N$paddingLeft":20,"_N$paddingRight":20}],"_prefab":{"__type__":"cc.PrefabInfo","root":{"__id__":1},"asset":{"__uuid__":"2adezjOV1Fxpt9klJhZW/m"},"fileId":"a6pBVQxUNA4qaLtSVUI8OX"},"_color":{"__type__":"cc.Color","r":167,"g":167,"b":167},"_contentSize":{"__type__":"cc.Size","width":647,"height":476},"_anchorPoint":{"__type__":"cc.Vec2","x":0.5,"y":1},"_position":{"__type__":"cc.Vec3","x":-5}},{"__type__":"cc.Node","_name":"New Node","_parent":{"__id__":6},"_children":[{"__id__":8},{"__id__":9}],"_prefab":{"__type__":"cc.PrefabInfo","root":{"__id__":1},"asset":{"__uuid__":"2adezjOV1Fxpt9klJhZW/m"},"fileId":"49qULbE31GMIbjBVVa1S5C"},"_contentSize":{"__type__":"cc.Size","width":607,"height":40},"_position":{"__type__":"cc.Vec3","y":-20}},{"__type__":"cc.Node","_name":"New Label","_parent":{"__id__":7},"_components":[{"__type__":"cc.Label","node":{"__id__":8},"_useOriginalSize":false,"_string":"请选择收款方账户：","_N$string":"请选择收款方账户：","_fontSize":24,"_N$file":{"__uuid__":"f282P+0sVPqqrZwiub4W4d"},"_isSystemFontUsed":false,"_N$horizontalAlign":1,"_N$verticalAlign":1}],"_prefab":{"__type__":"cc.PrefabInfo","root":{"__id__":1},"asset":{"__uuid__":"2adezjOV1Fxpt9klJhZW/m"},"fileId":"0bmvGJD9ZCh6TVz7A4b+Bu"},"_color":{"__type__":"cc.Color","r":102,"g":73,"b":61},"_contentSize":{"__type__":"cc.Size","width":216,"height":40},"_position":{"__type__":"cc.Vec3","x":-202,"y":7}},{"__type__":"cc.Node","_name":"New Node","_parent":{"__id__":7},"_children":[{"__id__":10},{"__id__":11},{"__id__":12}],"_components":[{"__type__":"cc.Button","node":{"__id__":9},"clickEvents":[{"__type__":"cc.ClickEvent","target":{"__id__":1},"_componentId":"02425naRn1Iw7POqEbv3ZkD","handler":"showTutorial"}],"_N$target":{"__id__":9}}],"_prefab":{"__type__":"cc.PrefabInfo","root":{"__id__":1},"asset":{"__uuid__":"2adezjOV1Fxpt9klJhZW/m"},"fileId":"e3t0jhh0pPbLpdOOJkvW9W"},"_contentSize":{"__type__":"cc.Size","width":150,"height":40},"_position":{"__type__":"cc.Vec3","x":219,"y":7}},{"__type__":"cc.Node","_name":"tutorial","_parent":{"__id__":9},"_components":[{"__type__":"cc.Label","node":{"__id__":10},"_useOriginalSize":false,"_string":"转账教程","_N$string":"转账教程","_fontSize":22,"_N$file":{"__uuid__":"f282P+0sVPqqrZwiub4W4d"},"_isSystemFontUsed":false,"_N$horizontalAlign":1,"_N$verticalAlign":1}],"_prefab":{"__type__":"cc.PrefabInfo","root":{"__id__":1},"asset":{"__uuid__":"2adezjOV1Fxpt9klJhZW/m"},"fileId":"faWPf8aIJG+7mSiNcBu2F1"},"_color":{"__type__":"cc.Color","r":162,"g":158,"b":125},"_contentSize":{"__type__":"cc.Size","width":88,"height":40}},{"__type__":"cc.Node","_name":"tutorialIcon","_parent":{"__id__":9},"_components":[{"__type__":"cc.Sprite","node":{"__id__":11},"_spriteFrame":{"__uuid__":"c64ATPC4lDXruzLpols++m"}}],"_prefab":{"__type__":"cc.PrefabInfo","root":{"__id__":1},"asset":{"__uuid__":"2adezjOV1Fxpt9klJhZW/m"},"fileId":"9ftK8KoslA44mvtHv+2ktn"},"_contentSize":{"__type__":"cc.Size","width":26,"height":26},"_position":{"__type__":"cc.Vec3","x":63}},{"__type__":"cc.Node","_name":"New Sprite(Splash)","_parent":{"__id__":9},"_components":[{"__type__":"cc.Sprite","node":{"__id__":12},"_spriteFrame":{"__uuid__":"a2MjXRFdtLlYQ5ouAFv/+R"},"_sizeMode":0}],"_prefab":{"__type__":"cc.PrefabInfo","root":{"__id__":1},"asset":{"__uuid__":"2adezjOV1Fxpt9klJhZW/m"},"fileId":"81fEqvQoxOFbiqHiHvg48P"},"_color":{"__type__":"cc.Color","r":162,"g":158,"b":125},"_contentSize":{"__type__":"cc.Size","width":90,"height":1},"_position":{"__type__":"cc.Vec3","y":-14.5}},{"__type__":"cc.Node","_name":"recharge_access","_parent":{"__id__":6},"_components":[{"__type__":"cc.ToggleContainer","node":{"__id__":13}}],"_prefab":{"__type__":"cc.PrefabInfo","root":{"__id__":1},"asset":{"__uuid__":"2adezjOV1Fxpt9klJhZW/m"},"fileId":"8ayO8aTw9I8J63IhmyYpsG"},"_contentSize":{"__type__":"cc.Size","width":607,"height":58},"_anchorPoint":{"__type__":"cc.Vec2","y":1},"_position":{"__type__":"cc.Vec3","x":-313.5,"y":-40}},{"__type__":"cc.Node","_name":"bankTipArea","_parent":{"__id__":6},"_children":[{"__id__":15}],"_components":[{"__type__":"cc.Sprite","node":{"__id__":14},"_spriteFrame":{"__uuid__":"62PJvJzCNG9qojqQZdIP6M"},"_type":1,"_sizeMode":0}],"_prefab":{"__type__":"cc.PrefabInfo","root":{"__id__":1},"asset":{"__uuid__":"2adezjOV1Fxpt9klJhZW/m"},"fileId":"35t6qVBONHJLcZiGbBcGig"},"_contentSize":{"__type__":"cc.Size","width":605,"height":45},"_position":{"__type__":"cc.Vec3","x":-7,"y":-120.5}},{"__type__":"cc.Node","_name":"bankTip","_parent":{"__id__":14},"_components":[{"__id__":16}],"_prefab":{"__type__":"cc.PrefabInfo","root":{"__id__":1},"asset":{"__uuid__":"2adezjOV1Fxpt9klJhZW/m"},"fileId":"09j2Ktn91NYrKSxzKk6NLo"},"_color":{"__type__":"cc.Color","r":196,"g":158,"b":138},"_contentSize":{"__type__":"cc.Size","width":590,"height":30},"_anchorPoint":{"__type__":"cc.Vec2","y":0.5},"_position":{"__type__":"cc.Vec3","x":-293}},{"__type__":"cc.Label","node":{"__id__":15},"_useOriginalSize":false,"_fontSize":20,"_lineHeight":30,"_N$file":{"__uuid__":"f282P+0sVPqqrZwiub4W4d"},"_isSystemFontUsed":false,"_N$verticalAlign":1,"_N$overflow":3},{"__type__":"cc.Node","_name":"rechargeMoney","_parent":{"__id__":6},"_children":[{"__id__":18},{"__id__":19},{"__id__":20},{"__id__":22}],"_prefab":{"__type__":"cc.PrefabInfo","root":{"__id__":1},"asset":{"__uuid__":"2adezjOV1Fxpt9klJhZW/m"},"fileId":"95AfgYbj5FLoj7Q2Mm50pJ"},"_contentSize":{"__type__":"cc.Size","width":607,"height":140},"_position":{"__type__":"cc.Vec3","x":-9,"y":-213}},{"__type__":"cc.Node","_name":"New Label","_parent":{"__id__":17},"_components":[{"__type__":"cc.Label","node":{"__id__":18},"_useOriginalSize":false,"_string":"请选择充值金额：","_N$string":"请选择充值金额：","_fontSize":24,"_N$file":{"__uuid__":"f282P+0sVPqqrZwiub4W4d"},"_isSystemFontUsed":false,"_N$horizontalAlign":1,"_N$verticalAlign":1}],"_prefab":{"__type__":"cc.PrefabInfo","root":{"__id__":1},"asset":{"__uuid__":"2adezjOV1Fxpt9klJhZW/m"},"fileId":"c4KS8hEtJKR7y+FDpdBwSQ"},"_color":{"__type__":"cc.Color","r":102,"g":73,"b":61},"_contentSize":{"__type__":"cc.Size","width":192,"height":40},"_anchorPoint":{"__type__":"cc.Vec2","y":0.5},"_position":{"__type__":"cc.Vec3","x":-301,"y":20}},{"__type__":"cc.Node","_name":"New Sprite","_parent":{"__id__":17},"_components":[{"__type__":"cc.Sprite","node":{"__id__":19},"_spriteFrame":{"__uuid__":"b55ADG8OxJz68J7ssQZEl0"},"_type":1,"_sizeMode":0}],"_prefab":{"__type__":"cc.PrefabInfo","root":{"__id__":1},"asset":{"__uuid__":"2adezjOV1Fxpt9klJhZW/m"},"fileId":"31PYHYW1RFZq+QzuMMVJ0X"},"_contentSize":{"__type__":"cc.Size","width":480,"height":56},"_position":{"__type__":"cc.Vec3","x":-61,"y":-40}},{"__type__":"cc.Node","_name":"New EditBox","_parent":{"__id__":17},"_components":[{"__id__":21}],"_prefab":{"__type__":"cc.PrefabInfo","root":{"__id__":1},"asset":{"__uuid__":"2adezjOV1Fxpt9klJhZW/m"},"fileId":"01Ja4rubRCH7V4UlGnapzM"},"_contentSize":{"__type__":"cc.Size","width":480,"height":56},"_position":{"__type__":"cc.Vec3","x":-48,"y":-40}},{"__type__":"cc.EditBox","node":{"__id__":20},"_useOriginalSize":false,"_tabIndex":10,"editingDidBegan":[{"__type__":"cc.ClickEvent","target":{"__id__":1},"component":"payCenter","handler":"inputMoneyBegan"}],"editingDidEnded":[{"__type__":"cc.ClickEvent","target":{"__id__":1},"component":"payCenter","handler":"inputMoneyEnded"}],"_N$inputMode":2,"_N$fontSize":24,"_N$fontColor":{"__type__":"cc.Color","r":145,"g":85,"b":56},"_N$placeholder":"请输入充值金额","_N$placeholderFontSize":24,"_N$placeholderFontColor":{"__type__":"cc.Color","r":183,"g":159,"b":147},"_N$maxLength":8},{"__type__":"cc.Node","_name":"New Button","_parent":{"__id__":17},"_children":[{"__id__":23}],"_components":[{"__type__":"cc.Sprite","node":{"__id__":22},"_spriteFrame":{"__uuid__":"a7X+g4ieBAraTYdWj/xBkc"},"_type":1,"_sizeMode":0},{"__type__":"cc.Button","node":{"__id__":22},"zoomScale":0.9,"clickEvents":[{"__type__":"cc.ClickEvent","target":{"__id__":1},"component":"payCenter","handler":"clearInputInfo","customEventData":"clearInputMoney"}],"_N$transition":3,"transition":3,"_N$normalColor":{"__type__":"cc.Color","r":255,"g":255,"b":255},"_N$pressedColor":{"__type__":"cc.Color","r":255,"g":255,"b":255},"pressedColor":{"__type__":"cc.Color","r":255,"g":255,"b":255},"_N$disabledColor":{"__type__":"cc.Color","r":255,"g":255,"b":255},"_N$normalSprite":{"__uuid__":"a7X+g4ieBAraTYdWj/xBkc"},"_N$target":{"__id__":22}}],"_prefab":{"__type__":"cc.PrefabInfo","root":{"__id__":1},"asset":{"__uuid__":"2adezjOV1Fxpt9klJhZW/m"},"fileId":"76TjJxQB5DAbhQ8VFw+Axm"},"_contentSize":{"__type__":"cc.Size","width":118,"height":48},"_position":{"__type__":"cc.Vec3","x":249,"y":-40}},{"__type__":"cc.Node","_name":"Label","_parent":{"__id__":22},"_components":[{"__type__":"cc.Label","node":{"__id__":23},"_useOriginalSize":false,"_string":"清 除","_N$string":"清 除","_fontSize":24,"_enableWrapText":false,"_N$file":{"__uuid__":"f282P+0sVPqqrZwiub4W4d"},"_isSystemFontUsed":false,"_N$horizontalAlign":1,"_N$verticalAlign":1,"_N$overflow":1},{"__type__":"cc.LabelOutline","node":{"__id__":23},"_color":{"__type__":"cc.Color","r":23,"g":75,"b":164},"_width":2}],"_prefab":{"__type__":"cc.PrefabInfo","root":{"__id__":1},"asset":{"__uuid__":"2adezjOV1Fxpt9klJhZW/m"},"fileId":"d5ON1gR/VEXZpEU/95XUUE"},"_color":{"__type__":"cc.Color","r":253,"g":255,"b":254},"_contentSize":{"__type__":"cc.Size","width":100,"height":40},"_position":{"__type__":"cc.Vec3","y":2.6}},{"__type__":"cc.Node","_name":"New Label","_parent":{"__id__":6},"_components":[{"__type__":"cc.Label","node":{"__id__":24},"_useOriginalSize":false,"_string":"请选择充值金额：","_N$string":"请选择充值金额：","_fontSize":24,"_lineHeight":63,"_N$file":{"__uuid__":"f282P+0sVPqqrZwiub4W4d"},"_isSystemFontUsed":false,"_N$horizontalAlign":1,"_N$verticalAlign":2}],"_prefab":{"__type__":"cc.PrefabInfo","root":{"__id__":1},"asset":{"__uuid__":"2adezjOV1Fxpt9klJhZW/m"},"fileId":"7brpWaevxHfJZO+ddAMucT"},"_color":{"__type__":"cc.Color","r":102,"g":73,"b":61},"_contentSize":{"__type__":"cc.Size","width":192,"height":63},"_anchorPoint":{"__type__":"cc.Vec2","y":0.5},"_position":{"__type__":"cc.Vec3","x":-308,"y":-314.5}},{"__type__":"cc.Node","_name":"moneyIntervalParent","_parent":{"__id__":6},"_components":[{"__type__":"cc.ToggleContainer","node":{"__id__":25},"allowSwitchOff":true}],"_prefab":{"__type__":"cc.PrefabInfo","root":{"__id__":1},"asset":{"__uuid__":"2adezjOV1Fxpt9klJhZW/m"},"fileId":"c4jdi9enRItZIn7fj+Zq2z"},"_contentSize":{"__type__":"cc.Size","width":607,"height":40},"_anchorPoint":{"__type__":"cc.Vec2","y":1},"_position":{"__type__":"cc.Vec3","x":-310,"y":-346}},{"__type__":"cc.Node","_name":"New Node","_parent":{"__id__":6},"_children":[{"__id__":27}],"_prefab":{"__type__":"cc.PrefabInfo","root":{"__id__":1},"asset":{"__uuid__":"2adezjOV1Fxpt9klJhZW/m"},"fileId":"9cHDSW8KVFQI1IzjzuEuDr"},"_contentSize":{"__type__":"cc.Size","width":607,"height":90},"_position":{"__type__":"cc.Vec3","x":-7,"y":-431}},{"__type__":"cc.Node","_name":"confirm","_parent":{"__id__":26},"_children":[{"__id__":28}],"_components":[{"__type__":"cc.Sprite","node":{"__id__":27},"_spriteFrame":{"__uuid__":"44NhSl3n5NQ4oVLTJRFMVo"},"_type":1,"_sizeMode":0},{"__type__":"cc.Button","node":{"__id__":27},"zoomScale":0.9,"clickEvents":[{"__type__":"cc.ClickEvent","target":{"__id__":1},"component":"payCenter","handler":"confirmRecharge"}],"_N$transition":3,"transition":3,"_N$normalColor":{"__type__":"cc.Color","r":255,"g":255,"b":255},"_N$pressedColor":{"__type__":"cc.Color","r":255,"g":255,"b":255},"pressedColor":{"__type__":"cc.Color","r":255,"g":255,"b":255},"_N$disabledColor":{"__type__":"cc.Color","r":255,"g":255,"b":255},"_N$normalSprite":{"__uuid__":"44NhSl3n5NQ4oVLTJRFMVo"},"_N$target":{"__id__":27}}],"_prefab":{"__type__":"cc.PrefabInfo","root":{"__id__":1},"asset":{"__uuid__":"2adezjOV1Fxpt9klJhZW/m"},"fileId":"7fQ7gvGZJMCpYbV1LpUXwG"},"_contentSize":{"__type__":"cc.Size","width":201,"height":69},"_position":{"__type__":"cc.Vec3","y":-17}},{"__type__":"cc.Node","_name":"Label","_parent":{"__id__":27},"_components":[{"__type__":"cc.Label","node":{"__id__":28},"_useOriginalSize":false,"_string":"确 定","_N$string":"确 定","_fontSize":30,"_enableWrapText":false,"_N$file":{"__uuid__":"f282P+0sVPqqrZwiub4W4d"},"_isSystemFontUsed":false,"_N$horizontalAlign":1,"_N$verticalAlign":1,"_N$overflow":1},{"__type__":"cc.LabelOutline","node":{"__id__":28},"_color":{"__type__":"cc.Color","r":156,"g":45,"b":8},"_width":2}],"_prefab":{"__type__":"cc.PrefabInfo","root":{"__id__":1},"asset":{"__uuid__":"2adezjOV1Fxpt9klJhZW/m"},"fileId":"d880vA+4BMzaJRZF2VUcnq"},"_color":{"__type__":"cc.Color","r":253,"g":255,"b":254},"_contentSize":{"__type__":"cc.Size","width":100,"height":40},"_position":{"__type__":"cc.Vec3","y":4.3}},{"__type__":"cc.Node","_name":"step2","_parent":{"__id__":5},"_children":[{"__id__":30},{"__id__":31},{"__id__":51},{"__id__":59},{"__id__":65}],"_active":false,"_components":[{"__type__":"cc.Layout","node":{"__id__":29},"_layoutSize":{"__type__":"cc.Size","width":647,"height":617},"_resize":1,"_N$layoutType":2}],"_prefab":{"__type__":"cc.PrefabInfo","root":{"__id__":1},"asset":{"__uuid__":"2adezjOV1Fxpt9klJhZW/m"},"fileId":"9eMEvBfRZKM6QMZe/V+Zz7"},"_color":{"__type__":"cc.Color","r":167,"g":167,"b":167},"_contentSize":{"__type__":"cc.Size","width":647,"height":617},"_anchorPoint":{"__type__":"cc.Vec2","x":0.5,"y":1},"_position":{"__type__":"cc.Vec3","x":-5}},{"__type__":"cc.Node","_name":"New Label","_parent":{"__id__":29},"_components":[{"__type__":"cc.Label","node":{"__id__":30},"_useOriginalSize":false,"_string":"请转账到以下账户：","_N$string":"请转账到以下账户：","_fontSize":24,"_lineHeight":42,"_N$file":{"__uuid__":"f282P+0sVPqqrZwiub4W4d"},"_isSystemFontUsed":false,"_N$horizontalAlign":1}],"_prefab":{"__type__":"cc.PrefabInfo","root":{"__id__":1},"asset":{"__uuid__":"2adezjOV1Fxpt9klJhZW/m"},"fileId":"c0n4+ubtZLXZ0F7yTrwLNb"},"_color":{"__type__":"cc.Color","r":102,"g":73,"b":61},"_contentSize":{"__type__":"cc.Size","width":216,"height":42},"_position":{"__type__":"cc.Vec3","x":-202,"y":-21}},{"__type__":"cc.Node","_name":"accountInfo","_parent":{"__id__":29},"_children":[{"__id__":32},{"__id__":37},{"__id__":42},{"__id__":47}],"_components":[{"__type__":"cc.Sprite","node":{"__id__":31},"_spriteFrame":{"__uuid__":"9avcr7JmtIe7ckksgSUJGS"},"_type":1,"_sizeMode":0},{"__type__":"cc.Widget","node":{"__id__":31},"_wasAlignOnce":{},"isAlignOnce":{},"_alignFlags":8,"_left":12.5}],"_prefab":{"__type__":"cc.PrefabInfo","root":{"__id__":1},"asset":{"__uuid__":"2adezjOV1Fxpt9klJhZW/m"},"fileId":"eewfQHCmhCoLPQLz0Yy4wz"},"_contentSize":{"__type__":"cc.Size","width":607,"height":247},"_anchorPoint":{"__type__":"cc.Vec2","y":1},"_position":{"__type__":"cc.Vec3","x":-311,"y":-42}},{"__type__":"cc.Node","_name":"info1","_parent":{"__id__":31},"_children":[{"__id__":33},{"__id__":34},{"__id__":36}],"_components":[{"__type__":"cc.Widget","node":{"__id__":32},"_wasAlignOnce":{},"isAlignOnce":{},"_alignFlags":9,"_left":28,"_top":14}],"_prefab":{"__type__":"cc.PrefabInfo","root":{"__id__":1},"asset":{"__uuid__":"2adezjOV1Fxpt9klJhZW/m"},"fileId":"95lASmu9xL+bhBxo3qRXAx"},"_contentSize":{"__type__":"cc.Size","width":570,"height":48},"_anchorPoint":{"__type__":"cc.Vec2","y":1},"_position":{"__type__":"cc.Vec3","x":28,"y":-14}},{"__type__":"cc.Node","_name":"New Label","_parent":{"__id__":32},"_components":[{"__type__":"cc.Label","node":{"__id__":33},"_useOriginalSize":false,"_string":"收款人","_N$string":"收款人","_fontSize":24,"_N$file":{"__uuid__":"f282P+0sVPqqrZwiub4W4d"},"_isSystemFontUsed":false,"_N$verticalAlign":1}],"_prefab":{"__type__":"cc.PrefabInfo","root":{"__id__":1},"asset":{"__uuid__":"2adezjOV1Fxpt9klJhZW/m"},"fileId":"34uIQsRERDiIUktC44PYod"},"_color":{"__type__":"cc.Color","r":89,"g":63,"b":45},"_contentSize":{"__type__":"cc.Size","width":72,"height":40},"_anchorPoint":{"__type__":"cc.Vec2","y":0.5},"_position":{"__type__":"cc.Vec3","x":-2,"y":-23}},{"__type__":"cc.Node","_name":"txt","_parent":{"__id__":32},"_components":[{"__id__":35}],"_prefab":{"__type__":"cc.PrefabInfo","root":{"__id__":1},"asset":{"__uuid__":"2adezjOV1Fxpt9klJhZW/m"},"fileId":"537j5Z/6JLQKNILW1Dc0K8"},"_color":{"__type__":"cc.Color","r":201,"g":94,"b":29},"_contentSize":{"__type__":"cc.Size","height":40},"_anchorPoint":{"__type__":"cc.Vec2","y":0.5},"_position":{"__type__":"cc.Vec3","x":170,"y":-22}},{"__type__":"cc.Label","node":{"__id__":34},"_useOriginalSize":false,"_fontSize":24,"_N$file":{"__uuid__":"f282P+0sVPqqrZwiub4W4d"},"_isSystemFontUsed":false,"_N$verticalAlign":1},{"__type__":"cc.Node","_name":"New Button","_parent":{"__id__":32},"_components":[{"__type__":"cc.Sprite","node":{"__id__":36},"_spriteFrame":{"__uuid__":"89Yczqga9HE64qMGgya5rL"},"_sizeMode":2,"_isTrimmedMode":false},{"__type__":"cc.Button","node":{"__id__":36},"duration":0.05,"zoomScale":0.9,"clickEvents":[{"__type__":"cc.ClickEvent","target":{"__id__":1},"component":"payCenter","handler":"copyTxt"}],"_N$transition":3,"transition":3,"_N$normalColor":{"__type__":"cc.Color","r":255,"g":255,"b":255},"_N$pressedColor":{"__type__":"cc.Color","r":255,"g":255,"b":255},"pressedColor":{"__type__":"cc.Color","r":255,"g":255,"b":255},"_N$disabledColor":{"__type__":"cc.Color","r":255,"g":255,"b":255},"_N$normalSprite":{"__uuid__":"44NhSl3n5NQ4oVLTJRFMVo"},"_N$target":{"__id__":36}}],"_prefab":{"__type__":"cc.PrefabInfo","root":{"__id__":1},"asset":{"__uuid__":"2adezjOV1Fxpt9klJhZW/m"},"fileId":"d6T/y3KS5H1L1E4uca1UKK"},"_contentSize":{"__type__":"cc.Size","width":50,"height":50},"_position":{"__type__":"cc.Vec3","x":530,"y":-23}},{"__type__":"cc.Node","_name":"info2","_parent":{"__id__":31},"_children":[{"__id__":38},{"__id__":39},{"__id__":41}],"_prefab":{"__type__":"cc.PrefabInfo","root":{"__id__":1},"asset":{"__uuid__":"2adezjOV1Fxpt9klJhZW/m"},"fileId":"f82t00D8RCx4lmCs4dIgGH"},"_contentSize":{"__type__":"cc.Size","width":570,"height":48},"_anchorPoint":{"__type__":"cc.Vec2","y":1},"_position":{"__type__":"cc.Vec3","x":26,"y":-72}},{"__type__":"cc.Node","_name":"New Label","_parent":{"__id__":37},"_components":[{"__type__":"cc.Label","node":{"__id__":38},"_useOriginalSize":false,"_string":"收款账号","_N$string":"收款账号","_fontSize":24,"_N$file":{"__uuid__":"f282P+0sVPqqrZwiub4W4d"},"_isSystemFontUsed":false,"_N$verticalAlign":1}],"_prefab":{"__type__":"cc.PrefabInfo","root":{"__id__":1},"asset":{"__uuid__":"2adezjOV1Fxpt9klJhZW/m"},"fileId":"d7HG4+T4NPnIk43hke8Okn"},"_color":{"__type__":"cc.Color","r":89,"g":63,"b":45},"_contentSize":{"__type__":"cc.Size","width":96,"height":40},"_anchorPoint":{"__type__":"cc.Vec2","y":0.5},"_position":{"__type__":"cc.Vec3","y":-23}},{"__type__":"cc.Node","_name":"txt","_parent":{"__id__":37},"_components":[{"__id__":40}],"_prefab":{"__type__":"cc.PrefabInfo","root":{"__id__":1},"asset":{"__uuid__":"2adezjOV1Fxpt9klJhZW/m"},"fileId":"64j+W91KVPdL9Ovke8YMYz"},"_color":{"__type__":"cc.Color","r":201,"g":94,"b":29},"_contentSize":{"__type__":"cc.Size","height":40},"_anchorPoint":{"__type__":"cc.Vec2","y":0.5},"_position":{"__type__":"cc.Vec3","x":170,"y":-23}},{"__type__":"cc.Label","node":{"__id__":39},"_useOriginalSize":false,"_fontSize":24,"_N$file":{"__uuid__":"f282P+0sVPqqrZwiub4W4d"},"_isSystemFontUsed":false,"_N$verticalAlign":1},{"__type__":"cc.Node","_name":"New Button","_parent":{"__id__":37},"_components":[{"__type__":"cc.Sprite","node":{"__id__":41},"_spriteFrame":{"__uuid__":"89Yczqga9HE64qMGgya5rL"},"_sizeMode":2,"_isTrimmedMode":false},{"__type__":"cc.Button","node":{"__id__":41},"zoomScale":0.9,"clickEvents":[{"__type__":"cc.ClickEvent","target":{"__id__":1},"component":"payCenter","handler":"copyTxt"}],"_N$transition":3,"transition":3,"_N$normalColor":{"__type__":"cc.Color","r":255,"g":255,"b":255},"_N$pressedColor":{"__type__":"cc.Color","r":255,"g":255,"b":255},"pressedColor":{"__type__":"cc.Color","r":255,"g":255,"b":255},"_N$disabledColor":{"__type__":"cc.Color","r":255,"g":255,"b":255},"_N$normalSprite":{"__uuid__":"44NhSl3n5NQ4oVLTJRFMVo"},"_N$target":{"__id__":41}}],"_prefab":{"__type__":"cc.PrefabInfo","root":{"__id__":1},"asset":{"__uuid__":"2adezjOV1Fxpt9klJhZW/m"},"fileId":"87a9aoxeNC+rrkQm2ldQa6"},"_contentSize":{"__type__":"cc.Size","width":50,"height":50},"_position":{"__type__":"cc.Vec3","x":530,"y":-23}},{"__type__":"cc.Node","_name":"info3","_parent":{"__id__":31},"_children":[{"__id__":43},{"__id__":44},{"__id__":46}],"_prefab":{"__type__":"cc.PrefabInfo","root":{"__id__":1},"asset":{"__uuid__":"2adezjOV1Fxpt9klJhZW/m"},"fileId":"3bkFyFJ15Avrloy4zPXNBh"},"_contentSize":{"__type__":"cc.Size","width":570,"height":48},"_anchorPoint":{"__type__":"cc.Vec2","y":1},"_position":{"__type__":"cc.Vec3","x":26,"y":-134}},{"__type__":"cc.Node","_name":"New Label","_parent":{"__id__":42},"_components":[{"__type__":"cc.Label","node":{"__id__":43},"_useOriginalSize":false,"_string":"开户支行","_N$string":"开户支行","_fontSize":24,"_N$file":{"__uuid__":"f282P+0sVPqqrZwiub4W4d"},"_isSystemFontUsed":false,"_N$horizontalAlign":1,"_N$verticalAlign":1}],"_prefab":{"__type__":"cc.PrefabInfo","root":{"__id__":1},"asset":{"__uuid__":"2adezjOV1Fxpt9klJhZW/m"},"fileId":"59JNU4HIdNC7MWk+OBo5H1"},"_color":{"__type__":"cc.Color","r":89,"g":63,"b":45},"_contentSize":{"__type__":"cc.Size","width":96,"height":40},"_position":{"__type__":"cc.Vec3","x":48,"y":-22}},{"__type__":"cc.Node","_name":"txt","_parent":{"__id__":42},"_components":[{"__id__":45}],"_prefab":{"__type__":"cc.PrefabInfo","root":{"__id__":1},"asset":{"__uuid__":"2adezjOV1Fxpt9klJhZW/m"},"fileId":"e9uSym2B9N5r4UU2C6W9vu"},"_color":{"__type__":"cc.Color","r":201,"g":94,"b":29},"_contentSize":{"__type__":"cc.Size","height":40},"_anchorPoint":{"__type__":"cc.Vec2","y":0.5},"_position":{"__type__":"cc.Vec3","x":170,"y":-22}},{"__type__":"cc.Label","node":{"__id__":44},"_useOriginalSize":false,"_fontSize":24,"_N$file":{"__uuid__":"f282P+0sVPqqrZwiub4W4d"},"_isSystemFontUsed":false,"_N$verticalAlign":1},{"__type__":"cc.Node","_name":"New Button","_parent":{"__id__":42},"_components":[{"__type__":"cc.Sprite","node":{"__id__":46},"_spriteFrame":{"__uuid__":"89Yczqga9HE64qMGgya5rL"},"_sizeMode":2,"_isTrimmedMode":false},{"__type__":"cc.Button","node":{"__id__":46},"zoomScale":0.9,"clickEvents":[{"__type__":"cc.ClickEvent","target":{"__id__":1},"component":"payCenter","handler":"copyTxt","customEventData":"BankStore"}],"_N$transition":3,"transition":3,"_N$normalColor":{"__type__":"cc.Color","r":255,"g":255,"b":255},"_N$pressedColor":{"__type__":"cc.Color","r":255,"g":255,"b":255},"pressedColor":{"__type__":"cc.Color","r":255,"g":255,"b":255},"_N$disabledColor":{"__type__":"cc.Color","r":255,"g":255,"b":255},"_N$normalSprite":{"__uuid__":"44NhSl3n5NQ4oVLTJRFMVo"},"_N$target":{"__id__":46}}],"_prefab":{"__type__":"cc.PrefabInfo","root":{"__id__":1},"asset":{"__uuid__":"2adezjOV1Fxpt9klJhZW/m"},"fileId":"83WbYU42xMfLtcHV70cUGO"},"_contentSize":{"__type__":"cc.Size","width":50,"height":50},"_position":{"__type__":"cc.Vec3","x":530,"y":-23}},{"__type__":"cc.Node","_name":"info4","_parent":{"__id__":31},"_children":[{"__id__":48},{"__id__":49}],"_prefab":{"__type__":"cc.PrefabInfo","root":{"__id__":1},"asset":{"__uuid__":"2adezjOV1Fxpt9klJhZW/m"},"fileId":"d2U4rZ0AxBHZIQ3bBRYa+Q"},"_contentSize":{"__type__":"cc.Size","width":570,"height":100},"_anchorPoint":{"__type__":"cc.Vec2","y":1},"_position":{"__type__":"cc.Vec3","x":26,"y":-194}},{"__type__":"cc.Node","_name":"txt","_parent":{"__id__":47},"_components":[{"__type__":"cc.Label","node":{"__id__":48},"_useOriginalSize":false,"_string":"收款二维码","_N$string":"收款二维码","_fontSize":24,"_N$file":{"__uuid__":"f282P+0sVPqqrZwiub4W4d"},"_isSystemFontUsed":false,"_N$verticalAlign":1}],"_prefab":{"__type__":"cc.PrefabInfo","root":{"__id__":1},"asset":{"__uuid__":"2adezjOV1Fxpt9klJhZW/m"},"fileId":"90gpGeMJxFEbEUQhaU+iz7"},"_color":{"__type__":"cc.Color","r":89,"g":63,"b":45},"_contentSize":{"__type__":"cc.Size","width":120,"height":40},"_anchorPoint":{"__type__":"cc.Vec2","y":0.5},"_position":{"__type__":"cc.Vec3","y":-25}},{"__type__":"cc.Node","_name":"chargePic","_parent":{"__id__":47},"_components":[{"__id__":50}],"_prefab":{"__type__":"cc.PrefabInfo","root":{"__id__":1},"asset":{"__uuid__":"2adezjOV1Fxpt9klJhZW/m"},"fileId":"d2C94f6jJH2YMo0rKhqAWO"},"_contentSize":{"__type__":"cc.Size","width":40,"height":35},"_anchorPoint":{"__type__":"cc.Vec2","y":1},"_position":{"__type__":"cc.Vec3","x":170,"y":-16}},{"__type__":"cc.Sprite","node":{"__id__":49},"_sizeMode":0},{"__type__":"cc.Node","_name":"payInfo","_parent":{"__id__":29},"_children":[{"__id__":52},{"__id__":54},{"__id__":55},{"__id__":57}],"_prefab":{"__type__":"cc.PrefabInfo","root":{"__id__":1},"asset":{"__uuid__":"2adezjOV1Fxpt9klJhZW/m"},"fileId":"62fTGydepEH4ng/dm/askf"},"_contentSize":{"__type__":"cc.Size","width":607,"height":140},"_anchorPoint":{"__type__":"cc.Vec2","y":0.5},"_position":{"__type__":"cc.Vec3","x":-312,"y":-359}},{"__type__":"cc.Node","_name":"payFields","_parent":{"__id__":51},"_components":[{"__id__":53}],"_prefab":{"__type__":"cc.PrefabInfo","root":{"__id__":1},"asset":{"__uuid__":"2adezjOV1Fxpt9klJhZW/m"},"fileId":"433JzYlm1Ppq0AJ7VatEZD"},"_color":{"__type__":"cc.Color","r":102,"g":73,"b":61},"_contentSize":{"__type__":"cc.Size","width":192,"height":40},"_anchorPoint":{"__type__":"cc.Vec2","y":0.5},"_position":{"__type__":"cc.Vec3","x":2,"y":30}},{"__type__":"cc.Label","node":{"__id__":52},"_useOriginalSize":false,"_string":"请选择充值金额：","_N$string":"请选择充值金额：","_fontSize":24,"_N$file":{"__uuid__":"f282P+0sVPqqrZwiub4W4d"},"_isSystemFontUsed":false,"_N$verticalAlign":1},{"__type__":"cc.Node","_name":"New Sprite","_parent":{"__id__":51},"_components":[{"__type__":"cc.Sprite","node":{"__id__":54},"_spriteFrame":{"__uuid__":"b55ADG8OxJz68J7ssQZEl0"},"_type":1,"_sizeMode":0}],"_prefab":{"__type__":"cc.PrefabInfo","root":{"__id__":1},"asset":{"__uuid__":"2adezjOV1Fxpt9klJhZW/m"},"fileId":"adTDRNhK1ELJgxFQu9lw9E"},"_contentSize":{"__type__":"cc.Size","width":470,"height":56},"_position":{"__type__":"cc.Vec3","x":238,"y":-31}},{"__type__":"cc.Node","_name":"New EditBox","_parent":{"__id__":51},"_components":[{"__id__":56}],"_prefab":{"__type__":"cc.PrefabInfo","root":{"__id__":1},"asset":{"__uuid__":"2adezjOV1Fxpt9klJhZW/m"},"fileId":"bcGM9mwK9EirMYRPzEfdHM"},"_contentSize":{"__type__":"cc.Size","width":480,"height":56},"_position":{"__type__":"cc.Vec3","x":253,"y":-31}},{"__type__":"cc.EditBox","node":{"__id__":55},"_useOriginalSize":false,"editingDidBegan":[{"__type__":"cc.ClickEvent","target":{"__id__":1},"component":"payCenter","handler":"inputMoneyBegan"}],"editingDidEnded":[{"__type__":"cc.ClickEvent","target":{"__id__":1},"component":"payCenter","handler":"inputMoneyEnded"}],"_N$inputMode":6,"_N$fontSize":24,"_N$fontColor":{"__type__":"cc.Color","r":145,"g":85,"b":56},"_N$placeholder":"请输入付款人姓名","_N$placeholderFontSize":24,"_N$placeholderFontColor":{"__type__":"cc.Color","r":183,"g":159,"b":147},"_N$maxLength":200},{"__type__":"cc.Node","_name":"New Button","_parent":{"__id__":51},"_children":[{"__id__":58}],"_components":[{"__type__":"cc.Sprite","node":{"__id__":57},"_spriteFrame":{"__uuid__":"a7X+g4ieBAraTYdWj/xBkc"},"_type":1,"_sizeMode":0},{"__type__":"cc.Button","node":{"__id__":57},"zoomScale":0.9,"clickEvents":[{"__type__":"cc.ClickEvent","target":{"__id__":1},"component":"payCenter","handler":"clearInputInfo"}],"_N$transition":3,"transition":3,"_N$normalColor":{"__type__":"cc.Color","r":255,"g":255,"b":255},"_N$pressedColor":{"__type__":"cc.Color","r":255,"g":255,"b":255},"pressedColor":{"__type__":"cc.Color","r":255,"g":255,"b":255},"_N$disabledColor":{"__type__":"cc.Color","r":255,"g":255,"b":255},"_N$normalSprite":{"__uuid__":"a7X+g4ieBAraTYdWj/xBkc"},"_N$target":{"__id__":57}}],"_prefab":{"__type__":"cc.PrefabInfo","root":{"__id__":1},"asset":{"__uuid__":"2adezjOV1Fxpt9klJhZW/m"},"fileId":"36UfshOHFMq6dNLNm9Cdiv"},"_contentSize":{"__type__":"cc.Size","width":118,"height":48},"_position":{"__type__":"cc.Vec3","x":547,"y":-31}},{"__type__":"cc.Node","_name":"Label","_parent":{"__id__":57},"_components":[{"__type__":"cc.Label","node":{"__id__":58},"_useOriginalSize":false,"_string":"清 除","_N$string":"清 除","_fontSize":24,"_enableWrapText":false,"_N$file":{"__uuid__":"f282P+0sVPqqrZwiub4W4d"},"_isSystemFontUsed":false,"_N$horizontalAlign":1,"_N$verticalAlign":1,"_N$overflow":1},{"__type__":"cc.LabelOutline","node":{"__id__":58},"_color":{"__type__":"cc.Color","r":23,"g":75,"b":164},"_width":2}],"_prefab":{"__type__":"cc.PrefabInfo","root":{"__id__":1},"asset":{"__uuid__":"2adezjOV1Fxpt9klJhZW/m"},"fileId":"1aR03diptJKpaP+hm2YE+g"},"_color":{"__type__":"cc.Color","r":253,"g":255,"b":254},"_contentSize":{"__type__":"cc.Size","width":100,"height":40},"_position":{"__type__":"cc.Vec3","y":1.6}},{"__type__":"cc.Node","_name":"btnGroup","_parent":{"__id__":29},"_children":[{"__id__":60},{"__id__":63}],"_prefab":{"__type__":"cc.PrefabInfo","root":{"__id__":1},"asset":{"__uuid__":"2adezjOV1Fxpt9klJhZW/m"},"fileId":"aas7Itg3VE471WZni6+MKW"},"_contentSize":{"__type__":"cc.Size","width":570,"height":116},"_position":{"__type__":"cc.Vec3","x":-10,"y":-487}},{"__type__":"cc.Node","_name":"confirmCharge","_parent":{"__id__":59},"_children":[{"__id__":61}],"_components":[{"__type__":"cc.Sprite","node":{"__id__":60},"_spriteFrame":{"__uuid__":"44NhSl3n5NQ4oVLTJRFMVo"},"_type":1,"_sizeMode":0},{"__type__":"cc.Button","node":{"__id__":60},"zoomScale":0.9,"clickEvents":[{"__type__":"cc.ClickEvent","target":{"__id__":1},"component":"payCenter","handler":"confirmOrder"}],"_N$transition":3,"transition":3,"_N$normalColor":{"__type__":"cc.Color","r":255,"g":255,"b":255},"_N$pressedColor":{"__type__":"cc.Color","r":255,"g":255,"b":255},"pressedColor":{"__type__":"cc.Color","r":255,"g":255,"b":255},"_N$disabledColor":{"__type__":"cc.Color","r":255,"g":255,"b":255},"_N$normalSprite":{"__uuid__":"44NhSl3n5NQ4oVLTJRFMVo"},"_N$target":{"__id__":60}},{"__type__":"cc.Widget","node":{"__id__":60},"_wasAlignOnce":{},"isAlignOnce":{},"_alignFlags":32,"_right":30.5}],"_prefab":{"__type__":"cc.PrefabInfo","root":{"__id__":1},"asset":{"__uuid__":"2adezjOV1Fxpt9klJhZW/m"},"fileId":"372MKHsDtFzbIkuhGvbwQ5"},"_contentSize":{"__type__":"cc.Size","width":201,"height":69},"_position":{"__type__":"cc.Vec3","x":154,"y":-5}},{"__type__":"cc.Node","_name":"Label","_parent":{"__id__":60},"_components":[{"__id__":62},{"__type__":"cc.LabelOutline","node":{"__id__":61},"_color":{"__type__":"cc.Color","r":156,"g":45,"b":8},"_width":2}],"_prefab":{"__type__":"cc.PrefabInfo","root":{"__id__":1},"asset":{"__uuid__":"2adezjOV1Fxpt9klJhZW/m"},"fileId":"70eZp3x/VKqLQNC0mS7I5F"},"_color":{"__type__":"cc.Color","r":253,"g":255,"b":254},"_contentSize":{"__type__":"cc.Size","width":120,"height":40},"_position":{"__type__":"cc.Vec3","x":1,"y":3}},{"__type__":"cc.Label","node":{"__id__":61},"_useOriginalSize":false,"_string":"提交订单","_N$string":"提交订单","_fontSize":30,"_N$file":{"__uuid__":"f282P+0sVPqqrZwiub4W4d"},"_isSystemFontUsed":false,"_N$horizontalAlign":1,"_N$verticalAlign":1},{"__type__":"cc.Node","_name":"back","_parent":{"__id__":59},"_children":[{"__id__":64}],"_components":[{"__type__":"cc.Sprite","node":{"__id__":63},"_spriteFrame":{"__uuid__":"a7X+g4ieBAraTYdWj/xBkc"},"_type":1,"_sizeMode":0},{"__type__":"cc.Button","node":{"__id__":63},"zoomScale":0.9,"clickEvents":[{"__type__":"cc.ClickEvent","target":{"__id__":1},"component":"payCenter","handler":"backToPrePanel"}],"_N$transition":3,"transition":3,"_N$normalColor":{"__type__":"cc.Color","r":255,"g":255,"b":255},"_N$pressedColor":{"__type__":"cc.Color","r":255,"g":255,"b":255},"pressedColor":{"__type__":"cc.Color","r":255,"g":255,"b":255},"_N$disabledColor":{"__type__":"cc.Color","r":255,"g":255,"b":255},"_N$normalSprite":{"__uuid__":"a7X+g4ieBAraTYdWj/xBkc"},"_N$target":{"__id__":63}},{"__type__":"cc.Widget","node":{"__id__":63},"_wasAlignOnce":{},"isAlignOnce":{},"_alignFlags":8,"_left":32.5}],"_prefab":{"__type__":"cc.PrefabInfo","root":{"__id__":1},"asset":{"__uuid__":"2adezjOV1Fxpt9klJhZW/m"},"fileId":"6bwZ0JiJBJAJwMNglNA2ES"},"_contentSize":{"__type__":"cc.Size","width":201,"height":69},"_position":{"__type__":"cc.Vec3","x":-152,"y":-5}},{"__type__":"cc.Node","_name":"Label","_parent":{"__id__":63},"_components":[{"__type__":"cc.Label","node":{"__id__":64},"_useOriginalSize":false,"_string":"返 回","_N$string":"返 回","_fontSize":30,"_enableWrapText":false,"_N$file":{"__uuid__":"f282P+0sVPqqrZwiub4W4d"},"_isSystemFontUsed":false,"_N$horizontalAlign":1,"_N$verticalAlign":1,"_N$overflow":1},{"__type__":"cc.LabelOutline","node":{"__id__":64},"_color":{"__type__":"cc.Color","r":23,"g":75,"b":164},"_width":2}],"_prefab":{"__type__":"cc.PrefabInfo","root":{"__id__":1},"asset":{"__uuid__":"2adezjOV1Fxpt9klJhZW/m"},"fileId":"36h7DmvKpDr6f+Fko7EmYY"},"_color":{"__type__":"cc.Color","r":253,"g":255,"b":254},"_contentSize":{"__type__":"cc.Size","width":100,"height":40},"_position":{"__type__":"cc.Vec3","y":3}},{"__type__":"cc.Node","_name":"warmArea","_parent":{"__id__":29},"_children":[{"__id__":66}],"_components":[{"__type__":"cc.Sprite","node":{"__id__":65},"_spriteFrame":{"__uuid__":"c2YlTecMFPvaltdyjjmu0m"},"_type":1,"_sizeMode":0}],"_prefab":{"__type__":"cc.PrefabInfo","root":{"__id__":1},"asset":{"__uuid__":"2adezjOV1Fxpt9klJhZW/m"},"fileId":"a4SVZ/sPVJ2qVngTfyvLFW"},"_contentSize":{"__type__":"cc.Size","width":607,"height":72},"_position":{"__type__":"cc.Vec3","x":-6,"y":-581}},{"__type__":"cc.Node","_name":"warmTipTxt","_parent":{"__id__":65},"_components":[{"__id__":67}],"_prefab":{"__type__":"cc.PrefabInfo","root":{"__id__":1},"asset":{"__uuid__":"2adezjOV1Fxpt9klJhZW/m"},"fileId":"f3wMoE+sFIi5P8LIlXs8oj"},"_color":{"__type__":"cc.Color","r":196,"g":158,"b":138},"_contentSize":{"__type__":"cc.Size","width":536,"height":30},"_anchorPoint":{"__type__":"cc.Vec2","y":0.5},"_position":{"__type__":"cc.Vec3","x":-254.5}},{"__type__":"cc.Label","node":{"__id__":66},"_useOriginalSize":false,"_fontSize":21,"_lineHeight":30,"_N$file":{"__uuid__":"f282P+0sVPqqrZwiub4W4d"},"_isSystemFontUsed":false,"_N$verticalAlign":1,"_N$overflow":3},{"__type__":"cc.Node","_name":"fourthPay","_parent":{"__id__":5},"_children":[{"__id__":69},{"__id__":70},{"__id__":72}],"_active":false,"_prefab":{"__type__":"cc.PrefabInfo","root":{"__id__":1},"asset":{"__uuid__":"2adezjOV1Fxpt9klJhZW/m"},"fileId":"d3xfqw6uVC9I3msyQuellh"},"_contentSize":{"__type__":"cc.Size","width":647,"height":515},"_anchorPoint":{"__type__":"cc.Vec2","x":0.5,"y":1},"_position":{"__type__":"cc.Vec3","x":-5}},{"__type__":"cc.Node","_name":"New Label","_parent":{"__id__":68},"_components":[{"__type__":"cc.Label","node":{"__id__":69},"_useOriginalSize":false,"_string":"请打开浏览器完成支付","_N$string":"请打开浏览器完成支付","_fontSize":28,"_N$file":{"__uuid__":"f282P+0sVPqqrZwiub4W4d"},"_isSystemFontUsed":false,"_N$horizontalAlign":1,"_N$verticalAlign":1}],"_prefab":{"__type__":"cc.PrefabInfo","root":{"__id__":1},"asset":{"__uuid__":"2adezjOV1Fxpt9klJhZW/m"},"fileId":"657athHddCh40x/d+/17//"},"_color":{"__type__":"cc.Color","r":102,"g":73,"b":61},"_contentSize":{"__type__":"cc.Size","width":280,"height":40},"_position":{"__type__":"cc.Vec3","y":-316}},{"__type__":"cc.Node","_name":"New Button","_parent":{"__id__":68},"_children":[{"__id__":71}],"_components":[{"__type__":"cc.Sprite","node":{"__id__":70},"_spriteFrame":{"__uuid__":"44NhSl3n5NQ4oVLTJRFMVo"},"_type":1,"_sizeMode":0},{"__type__":"cc.Button","node":{"__id__":70},"zoomScale":0.9,"clickEvents":[{"__type__":"cc.ClickEvent","target":{"__id__":1},"component":"payCenter","handler":"goFourthPay"}],"_N$transition":3,"transition":3,"_N$normalColor":{"__type__":"cc.Color","r":255,"g":255,"b":255},"_N$pressedColor":{"__type__":"cc.Color","r":255,"g":255,"b":255},"pressedColor":{"__type__":"cc.Color","r":255,"g":255,"b":255},"_N$disabledColor":{"__type__":"cc.Color","r":255,"g":255,"b":255},"_N$normalSprite":{"__uuid__":"44NhSl3n5NQ4oVLTJRFMVo"},"_N$disabledSprite":{"__uuid__":"29FYIk+N1GYaeWH/q1NxQO"},"_N$target":{"__id__":70}}],"_prefab":{"__type__":"cc.PrefabInfo","root":{"__id__":1},"asset":{"__uuid__":"2adezjOV1Fxpt9klJhZW/m"},"fileId":"21wSeFhA9Ouo2F7clS5d1g"},"_contentSize":{"__type__":"cc.Size","width":201,"height":69},"_position":{"__type__":"cc.Vec3","y":-400}},{"__type__":"cc.Node","_name":"Label","_parent":{"__id__":70},"_components":[{"__type__":"cc.Label","node":{"__id__":71},"_useOriginalSize":false,"_string":"去支付","_N$string":"去支付","_fontSize":30,"_enableWrapText":false,"_N$file":{"__uuid__":"f282P+0sVPqqrZwiub4W4d"},"_isSystemFontUsed":false,"_N$horizontalAlign":1,"_N$verticalAlign":1,"_N$overflow":1},{"__type__":"cc.LabelOutline","node":{"__id__":71},"_color":{"__type__":"cc.Color","r":156,"g":45,"b":8},"_width":2}],"_prefab":{"__type__":"cc.PrefabInfo","root":{"__id__":1},"asset":{"__uuid__":"2adezjOV1Fxpt9klJhZW/m"},"fileId":"bc7nbDTeBCrrUTRDgUmMdI"},"_color":{"__type__":"cc.Color","r":253,"g":255,"b":254},"_contentSize":{"__type__":"cc.Size","width":100,"height":40},"_position":{"__type__":"cc.Vec3","y":5}},{"__type__":"cc.Node","_name":"forthPayTag","_parent":{"__id__":68},"_components":[{"__type__":"cc.Sprite","node":{"__id__":72},"_spriteFrame":{"__uuid__":"99VQhTJ7xPJZC8zFhc31iR"}}],"_prefab":{"__type__":"cc.PrefabInfo","root":{"__id__":1},"asset":{"__uuid__":"2adezjOV1Fxpt9klJhZW/m"},"fileId":"c7y6wiH1VEbIzfVWL8wLNz"},"_contentSize":{"__type__":"cc.Size","width":192,"height":192},"_position":{"__type__":"cc.Vec3","y":-168}},{"__type__":"cc.Node","_name":"underMaintain","_parent":{"__id__":5},"_children":[{"__id__":74}],"_active":false,"_prefab":{"__type__":"cc.PrefabInfo","root":{"__id__":1},"asset":{"__uuid__":"2adezjOV1Fxpt9klJhZW/m"},"fileId":"5d9SLlQNxOr4x1SipmM291"},"_position":{"__type__":"cc.Vec3","x":-6}},{"__type__":"cc.Node","_name":"New Label","_parent":{"__id__":73},"_components":[{"__type__":"cc.Label","node":{"__id__":74},"_useOriginalSize":false,"_string":"充值通道维护中","_N$string":"充值通道维护中","_fontSize":28,"_N$file":{"__uuid__":"f282P+0sVPqqrZwiub4W4d"},"_isSystemFontUsed":false,"_N$horizontalAlign":1,"_N$verticalAlign":1}],"_prefab":{"__type__":"cc.PrefabInfo","root":{"__id__":1},"asset":{"__uuid__":"2adezjOV1Fxpt9klJhZW/m"},"fileId":"70HD6uOiNFDJ18E0vPJfFB"},"_color":{"__type__":"cc.Color","r":102,"g":73,"b":61},"_contentSize":{"__type__":"cc.Size","width":196,"height":40},"_position":{"__type__":"cc.Vec3","y":-206}},{"__type__":"cc.Node","_name":"txtYinShangHint","_parent":{"__id__":5},"_components":[{"__id__":76}],"_prefab":{"__type__":"cc.PrefabInfo","root":{"__id__":1},"asset":{"__uuid__":"2adezjOV1Fxpt9klJhZW/m"},"fileId":"f3gIVo53BOCI6KQ9hSaYVm"},"_opacity":0,"_color":{"__type__":"cc.Color","r":102,"g":73,"b":61},"_contentSize":{"__type__":"cc.Size","width":384,"height":40},"_position":{"__type__":"cc.Vec3","x":-122.3,"y":-13}},{"__type__":"cc.Label","node":{"__id__":75},"_useOriginalSize":false,"_string":"复制账号并添加好友，即刻为您充值","_N$string":"复制账号并添加好友，即刻为您充值","_fontSize":24,"_N$file":{"__uuid__":"f282P+0sVPqqrZwiub4W4d"},"_isSystemFontUsed":false,"_N$horizontalAlign":1,"_N$verticalAlign":1},{"__type__":"cc.Node","_name":"leftSide","_parent":{"__id__":1},"_children":[{"__id__":78},{"__id__":79}],"_components":[{"__type__":"cc.Widget","node":{"__id__":77},"alignMode":0,"_alignFlags":8,"_left":12}],"_prefab":{"__type__":"cc.PrefabInfo","root":{"__id__":1},"asset":{"__uuid__":"2adezjOV1Fxpt9klJhZW/m"},"fileId":"8ccuL/v2NPYYpbb+6cmTsU"},"_contentSize":{"__type__":"cc.Size","width":269,"height":548},"_position":{"__type__":"cc.Vec3","x":-328.5,"y":-24}},{"__type__":"cc.Node","_name":"New Sprite","_parent":{"__id__":77},"_components":[{"__type__":"cc.Sprite","node":{"__id__":78},"_spriteFrame":{"__uuid__":"e4zu7NE61BGJnLVqTzl8tm"},"_type":1,"_sizeMode":0}],"_prefab":{"__type__":"cc.PrefabInfo","root":{"__id__":1},"asset":{"__uuid__":"2adezjOV1Fxpt9klJhZW/m"},"fileId":"73Y4OFL/NMipwjzJPg1DmU"},"_contentSize":{"__type__":"cc.Size","width":269,"height":548}},{"__type__":"cc.Node","_name":"scrollView","_parent":{"__id__":77},"_children":[{"__id__":80}],"_components":[{"__type__":"cc.ScrollView","node":{"__id__":79},"horizontal":false,"brake":0.75,"bounceDuration":0.23,"_N$content":{"__id__":81},"content":{"__id__":81},"_N$horizontalScrollBar":null,"_N$verticalScrollBar":null}],"_prefab":{"__type__":"cc.PrefabInfo","root":{"__id__":1},"asset":{"__uuid__":"2adezjOV1Fxpt9klJhZW/m"},"fileId":"23wKURUI9F9IcRReGHtLMp"},"_contentSize":{"__type__":"cc.Size","width":269,"height":548},"_anchorPoint":{"__type__":"cc.Vec2","x":0.5,"y":1},"_position":{"__type__":"cc.Vec3","y":275}},{"__type__":"cc.Node","_name":"view","_parent":{"__id__":79},"_children":[{"__id__":81}],"_components":[{"__type__":"cc.Mask","node":{"__id__":80},"_N$alphaThreshold":1}],"_prefab":{"__type__":"cc.PrefabInfo","root":{"__id__":1},"asset":{"__uuid__":"2adezjOV1Fxpt9klJhZW/m"},"fileId":"92GbkC4AtPSZCB6zr4QRTw"},"_contentSize":{"__type__":"cc.Size","width":300,"height":535},"_anchorPoint":{"__type__":"cc.Vec2","x":0.5,"y":1},"_position":{"__type__":"cc.Vec3","y":-10}},{"__type__":"cc.Node","_name":"content","_parent":{"__id__":80},"_children":[{"__id__":82},{"__id__":83}],"_prefab":{"__type__":"cc.PrefabInfo","root":{"__id__":1},"asset":{"__uuid__":"2adezjOV1Fxpt9klJhZW/m"},"fileId":"40vzWfBgxBBKS2yh0LDIph"},"_contentSize":{"__type__":"cc.Size","width":269,"height":688},"_anchorPoint":{"__type__":"cc.Vec2","x":0.5,"y":1}},{"__type__":"cc.Node","_name":"leftMenuBar","_parent":{"__id__":81},"_components":[{"__type__":"cc.ToggleContainer","node":{"__id__":82}}],"_prefab":{"__type__":"cc.PrefabInfo","root":{"__id__":1},"asset":{"__uuid__":"2adezjOV1Fxpt9klJhZW/m"},"fileId":"2bYV8/I95L8amDSe5cXh+9"},"_contentSize":{"__type__":"cc.Size","width":269,"height":688},"_anchorPoint":{"__type__":"cc.Vec2","x":0.5,"y":1}},{"__type__":"cc.Node","_name":"recommendTag","_parent":{"__id__":81},"_components":[{"__type__":"cc.Sprite","node":{"__id__":83},"_spriteFrame":{"__uuid__":"d3tCQkTxRDYJfR7R3s5vSx"}}],"_prefab":{"__type__":"cc.PrefabInfo","root":{"__id__":1},"asset":{"__uuid__":"2adezjOV1Fxpt9klJhZW/m"},"fileId":"caQvxTWWpELYuTo5p43wvi"},"_contentSize":{"__type__":"cc.Size","width":80,"height":82},"_anchorPoint":{"__type__":"cc.Vec2","y":0.5},"_position":{"__type__":"cc.Vec3","x":-480.3,"y":-60}},{"__type__":"cc.Node","_name":"yinShangBottom","_parent":{"__id__":1},"_children":[{"__id__":85},{"__id__":86},{"__id__":88},{"__id__":90}],"_active":false,"_prefab":{"__type__":"cc.PrefabInfo","root":{"__id__":1},"asset":{"__uuid__":"2adezjOV1Fxpt9klJhZW/m"},"fileId":"50tX0Kj7NGNrP+R6aTXzVx"},"_position":{"__type__":"cc.Vec3","y":-209}},{"__type__":"cc.Node","_name":"btInform","_parent":{"__id__":84},"_components":[{"__type__":"cc.Sprite","node":{"__id__":85},"_spriteFrame":{"__uuid__":"97jprZWElH4KuBh/4NLFEI"}},{"__type__":"cc.Button","node":{"__id__":85},"zoomScale":0.9,"clickEvents":[{"__type__":"cc.ClickEvent","target":{"__id__":1},"component":"payCenter","handler":"btnEvent","customEventData":"inform"}],"_N$transition":3,"transition":3,"_N$target":{"__id__":85}}],"_prefab":{"__type__":"cc.PrefabInfo","root":{"__id__":1},"asset":{"__uuid__":"2adezjOV1Fxpt9klJhZW/m"},"fileId":"21yZBqRJNJmJLat2HUINGX"},"_contentSize":{"__type__":"cc.Size","width":118,"height":48},"_position":{"__type__":"cc.Vec3","x":-106,"y":-49}},{"__type__":"cc.Node","_name":"rtMyAccount","_parent":{"__id__":84},"_components":[{"__id__":87}],"_prefab":{"__type__":"cc.PrefabInfo","root":{"__id__":1},"asset":{"__uuid__":"2adezjOV1Fxpt9klJhZW/m"},"fileId":"431hPsAPVKp7FkvfnB/BJU"},"_contentSize":{"__type__":"cc.Size","width":133,"height":30},"_anchorPoint":{"__type__":"cc.Vec2","x":1,"y":0.5},"_position":{"__type__":"cc.Vec3","x":312.4,"y":-49}},{"__type__":"cc.RichText","node":{"__id__":86},"_N$string":"<color=#593F2D>我的账号：</c><color=#C95E1D>-</color>","_N$fontSize":24,"_N$font":{"__uuid__":"f282P+0sVPqqrZwiub4W4d"},"_N$lineHeight":30},{"__type__":"cc.Node","_name":"btCopy","_parent":{"__id__":84},"_children":[{"__id__":89}],"_components":[{"__type__":"cc.Sprite","node":{"__id__":88},"_spriteFrame":{"__uuid__":"44NhSl3n5NQ4oVLTJRFMVo"},"_type":1,"_sizeMode":0},{"__type__":"cc.Button","node":{"__id__":88},"zoomScale":0.9,"clickEvents":[{"__type__":"cc.ClickEvent","target":{"__id__":1},"component":"payCenter","handler":"btnEvent","customEventData":"copyMyAccount"}],"_N$transition":3,"transition":3,"_N$normalColor":{"__type__":"cc.Color","r":255,"g":255,"b":255},"_N$pressedColor":{"__type__":"cc.Color","r":255,"g":255,"b":255},"pressedColor":{"__type__":"cc.Color","r":255,"g":255,"b":255},"_N$disabledColor":{"__type__":"cc.Color","r":255,"g":255,"b":255},"_N$normalSprite":{"__uuid__":"44NhSl3n5NQ4oVLTJRFMVo"},"_N$pressedSprite":{"__uuid__":"e97GVMl6JHh5Ml5qEDdSGa"},"pressedSprite":{"__uuid__":"e97GVMl6JHh5Ml5qEDdSGa"},"_N$hoverSprite":{"__uuid__":"e97GVMl6JHh5Ml5qEDdSGa"},"hoverSprite":{"__uuid__":"e97GVMl6JHh5Ml5qEDdSGa"},"_N$disabledSprite":{"__uuid__":"29FYIk+N1GYaeWH/q1NxQO"},"_N$target":{"__id__":88}}],"_prefab":{"__type__":"cc.PrefabInfo","root":{"__id__":1},"asset":{"__uuid__":"2adezjOV1Fxpt9klJhZW/m"},"fileId":"2f2azwmJFN+5UuO7ts88S2"},"_contentSize":{"__type__":"cc.Size","width":118,"height":48},"_position":{"__type__":"cc.Vec3","x":384,"y":-49}},{"__type__":"cc.Node","_name":"Label","_parent":{"__id__":88},"_components":[{"__type__":"cc.Label","node":{"__id__":89},"_useOriginalSize":false,"_string":"复制","_N$string":"复制","_fontSize":24,"_N$file":{"__uuid__":"f282P+0sVPqqrZwiub4W4d"},"_isSystemFontUsed":false,"_N$horizontalAlign":1,"_N$verticalAlign":1},{"__type__":"cc.LabelOutline","node":{"__id__":89},"_color":{"__type__":"cc.Color","r":156,"g":45,"b":8},"_width":2}],"_prefab":{"__type__":"cc.PrefabInfo","root":{"__id__":1},"asset":{"__uuid__":"2adezjOV1Fxpt9klJhZW/m"},"fileId":"8e9MRGNzxJboInQEXkmlet"},"_color":{"__type__":"cc.Color","r":253,"g":255,"b":254},"_contentSize":{"__type__":"cc.Size","width":52,"height":40},"_position":{"__type__":"cc.Vec3","y":3}},{"__type__":"cc.Node","_name":"line","_parent":{"__id__":84},"_components":[{"__type__":"cc.Sprite","node":{"__id__":90},"_spriteFrame":{"__uuid__":"9fs2OXvVBOx5ZJG0Al+99+"},"_sizeMode":0}],"_prefab":{"__type__":"cc.PrefabInfo","root":{"__id__":1},"asset":{"__uuid__":"2adezjOV1Fxpt9klJhZW/m"},"fileId":"e98nm7E/JHvIlpCm859rIR"},"_contentSize":{"__type__":"cc.Size","width":2,"height":623},"_position":{"__type__":"cc.Vec3","x":139,"y":-4},"_rotationX":90,"_rotationY":90,"_quat":{"__type__":"cc.Quat","z":-0.7071067811865475,"w":0.7071067811865476}}]