[{"__type__":"cc.SceneAsset","_name":"offerPK","scene":{"__id__":1},"asyncLoadAssets":null},{"__type__":"cc.Scene","_name":"New Node","_children":[{"__id__":2}],"_anchorPoint":{"__type__":"cc.Vec2"},"autoReleaseAssets":false},{"__type__":"cc.Node","_name":"Canvas","_parent":{"__id__":1},"_children":[{"__id__":3},{"__id__":4},{"__id__":21},{"__id__":30},{"__id__":41}],"_components":[{"__type__":"cc.Canvas","node":{"__id__":2},"_designResolution":{"__type__":"cc.Size","width":1280,"height":720}},{"__type__":"84f17cmxUJDH6RH/9TzBcDh","node":{"__id__":2},"layerMsgPf":{"__uuid__":"f3VdTrKC5C87rvRCtQR6qK"},"pfToastHint":{"__uuid__":"4bWBdLRKtKZodoK7E+7WwS"},"toastLoadingPf":{"__uuid__":"525ceIDs9GT5XFJy+duGsH"},"toastRequestErrorPf":{"__uuid__":"64Xg0DO9FHvLfeX+uHxAG7"},"recordPf":{"__uuid__":"66gg5wpkxAQqH9QGUJjE4L"},"settingPf":{"__uuid__":"f01SxDhpBFI4U3JaUXm+gv"},"toastLayer":[{"__id__":42},{"__id__":43},{"__id__":44},{"__id__":45},{"__id__":46}],"bgAudio":{"__uuid__":"70Gy0bmzREwL+hj4qZFOcr"},"audioBtn":{"__uuid__":"ecfWSodf1HdqrJvyOKGSj4"},"pfDialogCommonLayer":{"__uuid__":"cfwu/zyjBNorwdfAeSFjrw"},"top":{"__id__":4},"gameName":{"__id__":9},"settingBtn":{"__id__":12},"ruleBtn":{"__id__":10},"recordBtn":{"__id__":14},"balance":{"__id__":19},"pkRule_pf":{"__uuid__":"b97lSHd6lMqIBw/zCZK6bD"}}],"_contentSize":{"__type__":"cc.Size","width":1280,"height":720},"_position":{"__type__":"cc.Vec3","x":640,"y":360},"_scaleX":1,"_scaleY":1,"_id":"36XQBudCtER6NeAzvfD6hP"},{"__type__":"cc.Node","_name":"bg","_parent":{"__id__":2},"_components":[{"__type__":"cc.Sprite","node":{"__id__":3},"_spriteFrame":{"__uuid__":"cbofnfEGpJoqb6i/0GhYBp"},"_sizeMode":0},{"__type__":"cc.Widget","node":{"__id__":3},"_wasAlignOnce":{},"isAlignOnce":{},"_alignFlags":5,"_originalHeight":720}],"_contentSize":{"__type__":"cc.Size","width":1560,"height":720},"_scaleX":1,"_scaleY":1},{"__type__":"cc.Node","_name":"top","_parent":{"__id__":2},"_children":[{"__id__":5},{"__id__":6},{"__id__":9},{"__id__":10},{"__id__":12},{"__id__":14},{"__id__":16}],"_components":[{"__type__":"cc.Widget","node":{"__id__":4},"_wasAlignOnce":{},"isAlignOnce":{},"_alignFlags":41,"_top":-114}],"_contentSize":{"__type__":"cc.Size","width":1280,"height":78},"_position":{"__type__":"cc.Vec3","y":435},"_scaleX":1,"_scaleY":1},{"__type__":"cc.Node","_name":"topBg","_parent":{"__id__":4},"_components":[{"__type__":"cc.Sprite","node":{"__id__":5},"_spriteFrame":{"__uuid__":"a2MjXRFdtLlYQ5ouAFv/+R"},"_sizeMode":0},{"__type__":"cc.Widget","node":{"__id__":5},"_wasAlignOnce":{},"isAlignOnce":{},"_alignFlags":41,"_top":-10.8,"_originalWidth":100}],"_opacity":30.6,"_contentSize":{"__type__":"cc.Size","width":1280,"height":90},"_position":{"__type__":"cc.Vec3","y":4.799999999999997},"_scaleX":1,"_scaleY":1},{"__type__":"cc.Node","_name":"goBackBg","_parent":{"__id__":4},"_children":[{"__id__":7}],"_components":[{"__type__":"cc.Sprite","node":{"__id__":6},"_spriteFrame":{"__uuid__":"0bE2t7AGlP5agafxOe7fI8"},"_sizeMode":0},{"__type__":"cc.Widget","node":{"__id__":6},"_wasAlignOnce":{},"isAlignOnce":{},"_alignFlags":9,"_top":-11.3}],"_contentSize":{"__type__":"cc.Size","width":149,"height":96},"_position":{"__type__":"cc.Vec3","x":-565.5,"y":2.299999999999997},"_scaleX":1,"_scaleY":1},{"__type__":"cc.Node","_name":"goBack","_parent":{"__id__":6},"_children":[{"__id__":8}],"_components":[{"__type__":"cc.Sprite","node":{"__id__":7},"_enabled":false,"_spriteFrame":{"__uuid__":"65Q8CLhItOzJsfnkmxU1Yw"},"_type":1,"_sizeMode":0},{"__type__":"cc.Button","node":{"__id__":7},"zoomScale":0.9,"clickEvents":[{"__type__":"cc.ClickEvent","target":{"__id__":2},"component":"offerPK","handler":"btnEvent","customEventData":"goBackHall"}],"_N$transition":3,"transition":3,"_N$normalColor":{"__type__":"cc.Color","r":255,"g":255,"b":255},"_N$pressedColor":{"__type__":"cc.Color","r":255,"g":255,"b":255},"pressedColor":{"__type__":"cc.Color","r":255,"g":255,"b":255},"_N$disabledColor":{"__type__":"cc.Color","r":255,"g":255,"b":255},"_N$normalSprite":{"__uuid__":"f0BIwQ8D5Ml7nTNQbh1YlS"},"_N$pressedSprite":{"__uuid__":"e97GVMl6JHh5Ml5qEDdSGa"},"pressedSprite":{"__uuid__":"e97GVMl6JHh5Ml5qEDdSGa"},"_N$hoverSprite":{"__uuid__":"e97GVMl6JHh5Ml5qEDdSGa"},"hoverSprite":{"__uuid__":"e97GVMl6JHh5Ml5qEDdSGa"},"_N$disabledSprite":{"__uuid__":"29FYIk+N1GYaeWH/q1NxQO"},"_N$target":{"__id__":7}},{"__type__":"cc.Widget","node":{"__id__":7},"_wasAlignOnce":{},"isAlignOnce":{},"_alignFlags":12,"_left":-0.5,"_bottom":-9.5}],"_contentSize":{"__type__":"cc.Size","width":120,"height":100},"_position":{"__type__":"cc.Vec3","x":-15,"y":-7.5},"_scaleX":1,"_scaleY":1},{"__type__":"cc.Node","_name":"New Sprite","_parent":{"__id__":7},"_components":[{"__type__":"cc.Sprite","node":{"__id__":8},"_spriteFrame":{"__uuid__":"65Q8CLhItOzJsfnkmxU1Yw"}}],"_contentSize":{"__type__":"cc.Size","width":67,"height":59},"_scaleX":1,"_scaleY":1},{"__type__":"cc.Node","_name":"qznn","_parent":{"__id__":4},"_components":[{"__type__":"cc.Sprite","node":{"__id__":9},"_spriteFrame":{"__uuid__":"a9iYwVCJ9CCIr8dHL0iUa9"}},{"__type__":"cc.Widget","node":{"__id__":9},"_wasAlignOnce":{},"isAlignOnce":{},"_alignFlags":8,"_left":175.8}],"_contentSize":{"__type__":"cc.Size","width":142,"height":35},"_position":{"__type__":"cc.Vec3","x":-393.2,"y":72},"_scaleX":1,"_scaleY":1},{"__type__":"cc.Node","_name":"rule","_parent":{"__id__":4},"_children":[{"__id__":11}],"_components":[{"__type__":"cc.Sprite","node":{"__id__":10},"_type":1,"_sizeMode":0},{"__type__":"cc.Button","node":{"__id__":10},"zoomScale":0.9,"clickEvents":[{"__type__":"cc.ClickEvent","target":{"__id__":2},"component":"offerPK","handler":"btnEvent","customEventData":"showPKRule"}],"_N$transition":3,"transition":3,"_N$normalColor":{"__type__":"cc.Color","r":255,"g":255,"b":255},"_N$pressedColor":{"__type__":"cc.Color","r":255,"g":255,"b":255},"pressedColor":{"__type__":"cc.Color","r":255,"g":255,"b":255},"_N$disabledColor":{"__type__":"cc.Color","r":255,"g":255,"b":255},"_N$normalSprite":{"__uuid__":"2f7DD3nAFHGIMdaRpmPLlI"},"_N$pressedSprite":{"__uuid__":"e97GVMl6JHh5Ml5qEDdSGa"},"pressedSprite":{"__uuid__":"e97GVMl6JHh5Ml5qEDdSGa"},"_N$hoverSprite":{"__uuid__":"e97GVMl6JHh5Ml5qEDdSGa"},"hoverSprite":{"__uuid__":"e97GVMl6JHh5Ml5qEDdSGa"},"_N$disabledSprite":{"__uuid__":"29FYIk+N1GYaeWH/q1NxQO"},"_N$target":{"__id__":10}},{"__type__":"cc.Widget","node":{"__id__":10},"_wasAlignOnce":{},"isAlignOnce":{},"_alignFlags":8,"_left":309}],"_contentSize":{"__type__":"cc.Size","width":88,"height":88},"_position":{"__type__":"cc.Vec3","x":-287,"y":72},"_scaleX":1,"_scaleY":1},{"__type__":"cc.Node","_name":"hallPlay","_parent":{"__id__":10},"_components":[{"__type__":"cc.Sprite","node":{"__id__":11},"_spriteFrame":{"__uuid__":"2f7DD3nAFHGIMdaRpmPLlI"}}],"_contentSize":{"__type__":"cc.Size","width":38,"height":40},"_scaleX":1,"_scaleY":1},{"__type__":"cc.Node","_name":"setting","_parent":{"__id__":4},"_children":[{"__id__":13}],"_components":[{"__type__":"cc.Sprite","node":{"__id__":12},"_type":1,"_sizeMode":0},{"__type__":"cc.Button","node":{"__id__":12},"zoomScale":0.9,"clickEvents":[{"__type__":"cc.ClickEvent","target":{"__id__":2},"component":"offerPK","handler":"btnEvent","customEventData":"setting"}],"_N$transition":3,"transition":3,"_N$normalColor":{"__type__":"cc.Color","r":255,"g":255,"b":255},"_N$pressedColor":{"__type__":"cc.Color","r":255,"g":255,"b":255},"pressedColor":{"__type__":"cc.Color","r":255,"g":255,"b":255},"_N$disabledColor":{"__type__":"cc.Color","r":255,"g":255,"b":255},"_N$normalSprite":{"__uuid__":"f0BIwQ8D5Ml7nTNQbh1YlS"},"_N$pressedSprite":{"__uuid__":"e97GVMl6JHh5Ml5qEDdSGa"},"pressedSprite":{"__uuid__":"e97GVMl6JHh5Ml5qEDdSGa"},"_N$hoverSprite":{"__uuid__":"e97GVMl6JHh5Ml5qEDdSGa"},"hoverSprite":{"__uuid__":"e97GVMl6JHh5Ml5qEDdSGa"},"_N$disabledSprite":{"__uuid__":"29FYIk+N1GYaeWH/q1NxQO"},"_N$target":{"__id__":12}},{"__type__":"cc.Widget","node":{"__id__":12},"_wasAlignOnce":{},"isAlignOnce":{},"_alignFlags":32,"_right":14}],"_contentSize":{"__type__":"cc.Size","width":88,"height":88},"_position":{"__type__":"cc.Vec3","x":582,"y":72},"_scaleX":1,"_scaleY":1},{"__type__":"cc.Node","_name":"hallSetting","_parent":{"__id__":12},"_components":[{"__type__":"cc.Sprite","node":{"__id__":13},"_spriteFrame":{"__uuid__":"93I8f3UJNJTpNJ6foJVBOU"}}],"_contentSize":{"__type__":"cc.Size","width":88,"height":78},"_position":{"__type__":"cc.Vec3","y":-3},"_scaleX":1,"_scaleY":1},{"__type__":"cc.Node","_name":"record","_parent":{"__id__":4},"_children":[{"__id__":15}],"_components":[{"__type__":"cc.Sprite","node":{"__id__":14},"_type":1,"_sizeMode":0},{"__type__":"cc.Button","node":{"__id__":14},"zoomScale":0.9,"clickEvents":[{"__type__":"cc.ClickEvent","target":{"__id__":2},"component":"offerPK","handler":"btnEvent","customEventData":"record"}],"_N$transition":3,"transition":3,"_N$normalColor":{"__type__":"cc.Color","r":255,"g":255,"b":255},"_N$pressedColor":{"__type__":"cc.Color","r":255,"g":255,"b":255},"pressedColor":{"__type__":"cc.Color","r":255,"g":255,"b":255},"_N$disabledColor":{"__type__":"cc.Color","r":255,"g":255,"b":255},"_N$normalSprite":{"__uuid__":"f0BIwQ8D5Ml7nTNQbh1YlS"},"_N$pressedSprite":{"__uuid__":"e97GVMl6JHh5Ml5qEDdSGa"},"pressedSprite":{"__uuid__":"e97GVMl6JHh5Ml5qEDdSGa"},"_N$hoverSprite":{"__uuid__":"e97GVMl6JHh5Ml5qEDdSGa"},"hoverSprite":{"__uuid__":"e97GVMl6JHh5Ml5qEDdSGa"},"_N$disabledSprite":{"__uuid__":"29FYIk+N1GYaeWH/q1NxQO"},"_N$target":{"__id__":14}},{"__type__":"cc.Widget","node":{"__id__":14},"_wasAlignOnce":{},"isAlignOnce":{},"_alignFlags":32,"_right":104}],"_contentSize":{"__type__":"cc.Size","width":88,"height":88},"_position":{"__type__":"cc.Vec3","x":492,"y":72},"_scaleX":1,"_scaleY":1},{"__type__":"cc.Node","_name":"hallRecord","_parent":{"__id__":14},"_components":[{"__type__":"cc.Sprite","node":{"__id__":15},"_spriteFrame":{"__uuid__":"781jIU4+hFL7BBasQfZLQs"}}],"_contentSize":{"__type__":"cc.Size","width":88,"height":78},"_position":{"__type__":"cc.Vec3","y":-3},"_scaleX":1,"_scaleY":1},{"__type__":"cc.Node","_name":"recharge","_parent":{"__id__":4},"_children":[{"__id__":17},{"__id__":18},{"__id__":20}],"_components":[{"__type__":"cc.Sprite","node":{"__id__":16},"_spriteFrame":{"__uuid__":"036GSjCwFFpq1Af4+9vDHo"},"_sizeMode":0}],"_contentSize":{"__type__":"cc.Size","width":302,"height":48},"_scaleX":1,"_scaleY":1},{"__type__":"cc.Node","_name":"Coinicon","_parent":{"__id__":16},"_components":[{"__type__":"cc.Sprite","node":{"__id__":17},"_spriteFrame":{"__uuid__":"ddD4eZz3ZM9rFxwsTp/RLl"}}],"_contentSize":{"__type__":"cc.Size","width":56,"height":56},"_position":{"__type__":"cc.Vec3","x":-126.5,"y":-1},"_scaleX":1,"_scaleY":1},{"__type__":"cc.Node","_name":"money","_parent":{"__id__":16},"_components":[{"__id__":19}],"_color":{"__type__":"cc.Color","r":254,"g":254,"b":254},"_contentSize":{"__type__":"cc.Size","width":59,"height":40},"_anchorPoint":{"__type__":"cc.Vec2","y":0.5},"_position":{"__type__":"cc.Vec3","x":-93},"_scaleX":1,"_scaleY":1},{"__type__":"cc.Label","node":{"__id__":18},"_useOriginalSize":false,"_string":"0.00","_N$string":"0.00","_fontSize":30,"_N$file":{"__uuid__":"f282P+0sVPqqrZwiub4W4d"},"_isSystemFontUsed":false,"_N$horizontalAlign":1,"_N$verticalAlign":1},{"__type__":"cc.Node","_name":"add","_parent":{"__id__":16},"_components":[{"__type__":"cc.Sprite","node":{"__id__":20},"_spriteFrame":{"__uuid__":"fa4M+YNmhGu5xdEYBDRQTd"},"_type":1,"_sizeMode":0},{"__type__":"cc.Button","node":{"__id__":20},"zoomScale":0.9,"clickEvents":[{"__type__":"cc.ClickEvent","target":{"__id__":2},"component":"offerPK","handler":"btnEvent","customEventData":"payCenter"}],"_N$transition":3,"transition":3,"_N$normalColor":{"__type__":"cc.Color","r":255,"g":255,"b":255},"_N$pressedColor":{"__type__":"cc.Color","r":255,"g":255,"b":255},"pressedColor":{"__type__":"cc.Color","r":255,"g":255,"b":255},"_N$disabledColor":{"__type__":"cc.Color","r":255,"g":255,"b":255},"_N$normalSprite":{"__uuid__":"f0BIwQ8D5Ml7nTNQbh1YlS"},"_N$pressedSprite":{"__uuid__":"e97GVMl6JHh5Ml5qEDdSGa"},"pressedSprite":{"__uuid__":"e97GVMl6JHh5Ml5qEDdSGa"},"_N$hoverSprite":{"__uuid__":"e97GVMl6JHh5Ml5qEDdSGa"},"hoverSprite":{"__uuid__":"e97GVMl6JHh5Ml5qEDdSGa"},"_N$disabledSprite":{"__uuid__":"29FYIk+N1GYaeWH/q1NxQO"},"_N$target":{"__id__":20}}],"_contentSize":{"__type__":"cc.Size","width":38,"height":38},"_position":{"__type__":"cc.Vec3","x":126,"y":1},"_scaleX":1,"_scaleY":1},{"__type__":"cc.Node","_name":"ef_cJian","_parent":{"__id__":2},"_children":[{"__id__":22},{"__id__":23},{"__id__":24},{"__id__":25},{"__id__":28},{"__id__":29}],"_components":[{"__type__":"cc.Animation","node":{"__id__":21},"_defaultClip":{"__uuid__":"012dpDBpNORpdl13Ru35gF"},"_clips":[{"__uuid__":"012dpDBpNORpdl13Ru35gF"}],"playOnLoad":true},{"__type__":"cc.Button","node":{"__id__":21},"zoomScale":0.95,"clickEvents":[{"__type__":"cc.ClickEvent","target":{"__id__":2},"component":"offerPK","handler":"btnEvent","customEventData":"createRoom"}],"_N$transition":3,"transition":3,"_N$normalColor":{"__type__":"cc.Color","r":255,"g":255,"b":255},"_N$pressedColor":{"__type__":"cc.Color","r":255,"g":255,"b":255},"pressedColor":{"__type__":"cc.Color","r":255,"g":255,"b":255},"_N$disabledColor":{"__type__":"cc.Color","r":255,"g":255,"b":255},"_N$normalSprite":{"__uuid__":"f0BIwQ8D5Ml7nTNQbh1YlS"},"_N$pressedSprite":{"__uuid__":"e97GVMl6JHh5Ml5qEDdSGa"},"pressedSprite":{"__uuid__":"e97GVMl6JHh5Ml5qEDdSGa"},"_N$hoverSprite":{"__uuid__":"e97GVMl6JHh5Ml5qEDdSGa"},"hoverSprite":{"__uuid__":"e97GVMl6JHh5Ml5qEDdSGa"},"_N$disabledSprite":{"__uuid__":"29FYIk+N1GYaeWH/q1NxQO"},"_N$target":{"__id__":21}}],"_contentSize":{"__type__":"cc.Size","width":316,"height":420},"_position":{"__type__":"cc.Vec3","x":-230,"y":-37},"_scaleX":1,"_scaleY":1},{"__type__":"cc.Node","_name":"cj_di","_parent":{"__id__":21},"_components":[{"__type__":"cc.Sprite","node":{"__id__":22},"_spriteFrame":{"__uuid__":"45pWPsdnFC0IkrUs3REh2v"}}],"_contentSize":{"__type__":"cc.Size","width":319,"height":423},"_scaleX":1,"_scaleY":1},{"__type__":"cc.Node","_name":"cj_5","_parent":{"__id__":21},"_components":[{"__type__":"cc.Sprite","node":{"__id__":23},"_spriteFrame":{"__uuid__":"a3yXuwUkZAu67f8KeyczHT"}}],"_contentSize":{"__type__":"cc.Size","width":32,"height":36},"_position":{"__type__":"cc.Vec3","x":59.3,"y":43.9},"_scaleX":1,"_scaleY":1},{"__type__":"cc.Node","_name":"cj_2","_parent":{"__id__":21},"_components":[{"__type__":"cc.Sprite","node":{"__id__":24},"_spriteFrame":{"__uuid__":"1fQZJcNiRMg6ZLQ9z4tw/V"}}],"_contentSize":{"__type__":"cc.Size","width":131,"height":170},"_anchorPoint":{"__type__":"cc.Vec2","x":0.3,"y":0.1},"_position":{"__type__":"cc.Vec3","x":-55.8,"y":-17.4},"_scaleX":1,"_scaleY":1},{"__type__":"cc.Node","_name":"cj_1","_parent":{"__id__":21},"_children":[{"__id__":26},{"__id__":27}],"_components":[{"__type__":"cc.Sprite","node":{"__id__":25},"_spriteFrame":{"__uuid__":"10sOcBpttJwoutwGhlXuur"}}],"_contentSize":{"__type__":"cc.Size","width":147,"height":170},"_position":{"__type__":"cc.Vec3","x":8.2,"y":48.6},"_scaleX":1,"_scaleY":1},{"__type__":"cc.Node","_name":"cj_1-1","_parent":{"__id__":25},"_components":[{"__type__":"cc.Sprite","node":{"__id__":26},"_dstBlendFactor":1,"_spriteFrame":{"__uuid__":"10sOcBpttJwoutwGhlXuur"}}],"_opacity":50,"_contentSize":{"__type__":"cc.Size","width":147,"height":170},"_scaleX":1,"_scaleY":1},{"__type__":"cc.Node","_name":"t-glow","_parent":{"__id__":25},"_components":[{"__type__":"cc.Sprite","node":{"__id__":27},"_dstBlendFactor":1}],"_contentSize":{"__type__":"cc.Size","width":187,"height":193},"_position":{"__type__":"cc.Vec3","x":-30.4,"y":76.6},"_scaleX":1,"_scaleY":1},{"__type__":"cc.Node","_name":"cj_3","_parent":{"__id__":21},"_components":[{"__type__":"cc.Sprite","node":{"__id__":28},"_spriteFrame":{"__uuid__":"1d/SK3d7hLnoHTtcmTkvWE"}}],"_contentSize":{"__type__":"cc.Size","width":55,"height":62},"_position":{"__type__":"cc.Vec3","x":-72.9,"y":8.2},"_scaleX":1,"_scaleY":1,"_rotationX":-90,"_rotationY":-90},{"__type__":"cc.Node","_name":"cj_4","_parent":{"__id__":21},"_components":[{"__type__":"cc.Sprite","node":{"__id__":29},"_spriteFrame":{"__uuid__":"fdMiU69TNCaqBVF9h80zb3"}}],"_contentSize":{"__type__":"cc.Size","width":42,"height":49},"_position":{"__type__":"cc.Vec3","x":89.3,"y":32.8},"_scaleX":1,"_scaleY":1,"_rotationX":-90,"_rotationY":-90},{"__type__":"cc.Node","_name":"ef_jiaRu","_parent":{"__id__":2},"_children":[{"__id__":31},{"__id__":32},{"__id__":33},{"__id__":34},{"__id__":36},{"__id__":37},{"__id__":38},{"__id__":39},{"__id__":40}],"_components":[{"__type__":"cc.Animation","node":{"__id__":30},"_defaultClip":{"__uuid__":"537lJ2lhNH/6nkdul8vx18"},"_clips":[{"__uuid__":"537lJ2lhNH/6nkdul8vx18"}],"playOnLoad":true},{"__type__":"cc.Button","node":{"__id__":30},"zoomScale":0.95,"clickEvents":[{"__type__":"cc.ClickEvent","target":{"__id__":2},"component":"offerPK","handler":"btnEvent","customEventData":"joinRoom"}],"_N$transition":3,"transition":3,"_N$normalColor":{"__type__":"cc.Color","r":255,"g":255,"b":255},"_N$pressedColor":{"__type__":"cc.Color","r":255,"g":255,"b":255},"pressedColor":{"__type__":"cc.Color","r":255,"g":255,"b":255},"_N$disabledColor":{"__type__":"cc.Color","r":255,"g":255,"b":255},"_N$normalSprite":{"__uuid__":"f0BIwQ8D5Ml7nTNQbh1YlS"},"_N$pressedSprite":{"__uuid__":"e97GVMl6JHh5Ml5qEDdSGa"},"pressedSprite":{"__uuid__":"e97GVMl6JHh5Ml5qEDdSGa"},"_N$hoverSprite":{"__uuid__":"e97GVMl6JHh5Ml5qEDdSGa"},"hoverSprite":{"__uuid__":"e97GVMl6JHh5Ml5qEDdSGa"},"_N$disabledSprite":{"__uuid__":"29FYIk+N1GYaeWH/q1NxQO"},"_N$target":{"__id__":30}}],"_contentSize":{"__type__":"cc.Size","width":316,"height":420},"_position":{"__type__":"cc.Vec3","x":230,"y":-37},"_scaleX":1,"_scaleY":1},{"__type__":"cc.Node","_name":"jr_di","_parent":{"__id__":30},"_components":[{"__type__":"cc.Sprite","node":{"__id__":31},"_spriteFrame":{"__uuid__":"32I0SL2vVMXKg8APqR2UHN"}}],"_contentSize":{"__type__":"cc.Size","width":319,"height":423},"_scaleX":1,"_scaleY":1},{"__type__":"cc.Node","_name":"jr_3","_parent":{"__id__":30},"_components":[{"__type__":"cc.Sprite","node":{"__id__":32},"_spriteFrame":{"__uuid__":"2cmWK6fg1PgbMSLwEAczfF"}}],"_contentSize":{"__type__":"cc.Size","width":86,"height":109},"_position":{"__type__":"cc.Vec3","x":-23,"y":72},"_scaleX":1,"_scaleY":1,"_rotationX":1.5725866666590873,"_rotationY":1.5725866666590873},{"__type__":"cc.Node","_name":"jr_2","_parent":{"__id__":30},"_components":[{"__type__":"cc.Sprite","node":{"__id__":33},"_spriteFrame":{"__uuid__":"e0AcdfqexNWKdfrEaE152A"}}],"_contentSize":{"__type__":"cc.Size","width":110,"height":121},"_anchorPoint":{"__type__":"cc.Vec2","x":0.4,"y":0.2},"_position":{"__type__":"cc.Vec3","x":-68.9,"y":19.7},"_scaleX":1,"_scaleY":1,"_rotationX":-4.7043111110984785,"_rotationY":-4.7043111110984785},{"__type__":"cc.Node","_name":"jr_1","_parent":{"__id__":30},"_children":[{"__id__":35}],"_components":[{"__type__":"cc.Sprite","node":{"__id__":34},"_spriteFrame":{"__uuid__":"b8/NQugXhMgKW/nwSulYga"}}],"_contentSize":{"__type__":"cc.Size","width":157,"height":152},"_position":{"__type__":"cc.Vec3","x":3.3,"y":25.986751999982822},"_scaleX":1,"_scaleY":1},{"__type__":"cc.Node","_name":"t-glow","_parent":{"__id__":34},"_components":[{"__type__":"cc.Sprite","node":{"__id__":35},"_dstBlendFactor":1,"_spriteFrame":{"__uuid__":"a8GRZ/GqhEtq38oXYzJzt7"}}],"_contentSize":{"__type__":"cc.Size","width":187,"height":193},"_position":{"__type__":"cc.Vec3","x":62.7,"y":68.1},"_scaleX":0,"_scaleY":0,"_rotationX":120,"_rotationY":120},{"__type__":"cc.Node","_name":"jr_hua5","_parent":{"__id__":30},"_components":[{"__type__":"cc.Sprite","node":{"__id__":36},"_spriteFrame":{"__uuid__":"00Z60vfO5Ima1E1r3gz8WC"}}],"_contentSize":{"__type__":"cc.Size","width":15,"height":17},"_position":{"__type__":"cc.Vec3","x":92.1,"y":62.8},"_scaleX":1,"_scaleY":1},{"__type__":"cc.Node","_name":"jr_hua4","_parent":{"__id__":30},"_components":[{"__type__":"cc.Sprite","node":{"__id__":37},"_spriteFrame":{"__uuid__":"42Pb3JDpJLJrR3aMz/Xscl"}}],"_contentSize":{"__type__":"cc.Size","width":35,"height":29},"_position":{"__type__":"cc.Vec3","x":-105.31354392290281,"y":-19.92199592785681},"_scaleX":1,"_scaleY":1},{"__type__":"cc.Node","_name":"jr_hua3","_parent":{"__id__":30},"_components":[{"__type__":"cc.Sprite","node":{"__id__":38},"_spriteFrame":{"__uuid__":"34JzNO1ghCBqeCm/sRzCPq"}}],"_contentSize":{"__type__":"cc.Size","width":32,"height":44},"_position":{"__type__":"cc.Vec3","x":112.03189546667193,"y":111.40746933334938},"_scaleX":1,"_scaleY":1},{"__type__":"cc.Node","_name":"jr_hua2","_parent":{"__id__":30},"_components":[{"__type__":"cc.Sprite","node":{"__id__":39},"_spriteFrame":{"__uuid__":"26uWY4Cd5Dq7H/dediQwn2"}}],"_contentSize":{"__type__":"cc.Size","width":15,"height":17},"_position":{"__type__":"cc.Vec3","x":21.7,"y":-67.6},"_scaleX":1,"_scaleY":1},{"__type__":"cc.Node","_name":"jr_hua1","_parent":{"__id__":30},"_components":[{"__type__":"cc.Sprite","node":{"__id__":40},"_spriteFrame":{"__uuid__":"42/glGgMBGmoPr37+ze+yW"}}],"_contentSize":{"__type__":"cc.Size","width":34,"height":33},"_position":{"__type__":"cc.Vec3","x":92.8,"y":-2.8},"_scaleX":1,"_scaleY":1},{"__type__":"cc.Node","_name":"toastLayer","_parent":{"__id__":2},"_children":[{"__id__":42},{"__id__":43},{"__id__":44},{"__id__":45},{"__id__":46}],"_scaleX":1,"_scaleY":1},{"__type__":"cc.Node","_name":"1","_parent":{"__id__":41},"_scaleX":1,"_scaleY":1},{"__type__":"cc.Node","_name":"2","_parent":{"__id__":41},"_scaleX":1,"_scaleY":1},{"__type__":"cc.Node","_name":"3","_parent":{"__id__":41},"_scaleX":1,"_scaleY":1},{"__type__":"cc.Node","_name":"4","_parent":{"__id__":41},"_scaleX":1,"_scaleY":1},{"__type__":"cc.Node","_name":"5","_parent":{"__id__":41},"_scaleX":1,"_scaleY":1}]