{"__type__":"cc.SpriteAtlas","_spriteFrames":{"glow_1":{"__uuid__":"5fS8KTTWBPG4Tea8VV0Y2E"},"di1_00000":{"__uuid__":"e1kwVMOmZF9qvtise5tTRF"},"glow_2":{"__uuid__":"81OXtOkAhLOo5f7mXa69E9"},"sj_2":{"__uuid__":"5fMefdQhpIAZXW26/sqBfE"},"qi1_00001":{"__uuid__":"5d5rmESPxCT52nSFxgTig/"},"qi1_00004":{"__uuid__":"87RUCfXN9PapvB1jmyTP33"},"qi1_00006":{"__uuid__":"59tuLa7UBPSZwjHmTUaJHY"},"sj_zi":{"__uuid__":"feShpDaTtF84WzmSDcQOEj"},"bz_sg_00007":{"__uuid__":"d4AiR3/xJOY4h7gJVmKnEL"},"qi1_00007":{"__uuid__":"71BUxnPRlPd6ZcdBrXrFo9"},"bz_sg_00006":{"__uuid__":"3brheF+0JEKLOLus9GJaUk"},"qi1_00010":{"__uuid__":"b7FsQVCV1KF6eIOQwhlyP3"},"qi1_00009":{"__uuid__":"b70yuh6jJI/bymhNQ/hvXM"},"bz_sg_00008":{"__uuid__":"70NcWO43JM6JcyrnpTGPEj"},"bz_sg_00009":{"__uuid__":"c1AqHJFNNKYY57Jb67/sRw"},"qi1_00008":{"__uuid__":"efcn7JLYBIVo7o0rQ5n1hW"},"bz_sg_00010":{"__uuid__":"ffc5d/fzRBZbLtyutITO4V"},"bz_sg_00005":{"__uuid__":"feH+ahlXxCLoe/LDbd8NEz"},"bz_sg_00004":{"__uuid__":"1aMuF6XR5EtblAQQPT/s6q"},"bz_1":{"__uuid__":"5eEaJdFqNNuqvQC0IM+Jx5"},"sj_1":{"__uuid__":"8e+upinSJN3KVS/HYMPkQu"},"qi1_00005":{"__uuid__":"23npUrJtBMsorH8ETPzWOr"},"qi1_00002":{"__uuid__":"5fQvNlsXdMW59LPorxQeS4"},"bz_sg_00003":{"__uuid__":"8ejcQveE5IorUnJKRPt/PZ"},"bz_sg_00011":{"__uuid__":"77qsSf3fhBo4fZ3iyqeCWA"},"bz_sg_00002":{"__uuid__":"28pIgfAPVI0KNPalbvfgiS"},"bz_bs2":{"__uuid__":"aenYSpUBFFzqNYSmeMAM+J"},"bz_sg_00001":{"__uuid__":"8bciDlYOZIDpjZKSHkmVTq"},"qi1_00011":{"__uuid__":"8fm1jzUzFOvKPY8WjCgn32"},"qi1_00003":{"__uuid__":"b7qMFrvLpJ9bg32Bh+mSq9"},"qi1_00000":{"__uuid__":"bfhoSIP5tET7lukN/JlVC8"}}}