{"__type__":"cc.AnimationClip","_name":"registerCashGift","_duration":15,"sample":24,"wrapMode":"1","curveData":{"paths":{"zc_di":{"props":{"scale":[{"frame":0,"value":{"__type__":"cc.Vec2"}},{"frame":0.20833333333333334,"value":{"__type__":"cc.Vec2","x":1.05,"y":1.05}},{"frame":0.375,"value":{"__type__":"cc.Vec2","x":1,"y":1}}]}},"zc_bt":{"props":{"scale":[{"frame":0.125,"value":{"__type__":"cc.Vec2"}},{"frame":0.2916666666666667,"value":{"__type__":"cc.Vec2","x":1.1,"y":1.1}},{"frame":0.375,"value":{"__type__":"cc.Vec2","x":1,"y":1}}]}},"zc_anniu":{"props":{"scale":[{"frame":0.4166666666666667,"value":{"__type__":"cc.Vec2"}},{"frame":0.625,"value":{"__type__":"cc.Vec2","x":1.1,"y":1.1}},{"frame":0.75,"value":{"__type__":"cc.Vec2","x":1,"y":1}}]}},"glow_2":{"props":{"opacity":[{"frame":0.08333333333333333,"value":0},{"frame":0.20833333333333334,"value":255},{"frame":0.625,"value":180},{"frame":1.0416666666666667,"value":255},{"frame":1.4583333333333333,"value":180},{"frame":1.875,"value":255}]}},"glow_1":{"props":{"opacity":[{"frame":0.125,"value":0},{"frame":0.375,"value":150}],"rotation":[{"frame":0.125,"value":0},{"frame":15,"value":250}]}},"glow_3":{"props":{"scale":[{"frame":0,"value":{"__type__":"cc.Vec2"},"curve":[0.06,0.12,0.6955462184873951,0.921218487394958]},{"frame":0.5416666666666666,"value":{"__type__":"cc.Vec2","x":2,"y":2}}],"opacity":[{"frame":0.375,"value":255},{"frame":0.5416666666666666,"value":0}]}},"glow_3/glow_4":{"props":{"opacity":[{"frame":0.16666666666666666,"value":255},{"frame":0.20833333333333334,"value":0}]}}}}}