[{"__type__":"cc.Prefab","_name":"hintBindPhone","data":{"__id__":1},"asyncLoadAssets":true},{"__type__":"cc.Node","_name":"hintRegister","_children":[{"__id__":2},{"__id__":3},{"__id__":4},{"__id__":5},{"__id__":6}],"_components":[{"__type__":"459ceEepddLAYwe/LOX2QWz","node":{"__id__":1},"txt":{"__id__":7},"audioClick":{"__uuid__":"ecfWSodf1HdqrJvyOKGSj4"}}],"_prefab":{"__type__":"cc.PrefabInfo","root":{"__id__":1},"asset":{"__uuid__":"1910Az76FIwrmhLaCP1kPQ"},"fileId":"d02af5SjNMhpEajMc3Ai+R"},"_scaleX":1,"_scaleY":1},{"__type__":"cc.Node","_name":"mask","_parent":{"__id__":1},"_components":[{"__type__":"cc.Sprite","node":{"__id__":2},"_spriteFrame":{"__uuid__":"10fU2BmSZOvoM706TtIfbx"},"_sizeMode":0},{"__type__":"cc.BlockInputEvents","node":{"__id__":2}}],"_prefab":{"__type__":"cc.PrefabInfo","root":{"__id__":1},"asset":{"__uuid__":"1910Az76FIwrmhLaCP1kPQ"},"fileId":"92JXhKL8tKqL0isSpczfgm"},"_opacity":191,"_color":{"__type__":"cc.Color"},"_contentSize":{"__type__":"cc.Size","width":2500,"height":1000},"_scaleX":1,"_scaleY":1},{"__type__":"cc.Node","_name":"hintRegister","_parent":{"__id__":1},"_components":[{"__type__":"cc.Sprite","node":{"__id__":3},"_spriteFrame":{"__uuid__":"3fs0xWPoRPx6N6De7NE94+"}}],"_prefab":{"__type__":"cc.PrefabInfo","root":{"__id__":1},"asset":{"__uuid__":"1910Az76FIwrmhLaCP1kPQ"},"fileId":"89LsOOvLpE8Ysh3QRANmyv"},"_contentSize":{"__type__":"cc.Size","width":842,"height":530},"_scaleX":1,"_scaleY":1},{"__type__":"cc.Node","_name":"btBindPhone","_parent":{"__id__":1},"_components":[{"__type__":"cc.Sprite","node":{"__id__":4},"_spriteFrame":{"__uuid__":"cb5ewTF19HaLVysp/NZSWK"}},{"__type__":"cc.Button","node":{"__id__":4},"zoomScale":0.9,"clickEvents":[{"__type__":"cc.ClickEvent","target":{"__id__":1},"component":"hintBindPhone","handler":"btnEvent","customEventData":"bindPhone"}],"_N$transition":3,"transition":3,"_N$target":{"__id__":4}}],"_prefab":{"__type__":"cc.PrefabInfo","root":{"__id__":1},"asset":{"__uuid__":"1910Az76FIwrmhLaCP1kPQ"},"fileId":"05WDNoQYVBrKwEjmUWrjbA"},"_contentSize":{"__type__":"cc.Size","width":192,"height":71},"_position":{"__type__":"cc.Vec3","y":-202},"_scaleX":1,"_scaleY":1},{"__type__":"cc.Node","_name":"btClose","_parent":{"__id__":1},"_components":[{"__type__":"cc.Button","node":{"__id__":5},"clickEvents":[{"__type__":"cc.ClickEvent","target":{"__id__":1},"component":"hintBindPhone","handler":"btnEvent","customEventData":"close"}],"_N$normalColor":{"__type__":"cc.Color","r":255,"g":255,"b":255},"_N$pressedColor":{"__type__":"cc.Color","r":255,"g":255,"b":255},"pressedColor":{"__type__":"cc.Color","r":255,"g":255,"b":255},"_N$disabledColor":{"__type__":"cc.Color","r":255,"g":255,"b":255},"_N$normalSprite":{"__uuid__":"f0BIwQ8D5Ml7nTNQbh1YlS"},"_N$pressedSprite":{"__uuid__":"e97GVMl6JHh5Ml5qEDdSGa"},"pressedSprite":{"__uuid__":"e97GVMl6JHh5Ml5qEDdSGa"},"_N$hoverSprite":{"__uuid__":"e97GVMl6JHh5Ml5qEDdSGa"},"hoverSprite":{"__uuid__":"e97GVMl6JHh5Ml5qEDdSGa"},"_N$disabledSprite":{"__uuid__":"29FYIk+N1GYaeWH/q1NxQO"},"_N$target":{"__id__":5}}],"_prefab":{"__type__":"cc.PrefabInfo","root":{"__id__":1},"asset":{"__uuid__":"1910Az76FIwrmhLaCP1kPQ"},"fileId":"25JSh+iC5PPZRj/5weX44V"},"_contentSize":{"__type__":"cc.Size","width":80,"height":65},"_position":{"__type__":"cc.Vec3","x":362.1,"y":151.2},"_scaleX":1,"_scaleY":1},{"__type__":"cc.Node","_name":"txt","_parent":{"__id__":1},"_components":[{"__id__":7},{"__type__":"cc.LabelOutline","node":{"__id__":6},"_color":{"__type__":"cc.Color","r":193,"g":84,"b":47},"_width":3}],"_prefab":{"__type__":"cc.PrefabInfo","root":{"__id__":1},"asset":{"__uuid__":"1910Az76FIwrmhLaCP1kPQ"},"fileId":"7dMz+lVWtIyLkvIP1Oqr69"},"_color":{"__type__":"cc.Color","r":252,"g":245,"b":137},"_contentSize":{"__type__":"cc.Size","width":80,"height":80},"_position":{"__type__":"cc.Vec3","x":27,"y":-33},"_scaleX":1,"_scaleY":1},{"__type__":"cc.Label","node":{"__id__":6},"_useOriginalSize":false,"_string":"6","_N$string":"6","_fontSize":72,"_lineHeight":80,"_N$file":{"__uuid__":"f282P+0sVPqqrZwiub4W4d"},"_isSystemFontUsed":false,"_N$horizontalAlign":1,"_N$verticalAlign":1,"_N$overflow":2}]