{"__type__":"sp.SkeletonData","_name":"senlin","skeletonJsonStr":"{\"skeleton\":{\"hash\":\"9hkl3rqiM5/wn1rsy9mQ9aFabV4\",\"spine\":\"3.6.53\",\"width\":260,\"height\":219.96,\"images\":\"./images/\"},\"bones\":[{\"name\":\"root\"},{\"name\":\"xiong\",\"parent\":\"root\",\"length\":46.42,\"rotation\":90,\"x\":-49.22,\"y\":-36.86},{\"name\":\"honglingjin\",\"parent\":\"xiong\",\"length\":14.58,\"rotation\":-66.8,\"x\":49.58,\"y\":-19.8},{\"name\":\"honglingjin3\",\"parent\":\"honglingjin\",\"length\":13.32,\"rotation\":-6.5,\"x\":14.07,\"y\":-1.17},{\"name\":\"honglingjin2\",\"parent\":\"honglingjin3\",\"length\":16,\"rotation\":-40.2,\"x\":11.31,\"y\":-0.06},{\"name\":\"tuzi\",\"parent\":\"root\",\"length\":30.54,\"rotation\":93.18,\"x\":51.95,\"y\":-45.58},{\"name\":\"tuzi3\",\"parent\":\"tuzi\",\"length\":35.1,\"rotation\":5.15,\"x\":28.05,\"y\":0.99},{\"name\":\"tou\",\"parent\":\"tuzi3\",\"length\":44.7,\"rotation\":1.49,\"x\":35.1},{\"name\":\"mao\",\"parent\":\"tou\",\"length\":15.9,\"rotation\":-80.38,\"x\":52.32,\"y\":11.03},{\"name\":\"mao3\",\"parent\":\"mao\",\"length\":16.57,\"rotation\":-44.64,\"x\":14.24,\"y\":0.59},{\"name\":\"mao2\",\"parent\":\"mao3\",\"length\":14.25,\"rotation\":47,\"x\":16.95,\"y\":-0.8},{\"name\":\"piaodai\",\"parent\":\"xiong\",\"length\":8.12,\"rotation\":-141.34,\"x\":18.86,\"y\":-49.42},{\"name\":\"piaodai3\",\"parent\":\"piaodai\",\"length\":8.84,\"rotation\":65.87,\"x\":7.03,\"y\":-0.35},{\"name\":\"piaodai2\",\"parent\":\"piaodai3\",\"length\":11.43,\"rotation\":4.91,\"x\":9.15,\"y\":-0.08},{\"name\":\"piaodai5\",\"parent\":\"piaodai2\",\"length\":9.43,\"rotation\":-39.09,\"x\":12.03,\"y\":-0.21},{\"name\":\"tou3\",\"parent\":\"tou\",\"length\":15.63,\"rotation\":63.79,\"x\":47.59,\"y\":19.91},{\"name\":\"tou2\",\"parent\":\"tou3\",\"length\":17.86,\"rotation\":36.61,\"x\":14.19,\"y\":-1.34},{\"name\":\"tou5\",\"parent\":\"tou2\",\"length\":13.26,\"rotation\":-24.04,\"x\":17.25,\"y\":-1.66},{\"name\":\"tou4\",\"parent\":\"tou5\",\"length\":15.01,\"rotation\":-34.23,\"x\":11.92,\"y\":-0.56},{\"name\":\"tuzi2\",\"parent\":\"tuzi\",\"x\":55.11,\"y\":-124.08},{\"name\":\"weiba\",\"parent\":\"tuzi3\",\"length\":18.87,\"rotation\":51.93,\"x\":-10.1,\"y\":22.84},{\"name\":\"xiong2\",\"parent\":\"xiong\",\"x\":52.15,\"y\":97.03},{\"name\":\"xiong3\",\"parent\":\"xiong\",\"length\":20.9,\"rotation\":97.43,\"x\":37.93,\"y\":17.51},{\"name\":\"xiongmaotou\",\"parent\":\"xiong\",\"length\":56.35,\"rotation\":16.53,\"x\":55.7,\"y\":-5.91},{\"name\":\"xiongzhang\",\"parent\":\"xiong\",\"length\":25.24,\"rotation\":-34.82,\"x\":22.62,\"y\":-37.45},{\"name\":\"yezi\",\"parent\":\"xiongmaotou\",\"length\":13.51,\"rotation\":-117.32,\"x\":-1.15,\"y\":4.91},{\"name\":\"youer\",\"parent\":\"tou\",\"length\":13.89,\"rotation\":-7.7,\"x\":55.48,\"y\":-7.85},{\"name\":\"youer3\",\"parent\":\"youer\",\"length\":12.22,\"rotation\":65.63,\"x\":13.35,\"y\":-0.49},{\"name\":\"youer2\",\"parent\":\"youer3\",\"length\":13.84,\"rotation\":7.18,\"x\":11.83,\"y\":0.95},{\"name\":\"youer5\",\"parent\":\"youer2\",\"length\":15.63,\"rotation\":-47.52,\"x\":13.84},{\"name\":\"youshou\",\"parent\":\"tuzi3\",\"length\":68.41,\"rotation\":-36.94,\"x\":25.74,\"y\":-12.36},{\"name\":\"zuoshou\",\"parent\":\"tuzi3\",\"length\":17.53,\"rotation\":150.82,\"x\":24.63,\"y\":17.76},{\"name\":\"zuoshou3\",\"parent\":\"zuoshou\",\"length\":11.91,\"rotation\":52.46,\"x\":15.52,\"y\":0.9}],\"slots\":[{\"name\":\"bj\",\"bone\":\"root\",\"attachment\":\"bj\"},{\"name\":\"shu\",\"bone\":\"root\",\"attachment\":\"shu\"},{\"name\":\"1\",\"bone\":\"root\",\"attachment\":\"1\"},{\"name\":\"2\",\"bone\":\"root\",\"attachment\":\"2\"},{\"name\":\"3\",\"bone\":\"root\",\"attachment\":\"3\"},{\"name\":\"weiba\",\"bone\":\"weiba\",\"attachment\":\"weiba\"},{\"name\":\"tuzi\",\"bone\":\"tuzi3\",\"attachment\":\"tuzi\"},{\"name\":\"hudie\",\"bone\":\"root\",\"attachment\":\"hudie\"},{\"name\":\"zuoshou\",\"bone\":\"zuoshou3\",\"attachment\":\"zuoshou\"},{\"name\":\"youshou\",\"bone\":\"youshou\",\"attachment\":\"youshou\"},{\"name\":\"tou\",\"bone\":\"tou4\",\"attachment\":\"tou\"},{\"name\":\"youer\",\"bone\":\"youer5\",\"attachment\":\"youer\"},{\"name\":\"mao\",\"bone\":\"mao2\",\"attachment\":\"mao\"},{\"name\":\"xiong\",\"bone\":\"xiong3\",\"attachment\":\"xiong\"},{\"name\":\"honglingjin\",\"bone\":\"honglingjin2\",\"attachment\":\"honglingjin\"},{\"name\":\"piaodai\",\"bone\":\"piaodai5\",\"attachment\":\"piaodai\"},{\"name\":\"xiongzhang\",\"bone\":\"xiongzhang\",\"attachment\":\"xiongzhang\"},{\"name\":\"xiongmaotou\",\"bone\":\"xiongmaotou\",\"attachment\":\"xiongmaotou\"},{\"name\":\"yezi\",\"bone\":\"yezi\",\"attachment\":\"yezi\"},{\"name\":\"zi\",\"bone\":\"root\",\"attachment\":\"zi\"}],\"skins\":{\"default\":{\"1\":{\"1\":{\"x\":96.8,\"y\":75.46,\"width\":64,\"height\":55}},\"2\":{\"2\":{\"x\":-78.7,\"y\":-2.54,\"width\":75,\"height\":81}},\"3\":{\"3\":{\"x\":85.3,\"y\":-22.54,\"width\":47,\"height\":51}},\"bj\":{\"bj\":{\"width\":260,\"height\":214}},\"honglingjin\":{\"honglingjin\":{\"type\":\"mesh\",\"uvs\":[0,0.52722,0.26817,0.21022,0.47519,0,0.71456,0,1,0.27913,1,1,0.83748,1,0.60458,0.69261,0.31346,0.74774,0,0.98205,0.30052,0.48587,0.67574,0.38939],\"triangles\":[9,0,8,0,10,8,0,1,10,10,1,11,1,2,11,8,10,7,11,2,3,5,7,4,5,6,7,4,7,11,7,10,11,11,3,4],\"vertices\":[2,2,-1.33,3.96,0.936,21,0.55,-114.05,0.064,4,4,-13.83,-3.02,4.0E-5,3,-1.21,6.56,0.00502,2,13.62,5.48,0.93094,21,7.84,-127.19,0.064,4,4,-6.46,5.46,4.2E-4,3,9.9,8.28,0.80141,2,24.85,5.93,0.13417,21,12.68,-137.33,0.064,3,4,4.3,10.14,0.29319,3,21.13,4.91,0.64281,21,12.68,-149.06,0.064,3,4,19.69,9.83,0.91452,3,32.68,-5.26,0.02148,21,6.26,-163.05,0.064,2,4,26.3,-5.38,0.936,21,-10.32,-163.05,0.064,2,4,18.99,-8.55,0.936,21,-10.32,-155.08,0.064,3,4,5.71,-6.62,0.84473,3,11.39,-8.8,0.09127,21,-3.25,-143.67,0.064,4,4,-6.87,-13.47,0.00823,3,-2.63,-5.92,0.60996,2,10.79,-6.75,0.31781,21,-4.52,-129.41,0.064,2,2,-5.45,-5.66,0.936,21,-9.91,-114.05,0.064,3,3,-1.51,0.03,0.34938,2,12.58,-0.97,0.54662,21,1.5,-128.77,0.104,3,4,6.13,1.17,0.82428,3,16.74,-3.12,0.07172,21,3.72,-147.16,0.104],\"hull\":10,\"edges\":[0,2,2,4,4,6,6,8,8,10,10,12,12,14,14,16,16,18,0,18],\"width\":49,\"height\":23}},\"hudie\":{\"hudie\":{\"x\":77.8,\"y\":96.96,\"width\":22,\"height\":16}},\"mao\":{\"mao\":{\"type\":\"mesh\",\"uvs\":[0,0.58192,0.21542,0.90475,0.42934,0.85268,0.69988,0.97765,0.93267,0.88392,1,0.66523,1,0.17578,0.66842,0,0.36642,0,0,0.23827,0.3098,0.49861,0.67471,0.61316],\"triangles\":[10,9,8,0,9,10,10,7,11,7,10,8,1,0,10,1,10,2,11,7,6,11,6,5,2,10,11,4,11,5,3,2,11,4,3,11],\"vertices\":[2,9,-11.9,-12.2,0.00187,8,-2.81,0.27,0.99813,3,10,-21.89,0.79,0.0434,9,1.44,-16.27,0.16074,8,3.83,-12,0.79586,3,10,-11.8,-1.62,0.32563,9,10.09,-10.53,0.48055,8,14.01,-14,0.19382,1,10,-1.09,-9.81,1,1,10,10.3,-11.44,1,1,10,15.65,-6.75,1,3,10,20.93,6.43,0.95903,9,26.51,18.89,0.01468,8,46.38,-4.6,0.02629,3,10,8.04,17.07,0.32294,9,9.94,16.73,0.30044,8,33.07,5.5,0.37661,3,10,-5.42,22.46,0.00493,9,-3.17,10.55,0.58721,8,19.4,10.33,0.40785,2,9,-16.15,-3.19,0.21225,8,0.51,9.66,0.78775,4,10,-13.31,10.04,0.00638,9,0.52,-3.69,0.17101,8,12.02,-2.4,0.68661,19,59.64,133.01,0.136,4,10,1.72,0.45,0.71314,9,17.79,0.77,0.14995,8,27.43,-11.37,9.1E-4,19,55.35,115.7,0.136],\"hull\":10,\"edges\":[0,2,2,4,4,6,6,8,8,10,10,12,12,14,14,16,16,18,0,18],\"width\":48,\"height\":29}},\"piaodai\":{\"piaodai\":{\"type\":\"mesh\",\"uvs\":[0.09614,0.09127,0.19483,0.38877,0.32834,0.42596,0.38058,0.12846,0.47346,0,0.64761,0,0.83336,0,1,0.35158,1,0.93914,0.73178,0.92427,0.636,0.55239,0.50829,0.70858,0.34575,0.85733,0.22966,0.86477,0.05841,0.70858,0,0.29952],\"triangles\":[12,13,14,14,15,1,15,0,1,12,14,2,2,14,1,12,2,11,2,3,10,11,2,10,10,3,5,5,3,4,8,10,7,8,9,10,7,5,6,5,7,10],\"vertices\":[1,11,-2.4,2.61,1,3,13,-7.19,4.9,3.0E-5,12,1.57,4.19,0.1954,11,3.84,2.8,0.80457,2,12,6.72,2.24,0.99973,11,7.73,6.7,2.7E-4,2,13,1.38,6.3,0.44111,12,9.99,6.31,0.55889,2,13,5.66,6.97,0.77318,12,14.19,7.35,0.22682,3,14,-2.75,3.96,0.20168,13,12.39,4.59,0.79005,12,21.1,5.56,0.00827,2,14,4.42,6.52,0.9975,13,19.57,2.06,0.0025,1,14,12.75,3.52,1,1,14,15.91,-5.34,1,2,14,5.48,-8.81,0.98248,13,10.72,-10.5,0.01752,2,14,-0.22,-4.53,0.37582,13,9,-3.58,0.62418,4,14,-4.31,-8.64,5.3E-4,13,3.23,-4.2,0.99338,12,12.72,-3.99,0.00565,11,15.87,9.64,4.4E-4,3,13,-3.85,-4.22,0.17557,12,5.68,-4.62,0.61276,11,13.56,2.95,0.21167,3,13,-8.38,-2.75,0.00201,12,1.04,-3.54,0.07612,11,10.68,-0.84,0.92186,2,12,-5.13,0.64,0.69775,11,4.35,-4.77,0.30225,2,12,-5.81,7.58,0.01742,11,-2.26,-2.55,0.98258],\"hull\":16,\"edges\":[0,2,2,4,4,6,6,8,8,10,10,12,12,14,14,16,16,18,18,20,20,22,22,24,24,26,26,28,28,30,0,30],\"width\":41,\"height\":16}},\"shu\":{\"shu\":{\"x\":-13.7,\"y\":54.46,\"width\":219,\"height\":103}},\"tou\":{\"tou\":{\"type\":\"mesh\",\"uvs\":[0.44211,0.42476,0.35202,0.47169,0.24392,0.54749,0.14353,0.54027,0.0483,0.47169,0,0.35979,0,0.20096,0.08948,0.24066,0.18729,0.25149,0.26966,0.18291,0.39063,0.15403,0.51675,0.2154,0.58882,0.30564,0.69692,0.28759,0.80246,0.30564,0.88482,0.39588,0.94917,0.52583,1,0.61608,1,0.81822,0.91056,0.91569,0.76642,1,0.54764,1,0.39578,0.92291,0.38291,0.6991,0.43696,0.5511,0.71752,0.46447,0.76899,0.66301,0.79731,0.85071,0.53734,0.61247,0.54506,0.82544,0.42573,0.32046,0.20254,0.39114],\"triangles\":[31,7,8,5,7,31,5,6,7,3,4,31,31,4,5,30,8,9,30,31,8,0,12,25,28,24,0,0,1,30,1,31,30,0,30,12,30,11,12,1,2,31,2,3,31,9,10,30,30,10,11,20,27,19,27,20,29,22,29,21,20,21,29,22,23,29,19,27,18,29,26,27,27,26,18,23,28,29,29,28,26,26,17,18,23,24,28,28,25,26,26,16,17,16,25,15,16,26,25,25,28,0,12,13,25,25,14,15,25,13,14],\"vertices\":[2,7,45.19,26.36,0.02816,15,4.74,5,0.97184,2,16,7.25,10.76,0.40076,15,13.59,11.62,0.59924,3,16,21.07,12.29,0.91738,15,23.76,21.09,0.04966,17,-2.2,14.29,0.03296,3,16,31.69,7.75,0.46036,15,35,23.78,3.8E-4,17,9.36,14.47,0.53927,3,16,40.03,-1.32,0.06432,17,20.66,9.59,0.91854,18,1.52,13.31,0.01714,3,16,42.07,-11.85,2.0E-5,17,26.82,0.8,0.46458,18,11.55,9.5,0.53541,1,18,19.58,-0.75,1,1,18,9.47,-4.53,1,3,16,18.79,-12.73,0.03231,17,5.92,-9.49,0.53594,18,0.06,-10.76,0.43176,3,16,7.95,-14.74,0.54368,17,-3.16,-15.73,0.39696,18,-3.93,-21.03,0.05935,4,16,-5.92,-12.15,0.90951,15,16.68,-14.62,0.03286,17,-16.88,-19.02,0.05634,18,-13.43,-31.47,0.00129,3,7,60.64,14.98,0.02103,16,-17.79,-2.41,0.32838,15,1.35,-13.89,0.65059,3,7,51.94,8.07,0.45946,16,-23.01,7.4,0.03078,15,-8.69,-9.13,0.50976,2,7,51.28,-4.43,0.99543,15,-20.2,-14.06,0.00457,1,7,47.75,-16.14,1,1,7,38.84,-24.21,1,1,7,27.08,-29.68,1,1,7,18.79,-34.18,1,1,7,2.46,-31.35,1,1,7,-3.66,-19.85,1,2,7,-7.65,-2.34,0.99975,15,-44.35,39.73,2.5E-4,2,7,-3.36,22.45,0.86945,15,-20.22,46.83,0.13055,2,7,5.85,38.58,0.73143,15,-1.68,45.69,0.26857,2,7,24.18,36.91,0.58404,15,4.92,28.51,0.41596,2,7,35.08,28.71,0.352,15,2.38,15.11,0.648,2,7,36.58,-4.29,0.792,19,44.72,128.19,0.208,2,7,19.53,-7.35,0.792,19,28.14,123.18,0.208,2,7,3.81,-7.93,0.792,19,12.59,120.78,0.208,3,7,28.16,18.2,0.52313,15,-10.11,16.68,0.34087,19,33.75,149.55,0.136,3,7,10.8,20.3,0.70444,15,-15.89,33.18,0.15956,19,16.27,149.63,0.136,6,7,53.94,26.76,0.01534,16,-4.99,2.05,0.29295,15,8.96,-2.67,0.5377,17,-21.82,-5.67,0.01761,18,-25.02,-23.21,4.0E-4,19,58.37,161.03,0.136,5,16,21.1,-1.38,0.3451,15,31.95,10.13,0.01543,17,3.4,1.82,0.30748,18,-8.38,-2.83,0.19599,19,54.01,186.98,0.136],\"hull\":25,\"edges\":[0,2,2,4,4,6,6,8,8,10,10,12,12,14,14,16,16,18,18,20,20,22,22,24,24,26,26,28,28,30,30,32,32,34,34,36,36,38,38,40,40,42,42,44,44,46,46,48,0,48],\"width\":115,\"height\":82}},\"tuzi\":{\"tuzi\":{\"type\":\"mesh\",\"uvs\":[0.36023,0.12042,0.48651,0.12042,0.61279,0.24702,0.66207,0.37585,0.64975,0.48025,0.81915,0.61129,0.91771,0.76011,1,0.87561,1,1,0.59431,0.92892,0.58815,0.80231,0.31711,0.8645,0.33559,1,0,1,0,0.88894,0.07379,0.8112,0.06455,0.67571,0.26475,0.55576,0.25243,0.48913,0.15695,0.35586,0.16619,0.22925,0.51423,0.35364,0.50807,0.49357,0.55427,0.64905,0.24011,0.74234,0.78527,0.7379,0.31403,0.37807,0.36947,0.54466],\"triangles\":[4,21,3,22,21,4,23,22,4,23,4,5,27,22,23,25,23,5,24,16,17,25,5,6,10,23,25,15,16,24,23,24,27,11,23,10,23,11,24,9,10,25,13,14,15,15,24,11,12,15,11,13,15,12,25,6,7,8,25,7,9,25,8,21,1,2,21,2,3,26,20,0,19,20,26,18,19,26,0,1,21,26,0,21,22,26,21,27,18,26,22,27,26,17,18,27,27,24,17],\"vertices\":[1,6,41.73,1.57,1,2,6,40.13,-7.77,0.99982,5,68.72,-3.16,1.8E-4,2,6,25.73,-15.24,0.90636,5,55.04,-11.88,0.09364,2,6,11.94,-16.95,0.47166,5,41.46,-14.83,0.52834,2,6,1.33,-14.47,0.03802,5,30.67,-13.3,0.96198,1,5,16.36,-25.23,1,1,5,0.5,-31.76,1,1,5,-11.84,-37.25,1,1,5,-24.76,-36.53,1,1,5,-15.69,-6.56,1,1,5,-2.51,-6.83,1,2,6,-34.6,16,0.02196,5,-7.85,13.82,0.97804,1,5,-21.99,13.22,1,2,6,-45.1,41.58,8.8E-4,5,-20.6,38.35,0.99912,2,6,-33.67,39.9,0.01469,5,-9.06,37.71,0.98531,2,6,-26.47,33.26,0.06512,5,-1.3,31.74,0.93488,2,6,-12.43,31.9,0.1972,5,12.81,31.65,0.8028,2,6,-2.26,15.24,0.67408,5,24.43,15.96,0.32592,2,6,4.73,15.15,0.97012,5,31.4,16.5,0.02988,1,6,19.48,20.23,1,1,6,32.41,17.64,1,3,6,15.83,-6.32,0.67186,5,44.38,-3.89,0.13614,19,-10.73,120.2,0.192,2,5,29.88,-2.62,0.808,19,-25.23,121.46,0.192,2,5,13.54,-5.18,0.808,19,-41.57,118.9,0.192,3,6,-21.19,19.88,0.10701,5,5.16,18.88,0.75699,19,-49.95,142.97,0.136,2,5,3.35,-21.97,0.808,19,-51.76,102.12,0.192,2,6,15.49,8.91,0.864,19,-12.43,135.33,0.136,3,6,-2.25,7.3,0.6502,5,25.15,8.06,0.2138,19,-29.96,132.14,0.136],\"hull\":21,\"edges\":[0,2,2,4,4,6,6,8,8,10,10,12,12,14,14,16,16,18,18,20,20,22,22,24,24,26,26,28,28,30,30,32,32,34,34,36,36,38,38,40,0,40],\"width\":75,\"height\":104}},\"weiba\":{\"weiba\":{\"type\":\"mesh\",\"uvs\":[0.29717,0.02244,0,0.46259,0,0.75883,0.28805,1,1,1,1,0.48798,0.63444,0.10709,0.44302,0.58109],\"triangles\":[7,0,6,7,6,5,1,0,7,2,1,7,3,2,7,7,5,4,3,7,4],\"vertices\":[22.98,-12.51,23.57,2.03,19.46,9.23,9.6,11.38,-6.47,2.19,0.65,-10.25,14.19,-14.8,11.93,-0.81],\"hull\":7,\"edges\":[0,2,2,4,4,6,6,8,8,10,10,12,0,12],\"width\":26,\"height\":28}},\"xiong\":{\"xiong\":{\"type\":\"mesh\",\"uvs\":[0.20104,0.16816,0.37118,0.12999,0.53422,0.14363,0.70435,0.06728,0.76343,0.17907,0.75161,0.33175,0.60984,0.38356,0.76107,0.48444,0.69018,0.63167,0.81778,0.89341,0.74689,0.95885,0.59566,0.92885,0.41135,0.74345,0.33573,0.74345,0.30029,0.82797,0.15851,0.85797,0.16087,0.75436,0.15142,0.63712,0.21758,0.46808,0.13961,0.50897,0.1018,0.66984,0,0.65075,0,0.5526,0.05218,0.30449,0.12307,0.13545,0.37809,0.36719,0.30296,0.5736,0.32085,0.67268,0.49973,0.37957,0.5212,0.61488,0.61422,0.74698,0.15899,0.34477],\"triangles\":[20,21,22,20,22,19,22,23,19,19,31,18,19,23,31,31,0,25,31,23,0,23,24,0,18,31,25,9,10,30,10,11,30,11,12,30,30,8,9,15,16,14,14,16,13,16,27,13,16,17,27,12,29,30,30,29,8,29,12,27,29,27,28,25,28,26,13,27,12,17,26,27,28,27,26,18,26,17,7,8,6,8,29,6,29,28,6,26,18,25,4,5,6,2,6,28,0,1,25,28,25,2,25,1,2,4,6,2,4,2,3],\"vertices\":[2,1,57.15,23.84,0.09804,22,3.79,-19.87,0.90196,2,1,61.61,0.87,0.9049,22,-19.56,-21.33,0.0951,1,1,60.02,-21.14,1,1,1,68.95,-44.11,1,1,1,55.87,-52.08,1,1,1,38.01,-50.49,1,1,1,31.95,-31.35,1,1,1,20.14,-51.76,1,1,1,2.92,-42.19,1,1,1,-27.71,-59.42,1,1,1,-35.36,-49.85,1,1,1,-31.85,-29.43,1,1,1,-10.16,-4.55,1,2,1,-10.16,5.66,0.99878,22,-5.54,49.22,0.00122,1,1,-20.05,10.44,1,1,1,-23.56,29.58,1,2,1,-11.44,29.26,0.98722,22,18.04,47.44,0.01278,2,1,2.28,30.54,0.92904,22,17.53,33.67,0.07096,2,1,22.06,21.61,0.36434,22,6.11,15.21,0.63566,2,1,17.27,32.13,0.0206,22,17.17,18.6,0.9794,1,22,24.67,36.6,1,1,22,38,32.61,1,1,22,36.52,21.22,1,1,22,25.78,-6.66,1,2,1,60.98,34.37,0.00243,22,13.73,-25.03,0.99757,3,1,33.86,-0.06,0.78347,22,-16.9,6.31,5.3E-4,21,-18.29,-97.09,0.216,3,1,9.71,10.08,0.72382,22,-3.72,28.95,0.06018,21,-42.44,-86.95,0.216,3,1,-1.88,7.67,0.9101,22,-4.61,40.75,0.0099,21,-54.03,-89.36,0.08,2,1,32.41,-16.48,0.784,21,-19.73,-113.51,0.216,2,1,4.88,-19.38,0.784,21,-47.27,-116.41,0.216,2,1,-10.57,-31.94,0.88,21,-62.72,-128.97,0.12,2,22,12.09,-0.12,0.784,21,-15.66,-67.51,0.216],\"hull\":25,\"edges\":[0,2,2,4,4,6,6,8,8,10,10,12,12,14,14,16,16,18,18,20,20,22,22,24,24,26,26,28,28,30,30,32,32,34,34,36,36,38,38,40,40,42,42,44,44,46,46,48,0,48],\"width\":135,\"height\":117}},\"xiongmaotou\":{\"xiongmaotou\":{\"type\":\"mesh\",\"uvs\":[0.1029,0.58544,0,0.49277,0,0.20484,0.18794,0.06253,0.48883,0,0.85514,0,1,0.19492,0.91401,0.44644,1,0.61522,0.81262,0.8833,0.46267,1,0.0702,0.90315,0.37377,0.53263,0.3776,0.77713,0.38911,0.27649,0.73045,0.72279,0.71127,0.38515],\"triangles\":[11,13,10,10,15,9,10,13,15,11,0,13,9,15,8,0,12,13,13,12,15,12,16,15,15,7,8,15,16,7,12,0,14,12,14,16,14,0,1,14,2,3,14,1,2,7,16,6,14,4,16,16,5,6,16,4,5,14,3,4],\"vertices\":[1,23,31.32,28.4,1,1,23,41.27,34.57,1,1,23,64.46,27.69,1,1,23,71.37,8.97,1,1,23,69.13,-17.04,1,1,23,60.27,-46.89,1,1,23,41.07,-54.03,1,1,23,22.89,-41.01,1,1,23,7.22,-43.99,1,1,23,-9.83,-22.31,1,1,23,-10.77,9,1,1,23,6.53,38.66,1,2,21,29.93,-89.82,0.176,23,29.02,5.07,0.824,2,21,9.4,-90.14,0.176,23,9.24,10.6,0.824,2,21,51.45,-91.12,0.176,23,49.28,-2.3,0.824,2,21,13.96,-120.13,0.176,23,5.08,-19.45,0.824,2,21,42.32,-118.5,0.176,23,32.73,-25.96,0.824],\"hull\":12,\"edges\":[0,2,2,4,4,6,6,8,8,10,10,12,12,14,14,16,16,18,18,20,20,22,0,22],\"width\":85,\"height\":84}},\"xiongzhang\":{\"xiongzhang\":{\"type\":\"mesh\",\"uvs\":[0.39666,0,0.73712,0,1,0.27934,1,0.87285,0.67092,1,0.14132,1,0,0.56468,0,0.26792,0.56689,0.59892],\"triangles\":[5,8,4,4,8,3,5,6,8,8,2,3,8,7,0,8,1,2,8,0,1,8,6,7],\"vertices\":[1,24,22.92,12.95,1,1,24,29.72,3.17,1,1,24,28.32,-9.01,1,1,24,14.19,-18.84,1,1,24,4.59,-11.49,1,1,24,-5.99,3.73,1,1,24,1.54,15,1,1,24,8.61,19.91,1,2,24,12.06,-1.86,0.864,21,-20.69,-142.89,0.136],\"hull\":8,\"edges\":[0,2,2,4,4,6,6,8,8,10,10,12,12,14,0,14],\"width\":35,\"height\":29}},\"yezi\":{\"yezi\":{\"x\":9.3,\"y\":1.9,\"rotation\":10.78,\"width\":22,\"height\":19}},\"youer\":{\"youer\":{\"type\":\"mesh\",\"uvs\":[0,0,0,0.27518,0.07393,0.53336,0.28483,0.66499,0.48657,0.65993,0.58285,0.78143,0.61495,1,0.86253,1,0.90838,0.79155,0.91755,0.50805,0.75708,0.31061,0.49574,0.22455,0.33527,0.09799,0.19314,0,0.28025,0.39161,0.71582,0.55868],\"triangles\":[1,0,13,12,1,13,14,12,11,14,1,12,2,1,14,4,14,11,3,14,4,2,14,3,15,11,10,15,10,9,15,4,11,5,4,15,8,15,9,5,15,8,7,6,5,8,7,5],\"vertices\":[1,29,23.63,3.66,1,1,29,11.91,9.74,1,2,28,22.06,8.74,0.22848,29,-0.9,11.97,0.77152,3,26,8.81,23.4,8.8E-4,28,9.62,11.94,0.94441,29,-11.65,4.95,0.05471,3,26,8.66,12.7,0.21972,27,10.08,9.73,0.03754,28,-0.64,8.92,0.74274,3,26,2.64,7.82,0.85583,27,3.15,13.19,0.01024,28,-7.08,13.23,0.13393,2,26,-7.91,6.51,0.99966,28,-11.45,22.92,3.4E-4,2,26,-8.39,-6.61,0.99068,27,-14.54,17.29,0.00932,2,26,1.51,-9.41,0.75736,27,-13,7.11,0.24264,2,26,15.1,-10.39,0.02192,27,-8.3,-5.67,0.97808,2,26,24.88,-2.25,0.73993,27,3.16,-11.22,0.26007,4,26,29.52,11.44,0.07863,27,17.54,-9.8,0.54174,28,4.33,-11.38,0.22749,29,1.97,-14.7,0.15214,4,26,35.91,19.72,0.00126,27,27.72,-12.2,0.09203,28,14.12,-15.04,0.12263,29,11.28,-9.95,0.78407,3,27,36.47,-13.7,0.00441,28,22.62,-17.62,0.0042,29,18.92,-5.43,0.99139,4,27,25.08,1.95,0.00167,28,13.27,-0.67,0.62938,29,0.11,-0.87,0.22495,19,86.26,149.58,0.144,4,26,13.06,0.38,0.69018,27,0.68,0.63,0.16513,28,-11.11,1.07,6.9E-4,19,76.97,126.97,0.144],\"hull\":14,\"edges\":[0,2,2,4,4,6,6,8,8,10,10,12,12,14,14,16,16,18,18,20,20,22,22,24,24,26,0,26],\"width\":53,\"height\":48}},\"youshou\":{\"youshou\":{\"type\":\"mesh\",\"uvs\":[0.75421,0,1,0.1338,1,0.33058,0.61594,0.58792,0.73117,0.83768,0.32212,1,0.19538,1,0,0.58792,0.05135,0.45547,0.2069,0.42141,0.40278,0.25868,0.50648,0,0.69084,0.20949,0.32788,0.58792,0.42582,0.81498],\"triangles\":[5,14,4,5,6,14,6,7,13,6,13,14,9,7,8,7,9,13,14,3,4,14,13,3,13,10,3,3,12,2,3,10,12,13,9,10,12,1,2,10,11,12,12,0,1,12,11,0],\"vertices\":[1,30,91.07,7.05,1,1,30,86.97,-13.94,1,1,30,69.35,-23.55,1,1,30,33.99,-13.53,1,1,30,15.32,-32.51,1,1,30,-12.34,-16.38,1,1,30,-16.4,-8.92,1,1,30,14.23,22.7,1,1,30,27.74,26.15,1,1,30,35.78,18.66,1,1,30,56.63,15.09,1,1,30,83.12,21.62,1,2,30,70.28,0.55,0.848,19,59.71,78.51,0.152,2,30,24.75,3.41,0.848,19,22.52,104.93,0.152,2,30,7.56,-13.44,0.848,19,-0.97,99.66,0.152],\"hull\":12,\"edges\":[0,2,2,4,4,6,6,8,8,10,10,12,12,14,14,16,16,18,18,20,20,22,0,22],\"width\":67,\"height\":102}},\"zi\":{\"zi\":{\"x\":-0.2,\"y\":-58.54,\"width\":148,\"height\":55}},\"zuoshou\":{\"zuoshou\":{\"type\":\"mesh\",\"uvs\":[0.62609,0,0.41609,0.25429,0.24609,0.46143,0.42609,0.57388,0.38609,0.79286,0.58609,0.84613,1,0.66858,1,0.49694,0.89609,0.39633,1,0.16552,0.86609,0,0.58609,0.44368,0.71609,0.62715,0.73609,0.19511],\"triangles\":[13,0,10,13,10,9,1,0,13,8,13,9,11,1,13,11,13,8,3,2,1,11,3,1,12,11,8,12,8,7,3,11,12,12,7,6,5,4,3,12,5,3,5,12,6],\"vertices\":[1,31,-7.39,-5.29,1,1,31,6.43,-6.55,1,1,31,17.67,-7.54,1,1,31,20.96,-0.7,1,1,31,31.4,2.03,1,1,31,31.77,8.38,1,1,31,19.37,16.5,1,1,31,11.51,13.51,1,1,31,7.97,8.94,1,1,31,-3.67,7.73,1,1,31,-9.86,1.21,1,2,31,13.34,1.36,0.856,19,-16.86,149.15,0.144,2,31,20.4,8.09,0.856,19,-26.05,145.89,0.144,2,31,0.41,1.09,0.856,19,-4.94,144.13,0.144],\"hull\":11,\"edges\":[0,2,2,4,4,6,6,8,8,10,10,12,12,14,14,16,16,18,18,20,0,20],\"width\":29,\"height\":49}}}},\"animations\":{\"animation\":{\"bones\":{\"root\":{\"rotate\":[{\"time\":0,\"angle\":0,\"curve\":\"stepped\"},{\"time\":1.5,\"angle\":0,\"curve\":\"stepped\"},{\"time\":3,\"angle\":0}],\"translate\":[{\"time\":0,\"x\":0,\"y\":0,\"curve\":\"stepped\"},{\"time\":1.5,\"x\":0,\"y\":0,\"curve\":\"stepped\"},{\"time\":3,\"x\":0,\"y\":0}],\"scale\":[{\"time\":0,\"x\":1,\"y\":1,\"curve\":\"stepped\"},{\"time\":1.5,\"x\":1,\"y\":1,\"curve\":\"stepped\"},{\"time\":3,\"x\":1,\"y\":1}],\"shear\":[{\"time\":0,\"x\":0,\"y\":0,\"curve\":\"stepped\"},{\"time\":1.5,\"x\":0,\"y\":0,\"curve\":\"stepped\"},{\"time\":3,\"x\":0,\"y\":0}]},\"tuzi\":{\"rotate\":[{\"time\":0,\"angle\":0,\"curve\":\"stepped\"},{\"time\":1.5,\"angle\":0,\"curve\":\"stepped\"},{\"time\":3,\"angle\":0}],\"translate\":[{\"time\":0,\"x\":0,\"y\":0,\"curve\":\"stepped\"},{\"time\":1.5,\"x\":0,\"y\":0,\"curve\":\"stepped\"},{\"time\":3,\"x\":0,\"y\":0}],\"scale\":[{\"time\":0,\"x\":1,\"y\":1},{\"time\":1.5,\"x\":1.025,\"y\":1},{\"time\":3,\"x\":1,\"y\":1}],\"shear\":[{\"time\":0,\"x\":0,\"y\":0,\"curve\":\"stepped\"},{\"time\":1.5,\"x\":0,\"y\":0,\"curve\":\"stepped\"},{\"time\":3,\"x\":0,\"y\":0}]},\"tuzi3\":{\"rotate\":[{\"time\":0,\"angle\":-0.42},{\"time\":0.5667,\"angle\":-1.13},{\"time\":2.0667,\"angle\":0.91},{\"time\":2.8,\"angle\":0},{\"time\":3,\"angle\":-0.42}],\"translate\":[{\"time\":0,\"x\":0,\"y\":0,\"curve\":\"stepped\"},{\"time\":1.3,\"x\":0,\"y\":0,\"curve\":\"stepped\"},{\"time\":2.8,\"x\":0,\"y\":0,\"curve\":\"stepped\"},{\"time\":3,\"x\":0,\"y\":0}],\"scale\":[{\"time\":0,\"x\":1,\"y\":1,\"curve\":\"stepped\"},{\"time\":1.3,\"x\":1,\"y\":1,\"curve\":\"stepped\"},{\"time\":2.8,\"x\":1,\"y\":1,\"curve\":\"stepped\"},{\"time\":3,\"x\":1,\"y\":1}],\"shear\":[{\"time\":0,\"x\":0,\"y\":0,\"curve\":\"stepped\"},{\"time\":1.3,\"x\":0,\"y\":0,\"curve\":\"stepped\"},{\"time\":2.8,\"x\":0,\"y\":0,\"curve\":\"stepped\"},{\"time\":3,\"x\":0,\"y\":0}]},\"tou\":{\"rotate\":[{\"time\":0,\"angle\":0},{\"time\":0.5667,\"angle\":-1.92},{\"time\":0.7667,\"angle\":-2.86},{\"time\":1.5,\"angle\":-1.14},{\"time\":2.0667,\"angle\":0.27},{\"time\":2.2667,\"angle\":1.09},{\"time\":3,\"angle\":0}],\"translate\":[{\"time\":0,\"x\":0,\"y\":0,\"curve\":\"stepped\"},{\"time\":1.5,\"x\":0,\"y\":0,\"curve\":\"stepped\"},{\"time\":3,\"x\":0,\"y\":0}],\"scale\":[{\"time\":0,\"x\":1,\"y\":1,\"curve\":\"stepped\"},{\"time\":1.5,\"x\":1,\"y\":1,\"curve\":\"stepped\"},{\"time\":3,\"x\":1,\"y\":1}],\"shear\":[{\"time\":0,\"x\":0,\"y\":0,\"curve\":\"stepped\"},{\"time\":1.5,\"x\":0,\"y\":0,\"curve\":\"stepped\"},{\"time\":3,\"x\":0,\"y\":0}]},\"youshou\":{\"rotate\":[{\"time\":0,\"angle\":1.77},{\"time\":0.3667,\"angle\":0},{\"time\":1.1333,\"angle\":-4.56,\"curve\":\"stepped\"},{\"time\":1.2333,\"angle\":-4.56},{\"time\":1.8667,\"angle\":0},{\"time\":2.6333,\"angle\":3.54,\"curve\":\"stepped\"},{\"time\":2.7333,\"angle\":3.54},{\"time\":3,\"angle\":1.77}],\"translate\":[{\"time\":0,\"x\":0,\"y\":0,\"curve\":\"stepped\"},{\"time\":0.3667,\"x\":0,\"y\":0,\"curve\":\"stepped\"},{\"time\":1.8667,\"x\":0,\"y\":0,\"curve\":\"stepped\"},{\"time\":3,\"x\":0,\"y\":0}],\"scale\":[{\"time\":0,\"x\":1,\"y\":1,\"curve\":\"stepped\"},{\"time\":0.3667,\"x\":1,\"y\":1,\"curve\":\"stepped\"},{\"time\":1.8667,\"x\":1,\"y\":1,\"curve\":\"stepped\"},{\"time\":3,\"x\":1,\"y\":1}],\"shear\":[{\"time\":0,\"x\":0,\"y\":0,\"curve\":\"stepped\"},{\"time\":0.3667,\"x\":0,\"y\":0,\"curve\":\"stepped\"},{\"time\":1.8667,\"x\":0,\"y\":0,\"curve\":\"stepped\"},{\"time\":3,\"x\":0,\"y\":0}]},\"zuoshou\":{\"rotate\":[{\"time\":0,\"angle\":0,\"curve\":\"stepped\"},{\"time\":1.5,\"angle\":0,\"curve\":\"stepped\"},{\"time\":3,\"angle\":0}],\"translate\":[{\"time\":0,\"x\":0,\"y\":0,\"curve\":\"stepped\"},{\"time\":1.5,\"x\":0,\"y\":0,\"curve\":\"stepped\"},{\"time\":3,\"x\":0,\"y\":0}],\"scale\":[{\"time\":0,\"x\":1,\"y\":1,\"curve\":\"stepped\"},{\"time\":1.5,\"x\":1,\"y\":1,\"curve\":\"stepped\"},{\"time\":3,\"x\":1,\"y\":1}],\"shear\":[{\"time\":0,\"x\":0,\"y\":0,\"curve\":\"stepped\"},{\"time\":1.5,\"x\":0,\"y\":0,\"curve\":\"stepped\"},{\"time\":3,\"x\":0,\"y\":0}]},\"zuoshou3\":{\"rotate\":[{\"time\":0,\"angle\":0,\"curve\":\"stepped\"},{\"time\":1.5,\"angle\":0,\"curve\":\"stepped\"},{\"time\":3,\"angle\":0}],\"translate\":[{\"time\":0,\"x\":0,\"y\":0,\"curve\":\"stepped\"},{\"time\":1.5,\"x\":0,\"y\":0,\"curve\":\"stepped\"},{\"time\":3,\"x\":0,\"y\":0}],\"scale\":[{\"time\":0,\"x\":1,\"y\":1,\"curve\":\"stepped\"},{\"time\":1.5,\"x\":1,\"y\":1,\"curve\":\"stepped\"},{\"time\":3,\"x\":1,\"y\":1}],\"shear\":[{\"time\":0,\"x\":0,\"y\":0,\"curve\":\"stepped\"},{\"time\":1.5,\"x\":0,\"y\":0,\"curve\":\"stepped\"},{\"time\":3,\"x\":0,\"y\":0}]},\"weiba\":{\"rotate\":[{\"time\":0,\"angle\":0},{\"time\":1.5,\"angle\":11.84},{\"time\":3,\"angle\":0}],\"translate\":[{\"time\":0,\"x\":0,\"y\":0,\"curve\":\"stepped\"},{\"time\":1.5,\"x\":0,\"y\":0,\"curve\":\"stepped\"},{\"time\":3,\"x\":0,\"y\":0}],\"scale\":[{\"time\":0,\"x\":1,\"y\":1,\"curve\":\"stepped\"},{\"time\":1.5,\"x\":1,\"y\":1,\"curve\":\"stepped\"},{\"time\":3,\"x\":1,\"y\":1}],\"shear\":[{\"time\":0,\"x\":0,\"y\":0},{\"time\":1.5,\"x\":8.91,\"y\":5.35},{\"time\":3,\"x\":0,\"y\":0}]},\"mao\":{\"rotate\":[{\"time\":0,\"angle\":1.41},{\"time\":0.7667,\"angle\":0},{\"time\":2.2667,\"angle\":2.82},{\"time\":3,\"angle\":1.41}],\"translate\":[{\"time\":0,\"x\":0,\"y\":0,\"curve\":\"stepped\"},{\"time\":0.7667,\"x\":0,\"y\":0,\"curve\":\"stepped\"},{\"time\":2.2667,\"x\":0,\"y\":0,\"curve\":\"stepped\"},{\"time\":3,\"x\":0,\"y\":0}],\"scale\":[{\"time\":0,\"x\":1,\"y\":1,\"curve\":\"stepped\"},{\"time\":0.7667,\"x\":1,\"y\":1,\"curve\":\"stepped\"},{\"time\":2.2667,\"x\":1,\"y\":1,\"curve\":\"stepped\"},{\"time\":3,\"x\":1,\"y\":1}],\"shear\":[{\"time\":0,\"x\":0,\"y\":0,\"curve\":\"stepped\"},{\"time\":0.7667,\"x\":0,\"y\":0,\"curve\":\"stepped\"},{\"time\":2.2667,\"x\":0,\"y\":0,\"curve\":\"stepped\"},{\"time\":3,\"x\":0,\"y\":0}]},\"mao3\":{\"rotate\":[{\"time\":0,\"angle\":1.76},{\"time\":0.7667,\"angle\":0.35},{\"time\":0.9333,\"angle\":0},{\"time\":2.4333,\"angle\":2.82},{\"time\":3,\"angle\":1.76}],\"translate\":[{\"time\":0,\"x\":0,\"y\":0,\"curve\":\"stepped\"},{\"time\":0.7667,\"x\":0,\"y\":0,\"curve\":\"stepped\"},{\"time\":0.9333,\"x\":0,\"y\":0,\"curve\":\"stepped\"},{\"time\":2.4333,\"x\":0,\"y\":0,\"curve\":\"stepped\"},{\"time\":3,\"x\":0,\"y\":0}],\"scale\":[{\"time\":0,\"x\":1,\"y\":1,\"curve\":\"stepped\"},{\"time\":0.7667,\"x\":1,\"y\":1,\"curve\":\"stepped\"},{\"time\":0.9333,\"x\":1,\"y\":1,\"curve\":\"stepped\"},{\"time\":2.4333,\"x\":1,\"y\":1,\"curve\":\"stepped\"},{\"time\":3,\"x\":1,\"y\":1}],\"shear\":[{\"time\":0,\"x\":0,\"y\":0,\"curve\":\"stepped\"},{\"time\":0.7667,\"x\":0,\"y\":0,\"curve\":\"stepped\"},{\"time\":0.9333,\"x\":0,\"y\":0,\"curve\":\"stepped\"},{\"time\":2.4333,\"x\":0,\"y\":0,\"curve\":\"stepped\"},{\"time\":3,\"x\":0,\"y\":0}]},\"mao2\":{\"rotate\":[{\"time\":0,\"angle\":-4.91},{\"time\":0.7667,\"angle\":-20.38},{\"time\":0.9333,\"angle\":-24.25},{\"time\":1.1333,\"angle\":-28.12},{\"time\":2.6333,\"angle\":2.82},{\"time\":3,\"angle\":-4.91}],\"translate\":[{\"time\":0,\"x\":0,\"y\":0,\"curve\":\"stepped\"},{\"time\":0.7667,\"x\":0,\"y\":0,\"curve\":\"stepped\"},{\"time\":0.9333,\"x\":0,\"y\":0,\"curve\":\"stepped\"},{\"time\":1.1333,\"x\":0,\"y\":0,\"curve\":\"stepped\"},{\"time\":2.6333,\"x\":0,\"y\":0,\"curve\":\"stepped\"},{\"time\":3,\"x\":0,\"y\":0}],\"scale\":[{\"time\":0,\"x\":1,\"y\":1,\"curve\":\"stepped\"},{\"time\":0.7667,\"x\":1,\"y\":1,\"curve\":\"stepped\"},{\"time\":0.9333,\"x\":1,\"y\":1,\"curve\":\"stepped\"},{\"time\":1.1333,\"x\":1,\"y\":1,\"curve\":\"stepped\"},{\"time\":2.6333,\"x\":1,\"y\":1,\"curve\":\"stepped\"},{\"time\":3,\"x\":1,\"y\":1}],\"shear\":[{\"time\":0,\"x\":0,\"y\":0,\"curve\":\"stepped\"},{\"time\":0.7667,\"x\":0,\"y\":0,\"curve\":\"stepped\"},{\"time\":0.9333,\"x\":0,\"y\":0,\"curve\":\"stepped\"},{\"time\":1.1333,\"x\":0,\"y\":0,\"curve\":\"stepped\"},{\"time\":2.6333,\"x\":0,\"y\":0,\"curve\":\"stepped\"},{\"time\":3,\"x\":0,\"y\":0}]},\"youer\":{\"rotate\":[{\"time\":0,\"angle\":0.94},{\"time\":1.5,\"angle\":-6.56},{\"time\":3,\"angle\":0.94}],\"translate\":[{\"time\":0,\"x\":0,\"y\":0,\"curve\":\"stepped\"},{\"time\":3,\"x\":0,\"y\":0}],\"scale\":[{\"time\":0,\"x\":1,\"y\":1,\"curve\":\"stepped\"},{\"time\":3,\"x\":1,\"y\":1}],\"shear\":[{\"time\":0,\"x\":0,\"y\":0,\"curve\":\"stepped\"},{\"time\":3,\"x\":0,\"y\":0}]},\"youer3\":{\"rotate\":[{\"time\":0,\"angle\":1.28},{\"time\":0.1667,\"angle\":1.41},{\"time\":1.6667,\"angle\":0.25},{\"time\":3,\"angle\":1.28}],\"translate\":[{\"time\":0,\"x\":0,\"y\":0,\"curve\":\"stepped\"},{\"time\":0.1667,\"x\":0,\"y\":0,\"curve\":\"stepped\"},{\"time\":3,\"x\":0,\"y\":0}],\"scale\":[{\"time\":0,\"x\":1,\"y\":1,\"curve\":\"stepped\"},{\"time\":0.1667,\"x\":1,\"y\":1,\"curve\":\"stepped\"},{\"time\":3,\"x\":1,\"y\":1}],\"shear\":[{\"time\":0,\"x\":0,\"y\":0,\"curve\":\"stepped\"},{\"time\":0.1667,\"x\":0,\"y\":0,\"curve\":\"stepped\"},{\"time\":3,\"x\":0,\"y\":0}]},\"youer2\":{\"rotate\":[{\"time\":0,\"angle\":6.08},{\"time\":0.1667,\"angle\":7.17},{\"time\":0.3333,\"angle\":8.26},{\"time\":1.8333,\"angle\":-1.54},{\"time\":3,\"angle\":6.08}],\"translate\":[{\"time\":0,\"x\":0,\"y\":0,\"curve\":\"stepped\"},{\"time\":0.1667,\"x\":0,\"y\":0,\"curve\":\"stepped\"},{\"time\":0.3333,\"x\":0,\"y\":0,\"curve\":\"stepped\"},{\"time\":3,\"x\":0,\"y\":0}],\"scale\":[{\"time\":0,\"x\":1,\"y\":1,\"curve\":\"stepped\"},{\"time\":0.1667,\"x\":1,\"y\":1,\"curve\":\"stepped\"},{\"time\":0.3333,\"x\":1,\"y\":1,\"curve\":\"stepped\"},{\"time\":3,\"x\":1,\"y\":1}],\"shear\":[{\"time\":0,\"x\":0,\"y\":0,\"curve\":\"stepped\"},{\"time\":0.1667,\"x\":0,\"y\":0,\"curve\":\"stepped\"},{\"time\":0.3333,\"x\":0,\"y\":0,\"curve\":\"stepped\"},{\"time\":3,\"x\":0,\"y\":0}]},\"youer5\":{\"rotate\":[{\"time\":0,\"angle\":65.24},{\"time\":0.1667,\"angle\":67.09},{\"time\":0.3333,\"angle\":68.93},{\"time\":0.5,\"angle\":70.77},{\"time\":2,\"angle\":54.18},{\"time\":3,\"angle\":65.24}],\"translate\":[{\"time\":0,\"x\":0,\"y\":0,\"curve\":\"stepped\"},{\"time\":0.1667,\"x\":0,\"y\":0,\"curve\":\"stepped\"},{\"time\":0.3333,\"x\":0,\"y\":0,\"curve\":\"stepped\"},{\"time\":0.5,\"x\":0,\"y\":0,\"curve\":\"stepped\"},{\"time\":3,\"x\":0,\"y\":0}],\"scale\":[{\"time\":0,\"x\":1,\"y\":1,\"curve\":\"stepped\"},{\"time\":0.1667,\"x\":1,\"y\":1,\"curve\":\"stepped\"},{\"time\":0.3333,\"x\":1,\"y\":1,\"curve\":\"stepped\"},{\"time\":0.5,\"x\":1,\"y\":1,\"curve\":\"stepped\"},{\"time\":3,\"x\":1,\"y\":1}],\"shear\":[{\"time\":0,\"x\":0,\"y\":0,\"curve\":\"stepped\"},{\"time\":0.1667,\"x\":0,\"y\":0,\"curve\":\"stepped\"},{\"time\":0.3333,\"x\":0,\"y\":0,\"curve\":\"stepped\"},{\"time\":0.5,\"x\":0,\"y\":0,\"curve\":\"stepped\"},{\"time\":3,\"x\":0,\"y\":0}]},\"xiong\":{\"rotate\":[{\"time\":0,\"angle\":0,\"curve\":\"stepped\"},{\"time\":0.2,\"angle\":0},{\"time\":1.5,\"angle\":-0.78,\"curve\":\"stepped\"},{\"time\":1.7,\"angle\":-0.78},{\"time\":3,\"angle\":0}],\"translate\":[{\"time\":0,\"x\":0,\"y\":0,\"curve\":\"stepped\"},{\"time\":0.2,\"x\":0,\"y\":0,\"curve\":\"stepped\"},{\"time\":1.5,\"x\":0,\"y\":0,\"curve\":\"stepped\"},{\"time\":1.7,\"x\":0,\"y\":0,\"curve\":\"stepped\"},{\"time\":3,\"x\":0,\"y\":0}],\"scale\":[{\"time\":0,\"x\":1,\"y\":1,\"curve\":\"stepped\"},{\"time\":0.2,\"x\":1,\"y\":1},{\"time\":1.5,\"x\":1.028,\"y\":1,\"curve\":\"stepped\"},{\"time\":1.7,\"x\":1.028,\"y\":1},{\"time\":3,\"x\":1,\"y\":1}],\"shear\":[{\"time\":0,\"x\":0,\"y\":0,\"curve\":\"stepped\"},{\"time\":0.2,\"x\":0,\"y\":0,\"curve\":\"stepped\"},{\"time\":1.5,\"x\":0,\"y\":0,\"curve\":\"stepped\"},{\"time\":1.7,\"x\":0,\"y\":0,\"curve\":\"stepped\"},{\"time\":3,\"x\":0,\"y\":0}]},\"xiongmaotou\":{\"rotate\":[{\"time\":0,\"angle\":0},{\"time\":0.5667,\"angle\":2.6},{\"time\":1.5,\"angle\":0},{\"time\":2.0667,\"angle\":-2.08},{\"time\":3,\"angle\":0}],\"translate\":[{\"time\":0,\"x\":0,\"y\":0},{\"time\":0.5667,\"x\":-1.29,\"y\":-0.01},{\"time\":1.5,\"x\":0,\"y\":0},{\"time\":2.0667,\"x\":1.27,\"y\":0.01},{\"time\":3,\"x\":0,\"y\":0}],\"scale\":[{\"time\":0,\"x\":1,\"y\":1,\"curve\":\"stepped\"},{\"time\":1.5,\"x\":1,\"y\":1,\"curve\":\"stepped\"},{\"time\":3,\"x\":1,\"y\":1}],\"shear\":[{\"time\":0,\"x\":0,\"y\":0,\"curve\":\"stepped\"},{\"time\":1.5,\"x\":0,\"y\":0,\"curve\":\"stepped\"},{\"time\":3,\"x\":0,\"y\":0}]},\"xiong3\":{\"rotate\":[{\"time\":0,\"angle\":0},{\"time\":1.5,\"angle\":5.66},{\"time\":3,\"angle\":0}],\"translate\":[{\"time\":0,\"x\":0,\"y\":0},{\"time\":1.5,\"x\":0.02,\"y\":-1.71},{\"time\":3,\"x\":0,\"y\":0}],\"scale\":[{\"time\":0,\"x\":1,\"y\":1,\"curve\":\"stepped\"},{\"time\":1.5,\"x\":1,\"y\":1,\"curve\":\"stepped\"},{\"time\":3,\"x\":1,\"y\":1}],\"shear\":[{\"time\":0,\"x\":0,\"y\":0,\"curve\":\"stepped\"},{\"time\":1.5,\"x\":0,\"y\":0,\"curve\":\"stepped\"},{\"time\":3,\"x\":0,\"y\":0}]},\"xiongzhang\":{\"rotate\":[{\"time\":0,\"angle\":0},{\"time\":1.5,\"angle\":-2.42},{\"time\":3,\"angle\":0}],\"translate\":[{\"time\":0,\"x\":0,\"y\":0},{\"time\":1.5,\"x\":-0.02,\"y\":1.71},{\"time\":3,\"x\":0,\"y\":0}],\"scale\":[{\"time\":0,\"x\":1,\"y\":1,\"curve\":\"stepped\"},{\"time\":1.5,\"x\":1,\"y\":1,\"curve\":\"stepped\"},{\"time\":3,\"x\":1,\"y\":1}],\"shear\":[{\"time\":0,\"x\":0,\"y\":0,\"curve\":\"stepped\"},{\"time\":1.5,\"x\":0,\"y\":0,\"curve\":\"stepped\"},{\"time\":3,\"x\":0,\"y\":0}]},\"honglingjin\":{\"rotate\":[{\"time\":0,\"angle\":-1.36},{\"time\":1.5,\"angle\":0},{\"time\":3,\"angle\":-1.36}],\"translate\":[{\"time\":0,\"x\":0,\"y\":0,\"curve\":\"stepped\"},{\"time\":1.5,\"x\":0,\"y\":0,\"curve\":\"stepped\"},{\"time\":3,\"x\":0,\"y\":0}],\"scale\":[{\"time\":0,\"x\":1,\"y\":1,\"curve\":\"stepped\"},{\"time\":1.5,\"x\":1,\"y\":1,\"curve\":\"stepped\"},{\"time\":3,\"x\":1,\"y\":1}],\"shear\":[{\"time\":0,\"x\":0,\"y\":0,\"curve\":\"stepped\"},{\"time\":1.5,\"x\":0,\"y\":0,\"curve\":\"stepped\"},{\"time\":3,\"x\":0,\"y\":0}]},\"honglingjin3\":{\"rotate\":[{\"time\":0,\"angle\":-0.61},{\"time\":0.2,\"angle\":1.7},{\"time\":1.7,\"angle\":-16.78},{\"time\":3,\"angle\":-0.61}],\"translate\":[{\"time\":0,\"x\":0,\"y\":0,\"curve\":\"stepped\"},{\"time\":0.2,\"x\":0,\"y\":0,\"curve\":\"stepped\"},{\"time\":1.7,\"x\":0,\"y\":0,\"curve\":\"stepped\"},{\"time\":3,\"x\":0,\"y\":0}],\"scale\":[{\"time\":0,\"x\":1,\"y\":1,\"curve\":\"stepped\"},{\"time\":0.2,\"x\":1,\"y\":1,\"curve\":\"stepped\"},{\"time\":1.7,\"x\":1,\"y\":1,\"curve\":\"stepped\"},{\"time\":3,\"x\":1,\"y\":1}],\"shear\":[{\"time\":0,\"x\":0,\"y\":0,\"curve\":\"stepped\"},{\"time\":0.2,\"x\":0,\"y\":0,\"curve\":\"stepped\"},{\"time\":1.7,\"x\":0,\"y\":0,\"curve\":\"stepped\"},{\"time\":3,\"x\":0,\"y\":0}]},\"honglingjin2\":{\"rotate\":[{\"time\":0,\"angle\":52.21},{\"time\":0.2,\"angle\":55.57},{\"time\":0.3667,\"angle\":58.94},{\"time\":1.8667,\"angle\":32},{\"time\":3,\"angle\":52.21}],\"translate\":[{\"time\":0,\"x\":0,\"y\":0,\"curve\":\"stepped\"},{\"time\":0.2,\"x\":0,\"y\":0,\"curve\":\"stepped\"},{\"time\":0.3667,\"x\":0,\"y\":0,\"curve\":\"stepped\"},{\"time\":1.8667,\"x\":0,\"y\":0,\"curve\":\"stepped\"},{\"time\":3,\"x\":0,\"y\":0}],\"scale\":[{\"time\":0,\"x\":1,\"y\":1,\"curve\":\"stepped\"},{\"time\":0.2,\"x\":1,\"y\":1,\"curve\":\"stepped\"},{\"time\":0.3667,\"x\":1,\"y\":1,\"curve\":\"stepped\"},{\"time\":1.8667,\"x\":1,\"y\":1,\"curve\":\"stepped\"},{\"time\":3,\"x\":1,\"y\":1}],\"shear\":[{\"time\":0,\"x\":0,\"y\":0,\"curve\":\"stepped\"},{\"time\":0.2,\"x\":0,\"y\":0,\"curve\":\"stepped\"},{\"time\":0.3667,\"x\":0,\"y\":0,\"curve\":\"stepped\"},{\"time\":1.8667,\"x\":0,\"y\":0,\"curve\":\"stepped\"},{\"time\":3,\"x\":0,\"y\":0}]},\"piaodai\":{\"rotate\":[{\"time\":0,\"angle\":35.87},{\"time\":1.5,\"angle\":49.98},{\"time\":3,\"angle\":35.87}],\"translate\":[{\"time\":0,\"x\":0,\"y\":0,\"curve\":\"stepped\"},{\"time\":1.5,\"x\":0,\"y\":0,\"curve\":\"stepped\"},{\"time\":3,\"x\":0,\"y\":0}],\"scale\":[{\"time\":0,\"x\":1,\"y\":1,\"curve\":\"stepped\"},{\"time\":1.5,\"x\":1,\"y\":1,\"curve\":\"stepped\"},{\"time\":3,\"x\":1,\"y\":1}],\"shear\":[{\"time\":0,\"x\":0,\"y\":0,\"curve\":\"stepped\"},{\"time\":1.5,\"x\":0,\"y\":0,\"curve\":\"stepped\"},{\"time\":3,\"x\":0,\"y\":0}]},\"piaodai3\":{\"rotate\":[{\"time\":0,\"angle\":-73.66},{\"time\":0.2,\"angle\":-75.42},{\"time\":1.7,\"angle\":-61.31},{\"time\":3,\"angle\":-73.66}],\"translate\":[{\"time\":0,\"x\":0,\"y\":0,\"curve\":\"stepped\"},{\"time\":0.2,\"x\":0,\"y\":0,\"curve\":\"stepped\"},{\"time\":1.7,\"x\":0,\"y\":0,\"curve\":\"stepped\"},{\"time\":3,\"x\":0,\"y\":0}],\"scale\":[{\"time\":0,\"x\":1,\"y\":1,\"curve\":\"stepped\"},{\"time\":0.2,\"x\":1,\"y\":1,\"curve\":\"stepped\"},{\"time\":1.7,\"x\":1,\"y\":1,\"curve\":\"stepped\"},{\"time\":3,\"x\":1,\"y\":1}],\"shear\":[{\"time\":0,\"x\":0,\"y\":0,\"curve\":\"stepped\"},{\"time\":0.2,\"x\":0,\"y\":0,\"curve\":\"stepped\"},{\"time\":1.7,\"x\":0,\"y\":0,\"curve\":\"stepped\"},{\"time\":3,\"x\":0,\"y\":0}]},\"piaodai2\":{\"rotate\":[{\"time\":0,\"angle\":-11.48},{\"time\":0.2,\"angle\":-13.24},{\"time\":0.3667,\"angle\":-15.01},{\"time\":1.8667,\"angle\":-0.89},{\"time\":3,\"angle\":-11.48}],\"translate\":[{\"time\":0,\"x\":0,\"y\":0,\"curve\":\"stepped\"},{\"time\":0.2,\"x\":0,\"y\":0,\"curve\":\"stepped\"},{\"time\":0.3667,\"x\":0,\"y\":0,\"curve\":\"stepped\"},{\"time\":1.8667,\"x\":0,\"y\":0,\"curve\":\"stepped\"},{\"time\":3,\"x\":0,\"y\":0}],\"scale\":[{\"time\":0,\"x\":1,\"y\":1,\"curve\":\"stepped\"},{\"time\":0.2,\"x\":1,\"y\":1,\"curve\":\"stepped\"},{\"time\":0.3667,\"x\":1,\"y\":1,\"curve\":\"stepped\"},{\"time\":1.8667,\"x\":1,\"y\":1,\"curve\":\"stepped\"},{\"time\":3,\"x\":1,\"y\":1}],\"shear\":[{\"time\":0,\"x\":0,\"y\":0,\"curve\":\"stepped\"},{\"time\":0.2,\"x\":0,\"y\":0,\"curve\":\"stepped\"},{\"time\":0.3667,\"x\":0,\"y\":0,\"curve\":\"stepped\"},{\"time\":1.8667,\"x\":0,\"y\":0,\"curve\":\"stepped\"},{\"time\":3,\"x\":0,\"y\":0}]},\"piaodai5\":{\"rotate\":[{\"time\":0,\"angle\":38.41},{\"time\":0.2,\"angle\":36.65},{\"time\":0.3667,\"angle\":34.88},{\"time\":0.5667,\"angle\":33.12},{\"time\":2.0667,\"angle\":47.23},{\"time\":3,\"angle\":38.41}],\"translate\":[{\"time\":0,\"x\":0,\"y\":0,\"curve\":\"stepped\"},{\"time\":0.2,\"x\":0,\"y\":0,\"curve\":\"stepped\"},{\"time\":0.3667,\"x\":0,\"y\":0,\"curve\":\"stepped\"},{\"time\":0.5667,\"x\":0,\"y\":0,\"curve\":\"stepped\"},{\"time\":2.0667,\"x\":0,\"y\":0,\"curve\":\"stepped\"},{\"time\":3,\"x\":0,\"y\":0}],\"scale\":[{\"time\":0,\"x\":1,\"y\":1,\"curve\":\"stepped\"},{\"time\":0.2,\"x\":1,\"y\":1,\"curve\":\"stepped\"},{\"time\":0.3667,\"x\":1,\"y\":1,\"curve\":\"stepped\"},{\"time\":0.5667,\"x\":1,\"y\":1,\"curve\":\"stepped\"},{\"time\":2.0667,\"x\":1,\"y\":1,\"curve\":\"stepped\"},{\"time\":3,\"x\":1,\"y\":1}],\"shear\":[{\"time\":0,\"x\":0,\"y\":0,\"curve\":\"stepped\"},{\"time\":0.2,\"x\":0,\"y\":0,\"curve\":\"stepped\"},{\"time\":0.3667,\"x\":0,\"y\":0,\"curve\":\"stepped\"},{\"time\":0.5667,\"x\":0,\"y\":0,\"curve\":\"stepped\"},{\"time\":2.0667,\"x\":0,\"y\":0,\"curve\":\"stepped\"},{\"time\":3,\"x\":0,\"y\":0}]},\"xiong2\":{\"rotate\":[{\"time\":0,\"angle\":0},{\"time\":0.5667,\"angle\":-3.31},{\"time\":0.7667,\"angle\":-3.68},{\"time\":1.5,\"angle\":0},{\"time\":2.0667,\"angle\":1.62},{\"time\":2.2667,\"angle\":1.8},{\"time\":3,\"angle\":0}],\"translate\":[{\"time\":0,\"x\":0,\"y\":0},{\"time\":0.5667,\"x\":-3.13,\"y\":-0.02},{\"time\":0.7667,\"x\":-3.48,\"y\":-0.02},{\"time\":1.5,\"x\":0,\"y\":0},{\"time\":2.0667,\"x\":3.57,\"y\":0.03},{\"time\":2.2667,\"x\":3.96,\"y\":0.03},{\"time\":3,\"x\":0,\"y\":0}],\"scale\":[{\"time\":0,\"x\":1,\"y\":1,\"curve\":\"stepped\"},{\"time\":0.5667,\"x\":1,\"y\":1,\"curve\":\"stepped\"},{\"time\":0.7667,\"x\":1,\"y\":1,\"curve\":\"stepped\"},{\"time\":1.5,\"x\":1,\"y\":1,\"curve\":\"stepped\"},{\"time\":2.0667,\"x\":1,\"y\":1,\"curve\":\"stepped\"},{\"time\":2.2667,\"x\":1,\"y\":1,\"curve\":\"stepped\"},{\"time\":3,\"x\":1,\"y\":1}],\"shear\":[{\"time\":0,\"x\":0,\"y\":0,\"curve\":\"stepped\"},{\"time\":0.5667,\"x\":0,\"y\":0,\"curve\":\"stepped\"},{\"time\":0.7667,\"x\":0,\"y\":0,\"curve\":\"stepped\"},{\"time\":1.5,\"x\":0,\"y\":0,\"curve\":\"stepped\"},{\"time\":2.0667,\"x\":0,\"y\":0,\"curve\":\"stepped\"},{\"time\":2.2667,\"x\":0,\"y\":0,\"curve\":\"stepped\"},{\"time\":3,\"x\":0,\"y\":0}]},\"tuzi2\":{\"rotate\":[{\"time\":0,\"angle\":0,\"curve\":\"stepped\"},{\"time\":1.5,\"angle\":0,\"curve\":\"stepped\"},{\"time\":3,\"angle\":0}],\"translate\":[{\"time\":0,\"x\":0,\"y\":0},{\"time\":0.7667,\"x\":-0.33,\"y\":-5.92},{\"time\":0.9333,\"x\":-0.35,\"y\":-6.46},{\"time\":1.5,\"x\":0,\"y\":0},{\"time\":2.2667,\"x\":0.49,\"y\":8.89},{\"time\":2.4333,\"x\":0.58,\"y\":10.48},{\"time\":3,\"x\":0,\"y\":0}],\"scale\":[{\"time\":0,\"x\":1,\"y\":1,\"curve\":\"stepped\"},{\"time\":1.5,\"x\":1,\"y\":1,\"curve\":\"stepped\"},{\"time\":3,\"x\":1,\"y\":1}],\"shear\":[{\"time\":0,\"x\":0,\"y\":0,\"curve\":\"stepped\"},{\"time\":1.5,\"x\":0,\"y\":0,\"curve\":\"stepped\"},{\"time\":3,\"x\":0,\"y\":0}]},\"tou3\":{\"rotate\":[{\"time\":0,\"angle\":-5.61},{\"time\":1.5,\"angle\":-16.43},{\"time\":3,\"angle\":-5.61}],\"translate\":[{\"time\":0,\"x\":0,\"y\":0,\"curve\":\"stepped\"},{\"time\":3,\"x\":0,\"y\":0}],\"scale\":[{\"time\":0,\"x\":1,\"y\":1,\"curve\":\"stepped\"},{\"time\":3,\"x\":1,\"y\":1}],\"shear\":[{\"time\":0,\"x\":0,\"y\":0,\"curve\":\"stepped\"},{\"time\":3,\"x\":0,\"y\":0}]},\"tou4\":{\"rotate\":[{\"time\":0,\"angle\":29.21},{\"time\":0.1667,\"angle\":30.74},{\"time\":0.3333,\"angle\":32.28},{\"time\":0.5,\"angle\":33.81},{\"time\":2,\"angle\":20},{\"time\":3,\"angle\":29.21}],\"translate\":[{\"time\":0,\"x\":0,\"y\":0,\"curve\":\"stepped\"},{\"time\":0.1667,\"x\":0,\"y\":0,\"curve\":\"stepped\"},{\"time\":0.3333,\"x\":0,\"y\":0,\"curve\":\"stepped\"},{\"time\":0.5,\"x\":0,\"y\":0,\"curve\":\"stepped\"},{\"time\":3,\"x\":0,\"y\":0}],\"scale\":[{\"time\":0,\"x\":1,\"y\":1,\"curve\":\"stepped\"},{\"time\":0.1667,\"x\":1,\"y\":1,\"curve\":\"stepped\"},{\"time\":0.3333,\"x\":1,\"y\":1,\"curve\":\"stepped\"},{\"time\":0.5,\"x\":1,\"y\":1,\"curve\":\"stepped\"},{\"time\":3,\"x\":1,\"y\":1}],\"shear\":[{\"time\":0,\"x\":0,\"y\":0,\"curve\":\"stepped\"},{\"time\":0.1667,\"x\":0,\"y\":0,\"curve\":\"stepped\"},{\"time\":0.3333,\"x\":0,\"y\":0,\"curve\":\"stepped\"},{\"time\":0.5,\"x\":0,\"y\":0,\"curve\":\"stepped\"},{\"time\":3,\"x\":0,\"y\":0}]},\"tou5\":{\"rotate\":[{\"time\":0,\"angle\":31.94},{\"time\":0.1667,\"angle\":32.88},{\"time\":0.3333,\"angle\":33.81},{\"time\":1.8333,\"angle\":25.38},{\"time\":3,\"angle\":31.94}],\"translate\":[{\"time\":0,\"x\":0,\"y\":0,\"curve\":\"stepped\"},{\"time\":0.1667,\"x\":0,\"y\":0,\"curve\":\"stepped\"},{\"time\":0.3333,\"x\":0,\"y\":0,\"curve\":\"stepped\"},{\"time\":3,\"x\":0,\"y\":0}],\"scale\":[{\"time\":0,\"x\":1,\"y\":1,\"curve\":\"stepped\"},{\"time\":0.1667,\"x\":1,\"y\":1,\"curve\":\"stepped\"},{\"time\":0.3333,\"x\":1,\"y\":1,\"curve\":\"stepped\"},{\"time\":3,\"x\":1,\"y\":1}],\"shear\":[{\"time\":0,\"x\":0,\"y\":0,\"curve\":\"stepped\"},{\"time\":0.1667,\"x\":0,\"y\":0,\"curve\":\"stepped\"},{\"time\":0.3333,\"x\":0,\"y\":0,\"curve\":\"stepped\"},{\"time\":3,\"x\":0,\"y\":0}]},\"tou2\":{\"rotate\":[{\"time\":0,\"angle\":-6.55},{\"time\":0.1667,\"angle\":-5.61},{\"time\":1.6667,\"angle\":-14.04},{\"time\":3,\"angle\":-6.55}],\"translate\":[{\"time\":0,\"x\":0,\"y\":0,\"curve\":\"stepped\"},{\"time\":0.1667,\"x\":0,\"y\":0,\"curve\":\"stepped\"},{\"time\":3,\"x\":0,\"y\":0}],\"scale\":[{\"time\":0,\"x\":1,\"y\":1,\"curve\":\"stepped\"},{\"time\":0.1667,\"x\":1,\"y\":1,\"curve\":\"stepped\"},{\"time\":3,\"x\":1,\"y\":1}],\"shear\":[{\"time\":0,\"x\":0,\"y\":0,\"curve\":\"stepped\"},{\"time\":0.1667,\"x\":0,\"y\":0,\"curve\":\"stepped\"},{\"time\":3,\"x\":0,\"y\":0}]},\"yezi\":{\"rotate\":[{\"time\":0,\"angle\":-0.89},{\"time\":0.3333,\"angle\":0.37},{\"time\":1.5,\"angle\":-10.65},{\"time\":1.8333,\"angle\":-12.21},{\"time\":3,\"angle\":-0.89}],\"translate\":[{\"time\":0,\"x\":0,\"y\":0,\"curve\":\"stepped\"},{\"time\":1.5,\"x\":0,\"y\":0,\"curve\":\"stepped\"},{\"time\":3,\"x\":0,\"y\":0}],\"scale\":[{\"time\":0,\"x\":1,\"y\":1,\"curve\":\"stepped\"},{\"time\":1.5,\"x\":1,\"y\":1,\"curve\":\"stepped\"},{\"time\":3,\"x\":1,\"y\":1}],\"shear\":[{\"time\":0,\"x\":0,\"y\":0,\"curve\":\"stepped\"},{\"time\":1.5,\"x\":0,\"y\":0,\"curve\":\"stepped\"},{\"time\":3,\"x\":0,\"y\":0}]}}}}}","_skeletonJson":{"skeleton":{"hash":"9hkl3rqiM5/wn1rsy9mQ9aFabV4","spine":"3.6.53","width":260,"height":219.96,"images":"./images/"},"bones":[{"name":"root"},{"name":"xiong","parent":"root","length":46.42,"rotation":90,"x":-49.22,"y":-36.86},{"name":"honglingjin","parent":"xiong","length":14.58,"rotation":-66.8,"x":49.58,"y":-19.8},{"name":"honglingjin3","parent":"honglingjin","length":13.32,"rotation":-6.5,"x":14.07,"y":-1.17},{"name":"honglingjin2","parent":"honglingjin3","length":16,"rotation":-40.2,"x":11.31,"y":-0.06},{"name":"tuzi","parent":"root","length":30.54,"rotation":93.18,"x":51.95,"y":-45.58},{"name":"tuzi3","parent":"tuzi","length":35.1,"rotation":5.15,"x":28.05,"y":0.99},{"name":"tou","parent":"tuzi3","length":44.7,"rotation":1.49,"x":35.1},{"name":"mao","parent":"tou","length":15.9,"rotation":-80.38,"x":52.32,"y":11.03},{"name":"mao3","parent":"mao","length":16.57,"rotation":-44.64,"x":14.24,"y":0.59},{"name":"mao2","parent":"mao3","length":14.25,"rotation":47,"x":16.95,"y":-0.8},{"name":"piaodai","parent":"xiong","length":8.12,"rotation":-141.34,"x":18.86,"y":-49.42},{"name":"piaodai3","parent":"piaodai","length":8.84,"rotation":65.87,"x":7.03,"y":-0.35},{"name":"piaodai2","parent":"piaodai3","length":11.43,"rotation":4.91,"x":9.15,"y":-0.08},{"name":"piaodai5","parent":"piaodai2","length":9.43,"rotation":-39.09,"x":12.03,"y":-0.21},{"name":"tou3","parent":"tou","length":15.63,"rotation":63.79,"x":47.59,"y":19.91},{"name":"tou2","parent":"tou3","length":17.86,"rotation":36.61,"x":14.19,"y":-1.34},{"name":"tou5","parent":"tou2","length":13.26,"rotation":-24.04,"x":17.25,"y":-1.66},{"name":"tou4","parent":"tou5","length":15.01,"rotation":-34.23,"x":11.92,"y":-0.56},{"name":"tuzi2","parent":"tuzi","x":55.11,"y":-124.08},{"name":"weiba","parent":"tuzi3","length":18.87,"rotation":51.93,"x":-10.1,"y":22.84},{"name":"xiong2","parent":"xiong","x":52.15,"y":97.03},{"name":"xiong3","parent":"xiong","length":20.9,"rotation":97.43,"x":37.93,"y":17.51},{"name":"xiongmaotou","parent":"xiong","length":56.35,"rotation":16.53,"x":55.7,"y":-5.91},{"name":"xiongzhang","parent":"xiong","length":25.24,"rotation":-34.82,"x":22.62,"y":-37.45},{"name":"yezi","parent":"xiongmaotou","length":13.51,"rotation":-117.32,"x":-1.15,"y":4.91},{"name":"youer","parent":"tou","length":13.89,"rotation":-7.7,"x":55.48,"y":-7.85},{"name":"youer3","parent":"youer","length":12.22,"rotation":65.63,"x":13.35,"y":-0.49},{"name":"youer2","parent":"youer3","length":13.84,"rotation":7.18,"x":11.83,"y":0.95},{"name":"youer5","parent":"youer2","length":15.63,"rotation":-47.52,"x":13.84},{"name":"youshou","parent":"tuzi3","length":68.41,"rotation":-36.94,"x":25.74,"y":-12.36},{"name":"zuoshou","parent":"tuzi3","length":17.53,"rotation":150.82,"x":24.63,"y":17.76},{"name":"zuoshou3","parent":"zuoshou","length":11.91,"rotation":52.46,"x":15.52,"y":0.9}],"slots":[{"name":"bj","bone":"root","attachment":"bj"},{"name":"shu","bone":"root","attachment":"shu"},{"name":"1","bone":"root","attachment":"1"},{"name":"2","bone":"root","attachment":"2"},{"name":"3","bone":"root","attachment":"3"},{"name":"weiba","bone":"weiba","attachment":"weiba"},{"name":"tuzi","bone":"tuzi3","attachment":"tuzi"},{"name":"hudie","bone":"root","attachment":"hudie"},{"name":"zuoshou","bone":"zuoshou3","attachment":"zuoshou"},{"name":"youshou","bone":"youshou","attachment":"youshou"},{"name":"tou","bone":"tou4","attachment":"tou"},{"name":"youer","bone":"youer5","attachment":"youer"},{"name":"mao","bone":"mao2","attachment":"mao"},{"name":"xiong","bone":"xiong3","attachment":"xiong"},{"name":"honglingjin","bone":"honglingjin2","attachment":"honglingjin"},{"name":"piaodai","bone":"piaodai5","attachment":"piaodai"},{"name":"xiongzhang","bone":"xiongzhang","attachment":"xiongzhang"},{"name":"xiongmaotou","bone":"xiongmaotou","attachment":"xiongmaotou"},{"name":"yezi","bone":"yezi","attachment":"yezi"},{"name":"zi","bone":"root","attachment":"zi"}],"skins":{"default":{"1":{"1":{"x":96.8,"y":75.46,"width":64,"height":55}},"2":{"2":{"x":-78.7,"y":-2.54,"width":75,"height":81}},"3":{"3":{"x":85.3,"y":-22.54,"width":47,"height":51}},"bj":{"bj":{"width":260,"height":214}},"honglingjin":{"honglingjin":{"type":"mesh","uvs":[0,0.52722,0.26817,0.21022,0.47519,0,0.71456,0,1,0.27913,1,1,0.83748,1,0.60458,0.69261,0.31346,0.74774,0,0.98205,0.30052,0.48587,0.67574,0.38939],"triangles":[9,0,8,0,10,8,0,1,10,10,1,11,1,2,11,8,10,7,11,2,3,5,7,4,5,6,7,4,7,11,7,10,11,11,3,4],"vertices":[2,2,-1.33,3.96,0.936,21,0.55,-114.05,0.064,4,4,-13.83,-3.02,0.00004,3,-1.21,6.56,0.00502,2,13.62,5.48,0.93094,21,7.84,-127.19,0.064,4,4,-6.46,5.46,0.00042,3,9.9,8.28,0.80141,2,24.85,5.93,0.13417,21,12.68,-137.33,0.064,3,4,4.3,10.14,0.29319,3,21.13,4.91,0.64281,21,12.68,-149.06,0.064,3,4,19.69,9.83,0.91452,3,32.68,-5.26,0.02148,21,6.26,-163.05,0.064,2,4,26.3,-5.38,0.936,21,-10.32,-163.05,0.064,2,4,18.99,-8.55,0.936,21,-10.32,-155.08,0.064,3,4,5.71,-6.62,0.84473,3,11.39,-8.8,0.09127,21,-3.25,-143.67,0.064,4,4,-6.87,-13.47,0.00823,3,-2.63,-5.92,0.60996,2,10.79,-6.75,0.31781,21,-4.52,-129.41,0.064,2,2,-5.45,-5.66,0.936,21,-9.91,-114.05,0.064,3,3,-1.51,0.03,0.34938,2,12.58,-0.97,0.54662,21,1.5,-128.77,0.104,3,4,6.13,1.17,0.82428,3,16.74,-3.12,0.07172,21,3.72,-147.16,0.104],"hull":10,"edges":[0,2,2,4,4,6,6,8,8,10,10,12,12,14,14,16,16,18,0,18],"width":49,"height":23}},"hudie":{"hudie":{"x":77.8,"y":96.96,"width":22,"height":16}},"mao":{"mao":{"type":"mesh","uvs":[0,0.58192,0.21542,0.90475,0.42934,0.85268,0.69988,0.97765,0.93267,0.88392,1,0.66523,1,0.17578,0.66842,0,0.36642,0,0,0.23827,0.3098,0.49861,0.67471,0.61316],"triangles":[10,9,8,0,9,10,10,7,11,7,10,8,1,0,10,1,10,2,11,7,6,11,6,5,2,10,11,4,11,5,3,2,11,4,3,11],"vertices":[2,9,-11.9,-12.2,0.00187,8,-2.81,0.27,0.99813,3,10,-21.89,0.79,0.0434,9,1.44,-16.27,0.16074,8,3.83,-12,0.79586,3,10,-11.8,-1.62,0.32563,9,10.09,-10.53,0.48055,8,14.01,-14,0.19382,1,10,-1.09,-9.81,1,1,10,10.3,-11.44,1,1,10,15.65,-6.75,1,3,10,20.93,6.43,0.95903,9,26.51,18.89,0.01468,8,46.38,-4.6,0.02629,3,10,8.04,17.07,0.32294,9,9.94,16.73,0.30044,8,33.07,5.5,0.37661,3,10,-5.42,22.46,0.00493,9,-3.17,10.55,0.58721,8,19.4,10.33,0.40785,2,9,-16.15,-3.19,0.21225,8,0.51,9.66,0.78775,4,10,-13.31,10.04,0.00638,9,0.52,-3.69,0.17101,8,12.02,-2.4,0.68661,19,59.64,133.01,0.136,4,10,1.72,0.45,0.71314,9,17.79,0.77,0.14995,8,27.43,-11.37,0.00091,19,55.35,115.7,0.136],"hull":10,"edges":[0,2,2,4,4,6,6,8,8,10,10,12,12,14,14,16,16,18,0,18],"width":48,"height":29}},"piaodai":{"piaodai":{"type":"mesh","uvs":[0.09614,0.09127,0.19483,0.38877,0.32834,0.42596,0.38058,0.12846,0.47346,0,0.64761,0,0.83336,0,1,0.35158,1,0.93914,0.73178,0.92427,0.636,0.55239,0.50829,0.70858,0.34575,0.85733,0.22966,0.86477,0.05841,0.70858,0,0.29952],"triangles":[12,13,14,14,15,1,15,0,1,12,14,2,2,14,1,12,2,11,2,3,10,11,2,10,10,3,5,5,3,4,8,10,7,8,9,10,7,5,6,5,7,10],"vertices":[1,11,-2.4,2.61,1,3,13,-7.19,4.9,0.00003,12,1.57,4.19,0.1954,11,3.84,2.8,0.80457,2,12,6.72,2.24,0.99973,11,7.73,6.7,0.00027,2,13,1.38,6.3,0.44111,12,9.99,6.31,0.55889,2,13,5.66,6.97,0.77318,12,14.19,7.35,0.22682,3,14,-2.75,3.96,0.20168,13,12.39,4.59,0.79005,12,21.1,5.56,0.00827,2,14,4.42,6.52,0.9975,13,19.57,2.06,0.0025,1,14,12.75,3.52,1,1,14,15.91,-5.34,1,2,14,5.48,-8.81,0.98248,13,10.72,-10.5,0.01752,2,14,-0.22,-4.53,0.37582,13,9,-3.58,0.62418,4,14,-4.31,-8.64,0.00053,13,3.23,-4.2,0.99338,12,12.72,-3.99,0.00565,11,15.87,9.64,0.00044,3,13,-3.85,-4.22,0.17557,12,5.68,-4.62,0.61276,11,13.56,2.95,0.21167,3,13,-8.38,-2.75,0.00201,12,1.04,-3.54,0.07612,11,10.68,-0.84,0.92186,2,12,-5.13,0.64,0.69775,11,4.35,-4.77,0.30225,2,12,-5.81,7.58,0.01742,11,-2.26,-2.55,0.98258],"hull":16,"edges":[0,2,2,4,4,6,6,8,8,10,10,12,12,14,14,16,16,18,18,20,20,22,22,24,24,26,26,28,28,30,0,30],"width":41,"height":16}},"shu":{"shu":{"x":-13.7,"y":54.46,"width":219,"height":103}},"tou":{"tou":{"type":"mesh","uvs":[0.44211,0.42476,0.35202,0.47169,0.24392,0.54749,0.14353,0.54027,0.0483,0.47169,0,0.35979,0,0.20096,0.08948,0.24066,0.18729,0.25149,0.26966,0.18291,0.39063,0.15403,0.51675,0.2154,0.58882,0.30564,0.69692,0.28759,0.80246,0.30564,0.88482,0.39588,0.94917,0.52583,1,0.61608,1,0.81822,0.91056,0.91569,0.76642,1,0.54764,1,0.39578,0.92291,0.38291,0.6991,0.43696,0.5511,0.71752,0.46447,0.76899,0.66301,0.79731,0.85071,0.53734,0.61247,0.54506,0.82544,0.42573,0.32046,0.20254,0.39114],"triangles":[31,7,8,5,7,31,5,6,7,3,4,31,31,4,5,30,8,9,30,31,8,0,12,25,28,24,0,0,1,30,1,31,30,0,30,12,30,11,12,1,2,31,2,3,31,9,10,30,30,10,11,20,27,19,27,20,29,22,29,21,20,21,29,22,23,29,19,27,18,29,26,27,27,26,18,23,28,29,29,28,26,26,17,18,23,24,28,28,25,26,26,16,17,16,25,15,16,26,25,25,28,0,12,13,25,25,14,15,25,13,14],"vertices":[2,7,45.19,26.36,0.02816,15,4.74,5,0.97184,2,16,7.25,10.76,0.40076,15,13.59,11.62,0.59924,3,16,21.07,12.29,0.91738,15,23.76,21.09,0.04966,17,-2.2,14.29,0.03296,3,16,31.69,7.75,0.46036,15,35,23.78,0.00038,17,9.36,14.47,0.53927,3,16,40.03,-1.32,0.06432,17,20.66,9.59,0.91854,18,1.52,13.31,0.01714,3,16,42.07,-11.85,0.00002,17,26.82,0.8,0.46458,18,11.55,9.5,0.53541,1,18,19.58,-0.75,1,1,18,9.47,-4.53,1,3,16,18.79,-12.73,0.03231,17,5.92,-9.49,0.53594,18,0.06,-10.76,0.43176,3,16,7.95,-14.74,0.54368,17,-3.16,-15.73,0.39696,18,-3.93,-21.03,0.05935,4,16,-5.92,-12.15,0.90951,15,16.68,-14.62,0.03286,17,-16.88,-19.02,0.05634,18,-13.43,-31.47,0.00129,3,7,60.64,14.98,0.02103,16,-17.79,-2.41,0.32838,15,1.35,-13.89,0.65059,3,7,51.94,8.07,0.45946,16,-23.01,7.4,0.03078,15,-8.69,-9.13,0.50976,2,7,51.28,-4.43,0.99543,15,-20.2,-14.06,0.00457,1,7,47.75,-16.14,1,1,7,38.84,-24.21,1,1,7,27.08,-29.68,1,1,7,18.79,-34.18,1,1,7,2.46,-31.35,1,1,7,-3.66,-19.85,1,2,7,-7.65,-2.34,0.99975,15,-44.35,39.73,0.00025,2,7,-3.36,22.45,0.86945,15,-20.22,46.83,0.13055,2,7,5.85,38.58,0.73143,15,-1.68,45.69,0.26857,2,7,24.18,36.91,0.58404,15,4.92,28.51,0.41596,2,7,35.08,28.71,0.352,15,2.38,15.11,0.648,2,7,36.58,-4.29,0.792,19,44.72,128.19,0.208,2,7,19.53,-7.35,0.792,19,28.14,123.18,0.208,2,7,3.81,-7.93,0.792,19,12.59,120.78,0.208,3,7,28.16,18.2,0.52313,15,-10.11,16.68,0.34087,19,33.75,149.55,0.136,3,7,10.8,20.3,0.70444,15,-15.89,33.18,0.15956,19,16.27,149.63,0.136,6,7,53.94,26.76,0.01534,16,-4.99,2.05,0.29295,15,8.96,-2.67,0.5377,17,-21.82,-5.67,0.01761,18,-25.02,-23.21,0.0004,19,58.37,161.03,0.136,5,16,21.1,-1.38,0.3451,15,31.95,10.13,0.01543,17,3.4,1.82,0.30748,18,-8.38,-2.83,0.19599,19,54.01,186.98,0.136],"hull":25,"edges":[0,2,2,4,4,6,6,8,8,10,10,12,12,14,14,16,16,18,18,20,20,22,22,24,24,26,26,28,28,30,30,32,32,34,34,36,36,38,38,40,40,42,42,44,44,46,46,48,0,48],"width":115,"height":82}},"tuzi":{"tuzi":{"type":"mesh","uvs":[0.36023,0.12042,0.48651,0.12042,0.61279,0.24702,0.66207,0.37585,0.64975,0.48025,0.81915,0.61129,0.91771,0.76011,1,0.87561,1,1,0.59431,0.92892,0.58815,0.80231,0.31711,0.8645,0.33559,1,0,1,0,0.88894,0.07379,0.8112,0.06455,0.67571,0.26475,0.55576,0.25243,0.48913,0.15695,0.35586,0.16619,0.22925,0.51423,0.35364,0.50807,0.49357,0.55427,0.64905,0.24011,0.74234,0.78527,0.7379,0.31403,0.37807,0.36947,0.54466],"triangles":[4,21,3,22,21,4,23,22,4,23,4,5,27,22,23,25,23,5,24,16,17,25,5,6,10,23,25,15,16,24,23,24,27,11,23,10,23,11,24,9,10,25,13,14,15,15,24,11,12,15,11,13,15,12,25,6,7,8,25,7,9,25,8,21,1,2,21,2,3,26,20,0,19,20,26,18,19,26,0,1,21,26,0,21,22,26,21,27,18,26,22,27,26,17,18,27,27,24,17],"vertices":[1,6,41.73,1.57,1,2,6,40.13,-7.77,0.99982,5,68.72,-3.16,0.00018,2,6,25.73,-15.24,0.90636,5,55.04,-11.88,0.09364,2,6,11.94,-16.95,0.47166,5,41.46,-14.83,0.52834,2,6,1.33,-14.47,0.03802,5,30.67,-13.3,0.96198,1,5,16.36,-25.23,1,1,5,0.5,-31.76,1,1,5,-11.84,-37.25,1,1,5,-24.76,-36.53,1,1,5,-15.69,-6.56,1,1,5,-2.51,-6.83,1,2,6,-34.6,16,0.02196,5,-7.85,13.82,0.97804,1,5,-21.99,13.22,1,2,6,-45.1,41.58,0.00088,5,-20.6,38.35,0.99912,2,6,-33.67,39.9,0.01469,5,-9.06,37.71,0.98531,2,6,-26.47,33.26,0.06512,5,-1.3,31.74,0.93488,2,6,-12.43,31.9,0.1972,5,12.81,31.65,0.8028,2,6,-2.26,15.24,0.67408,5,24.43,15.96,0.32592,2,6,4.73,15.15,0.97012,5,31.4,16.5,0.02988,1,6,19.48,20.23,1,1,6,32.41,17.64,1,3,6,15.83,-6.32,0.67186,5,44.38,-3.89,0.13614,19,-10.73,120.2,0.192,2,5,29.88,-2.62,0.808,19,-25.23,121.46,0.192,2,5,13.54,-5.18,0.808,19,-41.57,118.9,0.192,3,6,-21.19,19.88,0.10701,5,5.16,18.88,0.75699,19,-49.95,142.97,0.136,2,5,3.35,-21.97,0.808,19,-51.76,102.12,0.192,2,6,15.49,8.91,0.864,19,-12.43,135.33,0.136,3,6,-2.25,7.3,0.6502,5,25.15,8.06,0.2138,19,-29.96,132.14,0.136],"hull":21,"edges":[0,2,2,4,4,6,6,8,8,10,10,12,12,14,14,16,16,18,18,20,20,22,22,24,24,26,26,28,28,30,30,32,32,34,34,36,36,38,38,40,0,40],"width":75,"height":104}},"weiba":{"weiba":{"type":"mesh","uvs":[0.29717,0.02244,0,0.46259,0,0.75883,0.28805,1,1,1,1,0.48798,0.63444,0.10709,0.44302,0.58109],"triangles":[7,0,6,7,6,5,1,0,7,2,1,7,3,2,7,7,5,4,3,7,4],"vertices":[22.98,-12.51,23.57,2.03,19.46,9.23,9.6,11.38,-6.47,2.19,0.65,-10.25,14.19,-14.8,11.93,-0.81],"hull":7,"edges":[0,2,2,4,4,6,6,8,8,10,10,12,0,12],"width":26,"height":28}},"xiong":{"xiong":{"type":"mesh","uvs":[0.20104,0.16816,0.37118,0.12999,0.53422,0.14363,0.70435,0.06728,0.76343,0.17907,0.75161,0.33175,0.60984,0.38356,0.76107,0.48444,0.69018,0.63167,0.81778,0.89341,0.74689,0.95885,0.59566,0.92885,0.41135,0.74345,0.33573,0.74345,0.30029,0.82797,0.15851,0.85797,0.16087,0.75436,0.15142,0.63712,0.21758,0.46808,0.13961,0.50897,0.1018,0.66984,0,0.65075,0,0.5526,0.05218,0.30449,0.12307,0.13545,0.37809,0.36719,0.30296,0.5736,0.32085,0.67268,0.49973,0.37957,0.5212,0.61488,0.61422,0.74698,0.15899,0.34477],"triangles":[20,21,22,20,22,19,22,23,19,19,31,18,19,23,31,31,0,25,31,23,0,23,24,0,18,31,25,9,10,30,10,11,30,11,12,30,30,8,9,15,16,14,14,16,13,16,27,13,16,17,27,12,29,30,30,29,8,29,12,27,29,27,28,25,28,26,13,27,12,17,26,27,28,27,26,18,26,17,7,8,6,8,29,6,29,28,6,26,18,25,4,5,6,2,6,28,0,1,25,28,25,2,25,1,2,4,6,2,4,2,3],"vertices":[2,1,57.15,23.84,0.09804,22,3.79,-19.87,0.90196,2,1,61.61,0.87,0.9049,22,-19.56,-21.33,0.0951,1,1,60.02,-21.14,1,1,1,68.95,-44.11,1,1,1,55.87,-52.08,1,1,1,38.01,-50.49,1,1,1,31.95,-31.35,1,1,1,20.14,-51.76,1,1,1,2.92,-42.19,1,1,1,-27.71,-59.42,1,1,1,-35.36,-49.85,1,1,1,-31.85,-29.43,1,1,1,-10.16,-4.55,1,2,1,-10.16,5.66,0.99878,22,-5.54,49.22,0.00122,1,1,-20.05,10.44,1,1,1,-23.56,29.58,1,2,1,-11.44,29.26,0.98722,22,18.04,47.44,0.01278,2,1,2.28,30.54,0.92904,22,17.53,33.67,0.07096,2,1,22.06,21.61,0.36434,22,6.11,15.21,0.63566,2,1,17.27,32.13,0.0206,22,17.17,18.6,0.9794,1,22,24.67,36.6,1,1,22,38,32.61,1,1,22,36.52,21.22,1,1,22,25.78,-6.66,1,2,1,60.98,34.37,0.00243,22,13.73,-25.03,0.99757,3,1,33.86,-0.06,0.78347,22,-16.9,6.31,0.00053,21,-18.29,-97.09,0.216,3,1,9.71,10.08,0.72382,22,-3.72,28.95,0.06018,21,-42.44,-86.95,0.216,3,1,-1.88,7.67,0.9101,22,-4.61,40.75,0.0099,21,-54.03,-89.36,0.08,2,1,32.41,-16.48,0.784,21,-19.73,-113.51,0.216,2,1,4.88,-19.38,0.784,21,-47.27,-116.41,0.216,2,1,-10.57,-31.94,0.88,21,-62.72,-128.97,0.12,2,22,12.09,-0.12,0.784,21,-15.66,-67.51,0.216],"hull":25,"edges":[0,2,2,4,4,6,6,8,8,10,10,12,12,14,14,16,16,18,18,20,20,22,22,24,24,26,26,28,28,30,30,32,32,34,34,36,36,38,38,40,40,42,42,44,44,46,46,48,0,48],"width":135,"height":117}},"xiongmaotou":{"xiongmaotou":{"type":"mesh","uvs":[0.1029,0.58544,0,0.49277,0,0.20484,0.18794,0.06253,0.48883,0,0.85514,0,1,0.19492,0.91401,0.44644,1,0.61522,0.81262,0.8833,0.46267,1,0.0702,0.90315,0.37377,0.53263,0.3776,0.77713,0.38911,0.27649,0.73045,0.72279,0.71127,0.38515],"triangles":[11,13,10,10,15,9,10,13,15,11,0,13,9,15,8,0,12,13,13,12,15,12,16,15,15,7,8,15,16,7,12,0,14,12,14,16,14,0,1,14,2,3,14,1,2,7,16,6,14,4,16,16,5,6,16,4,5,14,3,4],"vertices":[1,23,31.32,28.4,1,1,23,41.27,34.57,1,1,23,64.46,27.69,1,1,23,71.37,8.97,1,1,23,69.13,-17.04,1,1,23,60.27,-46.89,1,1,23,41.07,-54.03,1,1,23,22.89,-41.01,1,1,23,7.22,-43.99,1,1,23,-9.83,-22.31,1,1,23,-10.77,9,1,1,23,6.53,38.66,1,2,21,29.93,-89.82,0.176,23,29.02,5.07,0.824,2,21,9.4,-90.14,0.176,23,9.24,10.6,0.824,2,21,51.45,-91.12,0.176,23,49.28,-2.3,0.824,2,21,13.96,-120.13,0.176,23,5.08,-19.45,0.824,2,21,42.32,-118.5,0.176,23,32.73,-25.96,0.824],"hull":12,"edges":[0,2,2,4,4,6,6,8,8,10,10,12,12,14,14,16,16,18,18,20,20,22,0,22],"width":85,"height":84}},"xiongzhang":{"xiongzhang":{"type":"mesh","uvs":[0.39666,0,0.73712,0,1,0.27934,1,0.87285,0.67092,1,0.14132,1,0,0.56468,0,0.26792,0.56689,0.59892],"triangles":[5,8,4,4,8,3,5,6,8,8,2,3,8,7,0,8,1,2,8,0,1,8,6,7],"vertices":[1,24,22.92,12.95,1,1,24,29.72,3.17,1,1,24,28.32,-9.01,1,1,24,14.19,-18.84,1,1,24,4.59,-11.49,1,1,24,-5.99,3.73,1,1,24,1.54,15,1,1,24,8.61,19.91,1,2,24,12.06,-1.86,0.864,21,-20.69,-142.89,0.136],"hull":8,"edges":[0,2,2,4,4,6,6,8,8,10,10,12,12,14,0,14],"width":35,"height":29}},"yezi":{"yezi":{"x":9.3,"y":1.9,"rotation":10.78,"width":22,"height":19}},"youer":{"youer":{"type":"mesh","uvs":[0,0,0,0.27518,0.07393,0.53336,0.28483,0.66499,0.48657,0.65993,0.58285,0.78143,0.61495,1,0.86253,1,0.90838,0.79155,0.91755,0.50805,0.75708,0.31061,0.49574,0.22455,0.33527,0.09799,0.19314,0,0.28025,0.39161,0.71582,0.55868],"triangles":[1,0,13,12,1,13,14,12,11,14,1,12,2,1,14,4,14,11,3,14,4,2,14,3,15,11,10,15,10,9,15,4,11,5,4,15,8,15,9,5,15,8,7,6,5,8,7,5],"vertices":[1,29,23.63,3.66,1,1,29,11.91,9.74,1,2,28,22.06,8.74,0.22848,29,-0.9,11.97,0.77152,3,26,8.81,23.4,0.00088,28,9.62,11.94,0.94441,29,-11.65,4.95,0.05471,3,26,8.66,12.7,0.21972,27,10.08,9.73,0.03754,28,-0.64,8.92,0.74274,3,26,2.64,7.82,0.85583,27,3.15,13.19,0.01024,28,-7.08,13.23,0.13393,2,26,-7.91,6.51,0.99966,28,-11.45,22.92,0.00034,2,26,-8.39,-6.61,0.99068,27,-14.54,17.29,0.00932,2,26,1.51,-9.41,0.75736,27,-13,7.11,0.24264,2,26,15.1,-10.39,0.02192,27,-8.3,-5.67,0.97808,2,26,24.88,-2.25,0.73993,27,3.16,-11.22,0.26007,4,26,29.52,11.44,0.07863,27,17.54,-9.8,0.54174,28,4.33,-11.38,0.22749,29,1.97,-14.7,0.15214,4,26,35.91,19.72,0.00126,27,27.72,-12.2,0.09203,28,14.12,-15.04,0.12263,29,11.28,-9.95,0.78407,3,27,36.47,-13.7,0.00441,28,22.62,-17.62,0.0042,29,18.92,-5.43,0.99139,4,27,25.08,1.95,0.00167,28,13.27,-0.67,0.62938,29,0.11,-0.87,0.22495,19,86.26,149.58,0.144,4,26,13.06,0.38,0.69018,27,0.68,0.63,0.16513,28,-11.11,1.07,0.00069,19,76.97,126.97,0.144],"hull":14,"edges":[0,2,2,4,4,6,6,8,8,10,10,12,12,14,14,16,16,18,18,20,20,22,22,24,24,26,0,26],"width":53,"height":48}},"youshou":{"youshou":{"type":"mesh","uvs":[0.75421,0,1,0.1338,1,0.33058,0.61594,0.58792,0.73117,0.83768,0.32212,1,0.19538,1,0,0.58792,0.05135,0.45547,0.2069,0.42141,0.40278,0.25868,0.50648,0,0.69084,0.20949,0.32788,0.58792,0.42582,0.81498],"triangles":[5,14,4,5,6,14,6,7,13,6,13,14,9,7,8,7,9,13,14,3,4,14,13,3,13,10,3,3,12,2,3,10,12,13,9,10,12,1,2,10,11,12,12,0,1,12,11,0],"vertices":[1,30,91.07,7.05,1,1,30,86.97,-13.94,1,1,30,69.35,-23.55,1,1,30,33.99,-13.53,1,1,30,15.32,-32.51,1,1,30,-12.34,-16.38,1,1,30,-16.4,-8.92,1,1,30,14.23,22.7,1,1,30,27.74,26.15,1,1,30,35.78,18.66,1,1,30,56.63,15.09,1,1,30,83.12,21.62,1,2,30,70.28,0.55,0.848,19,59.71,78.51,0.152,2,30,24.75,3.41,0.848,19,22.52,104.93,0.152,2,30,7.56,-13.44,0.848,19,-0.97,99.66,0.152],"hull":12,"edges":[0,2,2,4,4,6,6,8,8,10,10,12,12,14,14,16,16,18,18,20,20,22,0,22],"width":67,"height":102}},"zi":{"zi":{"x":-0.2,"y":-58.54,"width":148,"height":55}},"zuoshou":{"zuoshou":{"type":"mesh","uvs":[0.62609,0,0.41609,0.25429,0.24609,0.46143,0.42609,0.57388,0.38609,0.79286,0.58609,0.84613,1,0.66858,1,0.49694,0.89609,0.39633,1,0.16552,0.86609,0,0.58609,0.44368,0.71609,0.62715,0.73609,0.19511],"triangles":[13,0,10,13,10,9,1,0,13,8,13,9,11,1,13,11,13,8,3,2,1,11,3,1,12,11,8,12,8,7,3,11,12,12,7,6,5,4,3,12,5,3,5,12,6],"vertices":[1,31,-7.39,-5.29,1,1,31,6.43,-6.55,1,1,31,17.67,-7.54,1,1,31,20.96,-0.7,1,1,31,31.4,2.03,1,1,31,31.77,8.38,1,1,31,19.37,16.5,1,1,31,11.51,13.51,1,1,31,7.97,8.94,1,1,31,-3.67,7.73,1,1,31,-9.86,1.21,1,2,31,13.34,1.36,0.856,19,-16.86,149.15,0.144,2,31,20.4,8.09,0.856,19,-26.05,145.89,0.144,2,31,0.41,1.09,0.856,19,-4.94,144.13,0.144],"hull":11,"edges":[0,2,2,4,4,6,6,8,8,10,10,12,12,14,14,16,16,18,18,20,0,20],"width":29,"height":49}}}},"animations":{"animation":{"bones":{"root":{"rotate":[{"time":0,"angle":0,"curve":"stepped"},{"time":1.5,"angle":0,"curve":"stepped"},{"time":3,"angle":0}],"translate":[{"time":0,"x":0,"y":0,"curve":"stepped"},{"time":1.5,"x":0,"y":0,"curve":"stepped"},{"time":3,"x":0,"y":0}],"scale":[{"time":0,"x":1,"y":1,"curve":"stepped"},{"time":1.5,"x":1,"y":1,"curve":"stepped"},{"time":3,"x":1,"y":1}],"shear":[{"time":0,"x":0,"y":0,"curve":"stepped"},{"time":1.5,"x":0,"y":0,"curve":"stepped"},{"time":3,"x":0,"y":0}]},"tuzi":{"rotate":[{"time":0,"angle":0,"curve":"stepped"},{"time":1.5,"angle":0,"curve":"stepped"},{"time":3,"angle":0}],"translate":[{"time":0,"x":0,"y":0,"curve":"stepped"},{"time":1.5,"x":0,"y":0,"curve":"stepped"},{"time":3,"x":0,"y":0}],"scale":[{"time":0,"x":1,"y":1},{"time":1.5,"x":1.025,"y":1},{"time":3,"x":1,"y":1}],"shear":[{"time":0,"x":0,"y":0,"curve":"stepped"},{"time":1.5,"x":0,"y":0,"curve":"stepped"},{"time":3,"x":0,"y":0}]},"tuzi3":{"rotate":[{"time":0,"angle":-0.42},{"time":0.5667,"angle":-1.13},{"time":2.0667,"angle":0.91},{"time":2.8,"angle":0},{"time":3,"angle":-0.42}],"translate":[{"time":0,"x":0,"y":0,"curve":"stepped"},{"time":1.3,"x":0,"y":0,"curve":"stepped"},{"time":2.8,"x":0,"y":0,"curve":"stepped"},{"time":3,"x":0,"y":0}],"scale":[{"time":0,"x":1,"y":1,"curve":"stepped"},{"time":1.3,"x":1,"y":1,"curve":"stepped"},{"time":2.8,"x":1,"y":1,"curve":"stepped"},{"time":3,"x":1,"y":1}],"shear":[{"time":0,"x":0,"y":0,"curve":"stepped"},{"time":1.3,"x":0,"y":0,"curve":"stepped"},{"time":2.8,"x":0,"y":0,"curve":"stepped"},{"time":3,"x":0,"y":0}]},"tou":{"rotate":[{"time":0,"angle":0},{"time":0.5667,"angle":-1.92},{"time":0.7667,"angle":-2.86},{"time":1.5,"angle":-1.14},{"time":2.0667,"angle":0.27},{"time":2.2667,"angle":1.09},{"time":3,"angle":0}],"translate":[{"time":0,"x":0,"y":0,"curve":"stepped"},{"time":1.5,"x":0,"y":0,"curve":"stepped"},{"time":3,"x":0,"y":0}],"scale":[{"time":0,"x":1,"y":1,"curve":"stepped"},{"time":1.5,"x":1,"y":1,"curve":"stepped"},{"time":3,"x":1,"y":1}],"shear":[{"time":0,"x":0,"y":0,"curve":"stepped"},{"time":1.5,"x":0,"y":0,"curve":"stepped"},{"time":3,"x":0,"y":0}]},"youshou":{"rotate":[{"time":0,"angle":1.77},{"time":0.3667,"angle":0},{"time":1.1333,"angle":-4.56,"curve":"stepped"},{"time":1.2333,"angle":-4.56},{"time":1.8667,"angle":0},{"time":2.6333,"angle":3.54,"curve":"stepped"},{"time":2.7333,"angle":3.54},{"time":3,"angle":1.77}],"translate":[{"time":0,"x":0,"y":0,"curve":"stepped"},{"time":0.3667,"x":0,"y":0,"curve":"stepped"},{"time":1.8667,"x":0,"y":0,"curve":"stepped"},{"time":3,"x":0,"y":0}],"scale":[{"time":0,"x":1,"y":1,"curve":"stepped"},{"time":0.3667,"x":1,"y":1,"curve":"stepped"},{"time":1.8667,"x":1,"y":1,"curve":"stepped"},{"time":3,"x":1,"y":1}],"shear":[{"time":0,"x":0,"y":0,"curve":"stepped"},{"time":0.3667,"x":0,"y":0,"curve":"stepped"},{"time":1.8667,"x":0,"y":0,"curve":"stepped"},{"time":3,"x":0,"y":0}]},"zuoshou":{"rotate":[{"time":0,"angle":0,"curve":"stepped"},{"time":1.5,"angle":0,"curve":"stepped"},{"time":3,"angle":0}],"translate":[{"time":0,"x":0,"y":0,"curve":"stepped"},{"time":1.5,"x":0,"y":0,"curve":"stepped"},{"time":3,"x":0,"y":0}],"scale":[{"time":0,"x":1,"y":1,"curve":"stepped"},{"time":1.5,"x":1,"y":1,"curve":"stepped"},{"time":3,"x":1,"y":1}],"shear":[{"time":0,"x":0,"y":0,"curve":"stepped"},{"time":1.5,"x":0,"y":0,"curve":"stepped"},{"time":3,"x":0,"y":0}]},"zuoshou3":{"rotate":[{"time":0,"angle":0,"curve":"stepped"},{"time":1.5,"angle":0,"curve":"stepped"},{"time":3,"angle":0}],"translate":[{"time":0,"x":0,"y":0,"curve":"stepped"},{"time":1.5,"x":0,"y":0,"curve":"stepped"},{"time":3,"x":0,"y":0}],"scale":[{"time":0,"x":1,"y":1,"curve":"stepped"},{"time":1.5,"x":1,"y":1,"curve":"stepped"},{"time":3,"x":1,"y":1}],"shear":[{"time":0,"x":0,"y":0,"curve":"stepped"},{"time":1.5,"x":0,"y":0,"curve":"stepped"},{"time":3,"x":0,"y":0}]},"weiba":{"rotate":[{"time":0,"angle":0},{"time":1.5,"angle":11.84},{"time":3,"angle":0}],"translate":[{"time":0,"x":0,"y":0,"curve":"stepped"},{"time":1.5,"x":0,"y":0,"curve":"stepped"},{"time":3,"x":0,"y":0}],"scale":[{"time":0,"x":1,"y":1,"curve":"stepped"},{"time":1.5,"x":1,"y":1,"curve":"stepped"},{"time":3,"x":1,"y":1}],"shear":[{"time":0,"x":0,"y":0},{"time":1.5,"x":8.91,"y":5.35},{"time":3,"x":0,"y":0}]},"mao":{"rotate":[{"time":0,"angle":1.41},{"time":0.7667,"angle":0},{"time":2.2667,"angle":2.82},{"time":3,"angle":1.41}],"translate":[{"time":0,"x":0,"y":0,"curve":"stepped"},{"time":0.7667,"x":0,"y":0,"curve":"stepped"},{"time":2.2667,"x":0,"y":0,"curve":"stepped"},{"time":3,"x":0,"y":0}],"scale":[{"time":0,"x":1,"y":1,"curve":"stepped"},{"time":0.7667,"x":1,"y":1,"curve":"stepped"},{"time":2.2667,"x":1,"y":1,"curve":"stepped"},{"time":3,"x":1,"y":1}],"shear":[{"time":0,"x":0,"y":0,"curve":"stepped"},{"time":0.7667,"x":0,"y":0,"curve":"stepped"},{"time":2.2667,"x":0,"y":0,"curve":"stepped"},{"time":3,"x":0,"y":0}]},"mao3":{"rotate":[{"time":0,"angle":1.76},{"time":0.7667,"angle":0.35},{"time":0.9333,"angle":0},{"time":2.4333,"angle":2.82},{"time":3,"angle":1.76}],"translate":[{"time":0,"x":0,"y":0,"curve":"stepped"},{"time":0.7667,"x":0,"y":0,"curve":"stepped"},{"time":0.9333,"x":0,"y":0,"curve":"stepped"},{"time":2.4333,"x":0,"y":0,"curve":"stepped"},{"time":3,"x":0,"y":0}],"scale":[{"time":0,"x":1,"y":1,"curve":"stepped"},{"time":0.7667,"x":1,"y":1,"curve":"stepped"},{"time":0.9333,"x":1,"y":1,"curve":"stepped"},{"time":2.4333,"x":1,"y":1,"curve":"stepped"},{"time":3,"x":1,"y":1}],"shear":[{"time":0,"x":0,"y":0,"curve":"stepped"},{"time":0.7667,"x":0,"y":0,"curve":"stepped"},{"time":0.9333,"x":0,"y":0,"curve":"stepped"},{"time":2.4333,"x":0,"y":0,"curve":"stepped"},{"time":3,"x":0,"y":0}]},"mao2":{"rotate":[{"time":0,"angle":-4.91},{"time":0.7667,"angle":-20.38},{"time":0.9333,"angle":-24.25},{"time":1.1333,"angle":-28.12},{"time":2.6333,"angle":2.82},{"time":3,"angle":-4.91}],"translate":[{"time":0,"x":0,"y":0,"curve":"stepped"},{"time":0.7667,"x":0,"y":0,"curve":"stepped"},{"time":0.9333,"x":0,"y":0,"curve":"stepped"},{"time":1.1333,"x":0,"y":0,"curve":"stepped"},{"time":2.6333,"x":0,"y":0,"curve":"stepped"},{"time":3,"x":0,"y":0}],"scale":[{"time":0,"x":1,"y":1,"curve":"stepped"},{"time":0.7667,"x":1,"y":1,"curve":"stepped"},{"time":0.9333,"x":1,"y":1,"curve":"stepped"},{"time":1.1333,"x":1,"y":1,"curve":"stepped"},{"time":2.6333,"x":1,"y":1,"curve":"stepped"},{"time":3,"x":1,"y":1}],"shear":[{"time":0,"x":0,"y":0,"curve":"stepped"},{"time":0.7667,"x":0,"y":0,"curve":"stepped"},{"time":0.9333,"x":0,"y":0,"curve":"stepped"},{"time":1.1333,"x":0,"y":0,"curve":"stepped"},{"time":2.6333,"x":0,"y":0,"curve":"stepped"},{"time":3,"x":0,"y":0}]},"youer":{"rotate":[{"time":0,"angle":0.94},{"time":1.5,"angle":-6.56},{"time":3,"angle":0.94}],"translate":[{"time":0,"x":0,"y":0,"curve":"stepped"},{"time":3,"x":0,"y":0}],"scale":[{"time":0,"x":1,"y":1,"curve":"stepped"},{"time":3,"x":1,"y":1}],"shear":[{"time":0,"x":0,"y":0,"curve":"stepped"},{"time":3,"x":0,"y":0}]},"youer3":{"rotate":[{"time":0,"angle":1.28},{"time":0.1667,"angle":1.41},{"time":1.6667,"angle":0.25},{"time":3,"angle":1.28}],"translate":[{"time":0,"x":0,"y":0,"curve":"stepped"},{"time":0.1667,"x":0,"y":0,"curve":"stepped"},{"time":3,"x":0,"y":0}],"scale":[{"time":0,"x":1,"y":1,"curve":"stepped"},{"time":0.1667,"x":1,"y":1,"curve":"stepped"},{"time":3,"x":1,"y":1}],"shear":[{"time":0,"x":0,"y":0,"curve":"stepped"},{"time":0.1667,"x":0,"y":0,"curve":"stepped"},{"time":3,"x":0,"y":0}]},"youer2":{"rotate":[{"time":0,"angle":6.08},{"time":0.1667,"angle":7.17},{"time":0.3333,"angle":8.26},{"time":1.8333,"angle":-1.54},{"time":3,"angle":6.08}],"translate":[{"time":0,"x":0,"y":0,"curve":"stepped"},{"time":0.1667,"x":0,"y":0,"curve":"stepped"},{"time":0.3333,"x":0,"y":0,"curve":"stepped"},{"time":3,"x":0,"y":0}],"scale":[{"time":0,"x":1,"y":1,"curve":"stepped"},{"time":0.1667,"x":1,"y":1,"curve":"stepped"},{"time":0.3333,"x":1,"y":1,"curve":"stepped"},{"time":3,"x":1,"y":1}],"shear":[{"time":0,"x":0,"y":0,"curve":"stepped"},{"time":0.1667,"x":0,"y":0,"curve":"stepped"},{"time":0.3333,"x":0,"y":0,"curve":"stepped"},{"time":3,"x":0,"y":0}]},"youer5":{"rotate":[{"time":0,"angle":65.24},{"time":0.1667,"angle":67.09},{"time":0.3333,"angle":68.93},{"time":0.5,"angle":70.77},{"time":2,"angle":54.18},{"time":3,"angle":65.24}],"translate":[{"time":0,"x":0,"y":0,"curve":"stepped"},{"time":0.1667,"x":0,"y":0,"curve":"stepped"},{"time":0.3333,"x":0,"y":0,"curve":"stepped"},{"time":0.5,"x":0,"y":0,"curve":"stepped"},{"time":3,"x":0,"y":0}],"scale":[{"time":0,"x":1,"y":1,"curve":"stepped"},{"time":0.1667,"x":1,"y":1,"curve":"stepped"},{"time":0.3333,"x":1,"y":1,"curve":"stepped"},{"time":0.5,"x":1,"y":1,"curve":"stepped"},{"time":3,"x":1,"y":1}],"shear":[{"time":0,"x":0,"y":0,"curve":"stepped"},{"time":0.1667,"x":0,"y":0,"curve":"stepped"},{"time":0.3333,"x":0,"y":0,"curve":"stepped"},{"time":0.5,"x":0,"y":0,"curve":"stepped"},{"time":3,"x":0,"y":0}]},"xiong":{"rotate":[{"time":0,"angle":0,"curve":"stepped"},{"time":0.2,"angle":0},{"time":1.5,"angle":-0.78,"curve":"stepped"},{"time":1.7,"angle":-0.78},{"time":3,"angle":0}],"translate":[{"time":0,"x":0,"y":0,"curve":"stepped"},{"time":0.2,"x":0,"y":0,"curve":"stepped"},{"time":1.5,"x":0,"y":0,"curve":"stepped"},{"time":1.7,"x":0,"y":0,"curve":"stepped"},{"time":3,"x":0,"y":0}],"scale":[{"time":0,"x":1,"y":1,"curve":"stepped"},{"time":0.2,"x":1,"y":1},{"time":1.5,"x":1.028,"y":1,"curve":"stepped"},{"time":1.7,"x":1.028,"y":1},{"time":3,"x":1,"y":1}],"shear":[{"time":0,"x":0,"y":0,"curve":"stepped"},{"time":0.2,"x":0,"y":0,"curve":"stepped"},{"time":1.5,"x":0,"y":0,"curve":"stepped"},{"time":1.7,"x":0,"y":0,"curve":"stepped"},{"time":3,"x":0,"y":0}]},"xiongmaotou":{"rotate":[{"time":0,"angle":0},{"time":0.5667,"angle":2.6},{"time":1.5,"angle":0},{"time":2.0667,"angle":-2.08},{"time":3,"angle":0}],"translate":[{"time":0,"x":0,"y":0},{"time":0.5667,"x":-1.29,"y":-0.01},{"time":1.5,"x":0,"y":0},{"time":2.0667,"x":1.27,"y":0.01},{"time":3,"x":0,"y":0}],"scale":[{"time":0,"x":1,"y":1,"curve":"stepped"},{"time":1.5,"x":1,"y":1,"curve":"stepped"},{"time":3,"x":1,"y":1}],"shear":[{"time":0,"x":0,"y":0,"curve":"stepped"},{"time":1.5,"x":0,"y":0,"curve":"stepped"},{"time":3,"x":0,"y":0}]},"xiong3":{"rotate":[{"time":0,"angle":0},{"time":1.5,"angle":5.66},{"time":3,"angle":0}],"translate":[{"time":0,"x":0,"y":0},{"time":1.5,"x":0.02,"y":-1.71},{"time":3,"x":0,"y":0}],"scale":[{"time":0,"x":1,"y":1,"curve":"stepped"},{"time":1.5,"x":1,"y":1,"curve":"stepped"},{"time":3,"x":1,"y":1}],"shear":[{"time":0,"x":0,"y":0,"curve":"stepped"},{"time":1.5,"x":0,"y":0,"curve":"stepped"},{"time":3,"x":0,"y":0}]},"xiongzhang":{"rotate":[{"time":0,"angle":0},{"time":1.5,"angle":-2.42},{"time":3,"angle":0}],"translate":[{"time":0,"x":0,"y":0},{"time":1.5,"x":-0.02,"y":1.71},{"time":3,"x":0,"y":0}],"scale":[{"time":0,"x":1,"y":1,"curve":"stepped"},{"time":1.5,"x":1,"y":1,"curve":"stepped"},{"time":3,"x":1,"y":1}],"shear":[{"time":0,"x":0,"y":0,"curve":"stepped"},{"time":1.5,"x":0,"y":0,"curve":"stepped"},{"time":3,"x":0,"y":0}]},"honglingjin":{"rotate":[{"time":0,"angle":-1.36},{"time":1.5,"angle":0},{"time":3,"angle":-1.36}],"translate":[{"time":0,"x":0,"y":0,"curve":"stepped"},{"time":1.5,"x":0,"y":0,"curve":"stepped"},{"time":3,"x":0,"y":0}],"scale":[{"time":0,"x":1,"y":1,"curve":"stepped"},{"time":1.5,"x":1,"y":1,"curve":"stepped"},{"time":3,"x":1,"y":1}],"shear":[{"time":0,"x":0,"y":0,"curve":"stepped"},{"time":1.5,"x":0,"y":0,"curve":"stepped"},{"time":3,"x":0,"y":0}]},"honglingjin3":{"rotate":[{"time":0,"angle":-0.61},{"time":0.2,"angle":1.7},{"time":1.7,"angle":-16.78},{"time":3,"angle":-0.61}],"translate":[{"time":0,"x":0,"y":0,"curve":"stepped"},{"time":0.2,"x":0,"y":0,"curve":"stepped"},{"time":1.7,"x":0,"y":0,"curve":"stepped"},{"time":3,"x":0,"y":0}],"scale":[{"time":0,"x":1,"y":1,"curve":"stepped"},{"time":0.2,"x":1,"y":1,"curve":"stepped"},{"time":1.7,"x":1,"y":1,"curve":"stepped"},{"time":3,"x":1,"y":1}],"shear":[{"time":0,"x":0,"y":0,"curve":"stepped"},{"time":0.2,"x":0,"y":0,"curve":"stepped"},{"time":1.7,"x":0,"y":0,"curve":"stepped"},{"time":3,"x":0,"y":0}]},"honglingjin2":{"rotate":[{"time":0,"angle":52.21},{"time":0.2,"angle":55.57},{"time":0.3667,"angle":58.94},{"time":1.8667,"angle":32},{"time":3,"angle":52.21}],"translate":[{"time":0,"x":0,"y":0,"curve":"stepped"},{"time":0.2,"x":0,"y":0,"curve":"stepped"},{"time":0.3667,"x":0,"y":0,"curve":"stepped"},{"time":1.8667,"x":0,"y":0,"curve":"stepped"},{"time":3,"x":0,"y":0}],"scale":[{"time":0,"x":1,"y":1,"curve":"stepped"},{"time":0.2,"x":1,"y":1,"curve":"stepped"},{"time":0.3667,"x":1,"y":1,"curve":"stepped"},{"time":1.8667,"x":1,"y":1,"curve":"stepped"},{"time":3,"x":1,"y":1}],"shear":[{"time":0,"x":0,"y":0,"curve":"stepped"},{"time":0.2,"x":0,"y":0,"curve":"stepped"},{"time":0.3667,"x":0,"y":0,"curve":"stepped"},{"time":1.8667,"x":0,"y":0,"curve":"stepped"},{"time":3,"x":0,"y":0}]},"piaodai":{"rotate":[{"time":0,"angle":35.87},{"time":1.5,"angle":49.98},{"time":3,"angle":35.87}],"translate":[{"time":0,"x":0,"y":0,"curve":"stepped"},{"time":1.5,"x":0,"y":0,"curve":"stepped"},{"time":3,"x":0,"y":0}],"scale":[{"time":0,"x":1,"y":1,"curve":"stepped"},{"time":1.5,"x":1,"y":1,"curve":"stepped"},{"time":3,"x":1,"y":1}],"shear":[{"time":0,"x":0,"y":0,"curve":"stepped"},{"time":1.5,"x":0,"y":0,"curve":"stepped"},{"time":3,"x":0,"y":0}]},"piaodai3":{"rotate":[{"time":0,"angle":-73.66},{"time":0.2,"angle":-75.42},{"time":1.7,"angle":-61.31},{"time":3,"angle":-73.66}],"translate":[{"time":0,"x":0,"y":0,"curve":"stepped"},{"time":0.2,"x":0,"y":0,"curve":"stepped"},{"time":1.7,"x":0,"y":0,"curve":"stepped"},{"time":3,"x":0,"y":0}],"scale":[{"time":0,"x":1,"y":1,"curve":"stepped"},{"time":0.2,"x":1,"y":1,"curve":"stepped"},{"time":1.7,"x":1,"y":1,"curve":"stepped"},{"time":3,"x":1,"y":1}],"shear":[{"time":0,"x":0,"y":0,"curve":"stepped"},{"time":0.2,"x":0,"y":0,"curve":"stepped"},{"time":1.7,"x":0,"y":0,"curve":"stepped"},{"time":3,"x":0,"y":0}]},"piaodai2":{"rotate":[{"time":0,"angle":-11.48},{"time":0.2,"angle":-13.24},{"time":0.3667,"angle":-15.01},{"time":1.8667,"angle":-0.89},{"time":3,"angle":-11.48}],"translate":[{"time":0,"x":0,"y":0,"curve":"stepped"},{"time":0.2,"x":0,"y":0,"curve":"stepped"},{"time":0.3667,"x":0,"y":0,"curve":"stepped"},{"time":1.8667,"x":0,"y":0,"curve":"stepped"},{"time":3,"x":0,"y":0}],"scale":[{"time":0,"x":1,"y":1,"curve":"stepped"},{"time":0.2,"x":1,"y":1,"curve":"stepped"},{"time":0.3667,"x":1,"y":1,"curve":"stepped"},{"time":1.8667,"x":1,"y":1,"curve":"stepped"},{"time":3,"x":1,"y":1}],"shear":[{"time":0,"x":0,"y":0,"curve":"stepped"},{"time":0.2,"x":0,"y":0,"curve":"stepped"},{"time":0.3667,"x":0,"y":0,"curve":"stepped"},{"time":1.8667,"x":0,"y":0,"curve":"stepped"},{"time":3,"x":0,"y":0}]},"piaodai5":{"rotate":[{"time":0,"angle":38.41},{"time":0.2,"angle":36.65},{"time":0.3667,"angle":34.88},{"time":0.5667,"angle":33.12},{"time":2.0667,"angle":47.23},{"time":3,"angle":38.41}],"translate":[{"time":0,"x":0,"y":0,"curve":"stepped"},{"time":0.2,"x":0,"y":0,"curve":"stepped"},{"time":0.3667,"x":0,"y":0,"curve":"stepped"},{"time":0.5667,"x":0,"y":0,"curve":"stepped"},{"time":2.0667,"x":0,"y":0,"curve":"stepped"},{"time":3,"x":0,"y":0}],"scale":[{"time":0,"x":1,"y":1,"curve":"stepped"},{"time":0.2,"x":1,"y":1,"curve":"stepped"},{"time":0.3667,"x":1,"y":1,"curve":"stepped"},{"time":0.5667,"x":1,"y":1,"curve":"stepped"},{"time":2.0667,"x":1,"y":1,"curve":"stepped"},{"time":3,"x":1,"y":1}],"shear":[{"time":0,"x":0,"y":0,"curve":"stepped"},{"time":0.2,"x":0,"y":0,"curve":"stepped"},{"time":0.3667,"x":0,"y":0,"curve":"stepped"},{"time":0.5667,"x":0,"y":0,"curve":"stepped"},{"time":2.0667,"x":0,"y":0,"curve":"stepped"},{"time":3,"x":0,"y":0}]},"xiong2":{"rotate":[{"time":0,"angle":0},{"time":0.5667,"angle":-3.31},{"time":0.7667,"angle":-3.68},{"time":1.5,"angle":0},{"time":2.0667,"angle":1.62},{"time":2.2667,"angle":1.8},{"time":3,"angle":0}],"translate":[{"time":0,"x":0,"y":0},{"time":0.5667,"x":-3.13,"y":-0.02},{"time":0.7667,"x":-3.48,"y":-0.02},{"time":1.5,"x":0,"y":0},{"time":2.0667,"x":3.57,"y":0.03},{"time":2.2667,"x":3.96,"y":0.03},{"time":3,"x":0,"y":0}],"scale":[{"time":0,"x":1,"y":1,"curve":"stepped"},{"time":0.5667,"x":1,"y":1,"curve":"stepped"},{"time":0.7667,"x":1,"y":1,"curve":"stepped"},{"time":1.5,"x":1,"y":1,"curve":"stepped"},{"time":2.0667,"x":1,"y":1,"curve":"stepped"},{"time":2.2667,"x":1,"y":1,"curve":"stepped"},{"time":3,"x":1,"y":1}],"shear":[{"time":0,"x":0,"y":0,"curve":"stepped"},{"time":0.5667,"x":0,"y":0,"curve":"stepped"},{"time":0.7667,"x":0,"y":0,"curve":"stepped"},{"time":1.5,"x":0,"y":0,"curve":"stepped"},{"time":2.0667,"x":0,"y":0,"curve":"stepped"},{"time":2.2667,"x":0,"y":0,"curve":"stepped"},{"time":3,"x":0,"y":0}]},"tuzi2":{"rotate":[{"time":0,"angle":0,"curve":"stepped"},{"time":1.5,"angle":0,"curve":"stepped"},{"time":3,"angle":0}],"translate":[{"time":0,"x":0,"y":0},{"time":0.7667,"x":-0.33,"y":-5.92},{"time":0.9333,"x":-0.35,"y":-6.46},{"time":1.5,"x":0,"y":0},{"time":2.2667,"x":0.49,"y":8.89},{"time":2.4333,"x":0.58,"y":10.48},{"time":3,"x":0,"y":0}],"scale":[{"time":0,"x":1,"y":1,"curve":"stepped"},{"time":1.5,"x":1,"y":1,"curve":"stepped"},{"time":3,"x":1,"y":1}],"shear":[{"time":0,"x":0,"y":0,"curve":"stepped"},{"time":1.5,"x":0,"y":0,"curve":"stepped"},{"time":3,"x":0,"y":0}]},"tou3":{"rotate":[{"time":0,"angle":-5.61},{"time":1.5,"angle":-16.43},{"time":3,"angle":-5.61}],"translate":[{"time":0,"x":0,"y":0,"curve":"stepped"},{"time":3,"x":0,"y":0}],"scale":[{"time":0,"x":1,"y":1,"curve":"stepped"},{"time":3,"x":1,"y":1}],"shear":[{"time":0,"x":0,"y":0,"curve":"stepped"},{"time":3,"x":0,"y":0}]},"tou4":{"rotate":[{"time":0,"angle":29.21},{"time":0.1667,"angle":30.74},{"time":0.3333,"angle":32.28},{"time":0.5,"angle":33.81},{"time":2,"angle":20},{"time":3,"angle":29.21}],"translate":[{"time":0,"x":0,"y":0,"curve":"stepped"},{"time":0.1667,"x":0,"y":0,"curve":"stepped"},{"time":0.3333,"x":0,"y":0,"curve":"stepped"},{"time":0.5,"x":0,"y":0,"curve":"stepped"},{"time":3,"x":0,"y":0}],"scale":[{"time":0,"x":1,"y":1,"curve":"stepped"},{"time":0.1667,"x":1,"y":1,"curve":"stepped"},{"time":0.3333,"x":1,"y":1,"curve":"stepped"},{"time":0.5,"x":1,"y":1,"curve":"stepped"},{"time":3,"x":1,"y":1}],"shear":[{"time":0,"x":0,"y":0,"curve":"stepped"},{"time":0.1667,"x":0,"y":0,"curve":"stepped"},{"time":0.3333,"x":0,"y":0,"curve":"stepped"},{"time":0.5,"x":0,"y":0,"curve":"stepped"},{"time":3,"x":0,"y":0}]},"tou5":{"rotate":[{"time":0,"angle":31.94},{"time":0.1667,"angle":32.88},{"time":0.3333,"angle":33.81},{"time":1.8333,"angle":25.38},{"time":3,"angle":31.94}],"translate":[{"time":0,"x":0,"y":0,"curve":"stepped"},{"time":0.1667,"x":0,"y":0,"curve":"stepped"},{"time":0.3333,"x":0,"y":0,"curve":"stepped"},{"time":3,"x":0,"y":0}],"scale":[{"time":0,"x":1,"y":1,"curve":"stepped"},{"time":0.1667,"x":1,"y":1,"curve":"stepped"},{"time":0.3333,"x":1,"y":1,"curve":"stepped"},{"time":3,"x":1,"y":1}],"shear":[{"time":0,"x":0,"y":0,"curve":"stepped"},{"time":0.1667,"x":0,"y":0,"curve":"stepped"},{"time":0.3333,"x":0,"y":0,"curve":"stepped"},{"time":3,"x":0,"y":0}]},"tou2":{"rotate":[{"time":0,"angle":-6.55},{"time":0.1667,"angle":-5.61},{"time":1.6667,"angle":-14.04},{"time":3,"angle":-6.55}],"translate":[{"time":0,"x":0,"y":0,"curve":"stepped"},{"time":0.1667,"x":0,"y":0,"curve":"stepped"},{"time":3,"x":0,"y":0}],"scale":[{"time":0,"x":1,"y":1,"curve":"stepped"},{"time":0.1667,"x":1,"y":1,"curve":"stepped"},{"time":3,"x":1,"y":1}],"shear":[{"time":0,"x":0,"y":0,"curve":"stepped"},{"time":0.1667,"x":0,"y":0,"curve":"stepped"},{"time":3,"x":0,"y":0}]},"yezi":{"rotate":[{"time":0,"angle":-0.89},{"time":0.3333,"angle":0.37},{"time":1.5,"angle":-10.65},{"time":1.8333,"angle":-12.21},{"time":3,"angle":-0.89}],"translate":[{"time":0,"x":0,"y":0,"curve":"stepped"},{"time":1.5,"x":0,"y":0,"curve":"stepped"},{"time":3,"x":0,"y":0}],"scale":[{"time":0,"x":1,"y":1,"curve":"stepped"},{"time":1.5,"x":1,"y":1,"curve":"stepped"},{"time":3,"x":1,"y":1}],"shear":[{"time":0,"x":0,"y":0,"curve":"stepped"},{"time":1.5,"x":0,"y":0,"curve":"stepped"},{"time":3,"x":0,"y":0}]}}}}},"_atlasText":"\nsenlin.png\nsize: 512,512\nformat: RGBA8888\nfilter: Linear,Linear\nrepeat: none\n1\n  rotate: false\n  xy: 152, 134\n  size: 64, 55\n  orig: 64, 55\n  offset: 0, 0\n  index: -1\n2\n  rotate: false\n  xy: 158, 51\n  size: 75, 81\n  orig: 75, 81\n  offset: 0, 0\n  index: -1\n3\n  rotate: true\n  xy: 158, 2\n  size: 47, 51\n  orig: 47, 51\n  offset: 0, 0\n  index: -1\nbj\n  rotate: false\n  xy: 2, 296\n  size: 260, 214\n  orig: 260, 214\n  offset: 0, 0\n  index: -1\nhonglingjin\n  rotate: true\n  xy: 478, 410\n  size: 49, 23\n  orig: 49, 23\n  offset: 0, 0\n  index: -1\nhudie\n  rotate: false\n  xy: 223, 223\n  size: 22, 16\n  orig: 22, 16\n  offset: 0, 0\n  index: -1\nmao\n  rotate: false\n  xy: 2, 17\n  size: 48, 29\n  orig: 48, 29\n  offset: 0, 0\n  index: -1\npiaodai\n  rotate: true\n  xy: 381, 350\n  size: 41, 16\n  orig: 41, 16\n  offset: 0, 0\n  index: -1\nshu\n  rotate: false\n  xy: 2, 191\n  size: 219, 103\n  orig: 219, 103\n  offset: 0, 0\n  index: -1\ntou\n  rotate: false\n  xy: 264, 309\n  size: 115, 82\n  orig: 115, 82\n  offset: 0, 0\n  index: -1\ntuzi\n  rotate: false\n  xy: 401, 406\n  size: 75, 104\n  orig: 75, 104\n  offset: 0, 0\n  index: -1\nweiba\n  rotate: true\n  xy: 89, 2\n  size: 26, 28\n  orig: 26, 28\n  offset: 0, 0\n  index: -1\nxiong\n  rotate: false\n  xy: 264, 393\n  size: 135, 117\n  orig: 135, 117\n  offset: 0, 0\n  index: -1\nxiongmaotou\n  rotate: false\n  xy: 2, 48\n  size: 85, 84\n  orig: 85, 84\n  offset: 0, 0\n  index: -1\nxiongzhang\n  rotate: false\n  xy: 52, 17\n  size: 35, 29\n  orig: 35, 29\n  offset: 0, 0\n  index: -1\nyezi\n  rotate: false\n  xy: 211, 30\n  size: 22, 19\n  orig: 22, 19\n  offset: 0, 0\n  index: -1\nyouer\n  rotate: true\n  xy: 223, 241\n  size: 53, 48\n  orig: 53, 48\n  offset: 0, 0\n  index: -1\nyoushou\n  rotate: false\n  xy: 89, 30\n  size: 67, 102\n  orig: 67, 102\n  offset: 0, 0\n  index: -1\nzi\n  rotate: false\n  xy: 2, 134\n  size: 148, 55\n  orig: 148, 55\n  offset: 0, 0\n  index: -1\nzuoshou\n  rotate: false\n  xy: 478, 461\n  size: 29, 49\n  orig: 29, 49\n  offset: 0, 0\n  index: -1\n","textures":[{"__uuid__":"c26/CP/NNGJ5Aa25CHcwrB"}],"textureNames":["senlin.png"]}