{"__type__":"cc.SpriteAtlas","_spriteFrames":{"mrjqj-bg":{"__uuid__":"25wgEQUmZOba9/UarJ1pic"},"tabStyle1":{"__uuid__":"e5x7Yp8fhH4aZ8HoDfkh+4"},"tabStyle2":{"__uuid__":"6auptQ4UVJdbLv9arIBXsf"},"recIcon":{"__uuid__":"ae/SRnseRJMJaWcslLGVf0"},"hd_05":{"__uuid__":"98k2ZWfaxAK44OXXo706YM"},"tab_select":{"__uuid__":"68NKw7eJdCK7bFPfA/7ZGc"},"hd_zi":{"__uuid__":"74o+Xx/qBNib3Q0FVEgup9"},"rule":{"__uuid__":"c0cDYYQ6ZL3rRltnfeilbG"},"点击领取":{"__uuid__":"8213FDAPRB/69o8JlJuOdj"},"heartIcon":{"__uuid__":"7dwKItL3JFE76cbPSRFtte"},"closeIcon":{"__uuid__":"e2l/k+XopHY7oqjLlTJI8J"},"cjjyz-bg":{"__uuid__":"44W6NkiUJFL66qk+bqN5Ox"},"tabStyle3":{"__uuid__":"f2cj5yB29M+oKEWDbhIUiv"},"tab_default":{"__uuid__":"c4NoxDPoBApoTEEula5oa7"},"ljlq":{"__uuid__":"34Ko/vUNJEi5nlUcf5V0yy"},"zwjl":{"__uuid__":"490pROaR1HB74hfag4L0Ej"},"yilq":{"__uuid__":"dfYWMNTAxPY4HtX/Vt00TW"},"wjs":{"__uuid__":"b46q7bJWlNrooy8RRkkrJt"},"lqjjj":{"__uuid__":"f1lXE/sDlHco6FOzwhuAVx"},"zwjjj":{"__uuid__":"fahpgLBgRDIpj8ymccPLxX"},"qd":{"__uuid__":"19DXJ9GGVBobg10odZaP02"},"disableBtnBg":{"__uuid__":"88f8Wb4DhPTr4CJQaXdcTe"},"hd_01":{"__uuid__":"76vgM+nL5I2IU8Us2IzInW"},"hd_04":{"__uuid__":"2cvenlyxFJwZLHQJcmM5fg"},"hd_02":{"__uuid__":"5dnUNHKrlFy6BUcJBHVfGM"},"hd_03":{"__uuid__":"966BlnrYZHxZB9jE+OUAnq"},"ylq":{"__uuid__":"64SZMKL6BB1p6kGBfiOAs+"},"hd_06":{"__uuid__":"978rpTvQJEEqQ032SnGUm4"},"hd_011":{"__uuid__":"ea7+sZ63hNHoWu2pcYKtrL"},"jinji-bg":{"__uuid__":"a6KEgLLhZGKq5oabjMCFed"}}}