{"__type__":"sp.SkeletonData","_name":"doudizhu","skeletonJsonStr":"{\n\"skeleton\": { \"hash\": \"miRVFXmKWh7Lz+RxGnCkOzPEjYA\", \"spine\": \"3.6.53\", \"width\": 260, \"height\": 219.73, \"images\": \"./images/\" },\n\"bones\": [\n\t{ \"name\": \"root\" },\n\t{ \"name\": \"shenti\", \"parent\": \"root\", \"x\": -43.7, \"y\": -7.31 },\n\t{ \"name\": \"2\", \"parent\": \"shenti\", \"x\": 37.09, \"y\": -32.04 },\n\t{ \"name\": \"pai2\", \"parent\": \"root\", \"x\": 69.82, \"y\": 48.5 },\n\t{ \"name\": \"pai4\", \"parent\": \"pai2\", \"x\": -16.66, \"y\": -21.57 },\n\t{ \"name\": \"shenti2\", \"parent\": \"pai2\", \"length\": 15.7, \"rotation\": 123.69, \"x\": 6.26, \"y\": -6.9 },\n\t{ \"name\": \"shenti4\", \"parent\": \"shenti2\", \"length\": 9.44, \"rotation\": -161.56, \"x\": -3.89, \"y\": -9.9 },\n\t{ \"name\": \"shenti5\", \"parent\": \"shenti2\", \"length\": 10.74, \"rotation\": 173.86, \"x\": 2.2, \"y\": 11.92 },\n\t{ \"name\": \"shenti6\", \"parent\": \"shenti2\", \"length\": 12.94, \"rotation\": -116.34, \"x\": 9.55, \"y\": -11.39 },\n\t{ \"name\": \"shenti7\", \"parent\": \"shenti\", \"length\": 29.82, \"rotation\": 87.66, \"x\": 2.44, \"y\": -9.55 },\n\t{ \"name\": \"tou\", \"parent\": \"shenti7\", \"length\": 62.31, \"rotation\": 19.36, \"x\": 28.55, \"y\": 1.17 },\n\t{ \"name\": \"tou2\", \"parent\": \"shenti2\", \"length\": 40.58, \"rotation\": -20.4, \"x\": 17.08, \"y\": -0.17 },\n\t{ \"name\": \"tou4\", \"parent\": \"tou2\", \"length\": 11.22, \"rotation\": -125.54, \"x\": 11.39, \"y\": -25.28 },\n\t{ \"name\": \"youjiao\", \"parent\": \"shenti7\", \"length\": 15.02, \"rotation\": -109.03, \"x\": 0.19, \"y\": -19.46 },\n\t{ \"name\": \"youshou\", \"parent\": \"shenti7\", \"length\": 15.02, \"rotation\": -66.29, \"x\": 27.11, \"y\": -23.23 },\n\t{ \"name\": \"youshou3\", \"parent\": \"youshou\", \"length\": 14.23, \"rotation\": 48.65, \"x\": 14.57, \"y\": -1.13 },\n\t{ \"name\": \"youshou2\", \"parent\": \"youshou3\", \"length\": 35.69, \"rotation\": -25.71, \"x\": 14.23 },\n\t{ \"name\": \"zuojiao\", \"parent\": \"shenti7\", \"length\": 14.04, \"rotation\": 109.99, \"x\": -1.28, \"y\": 16.38 },\n\t{ \"name\": \"zuojiao3\", \"parent\": \"zuojiao\", \"length\": 12.52, \"rotation\": 101.4, \"x\": 12.51, \"y\": -0.79 },\n\t{ \"name\": \"zuoshou\", \"parent\": \"shenti7\", \"length\": 13.78, \"rotation\": 140.91, \"x\": 22.27, \"y\": 20.99 },\n\t{ \"name\": \"zuoshou3\", \"parent\": \"zuoshou\", \"length\": 19.54, \"rotation\": -43.22, \"x\": 14.24, \"y\": 0.4 }\n],\n\"slots\": [\n\t{ \"name\": \"bj\", \"bone\": \"root\", \"attachment\": \"bj\" },\n\t{ \"name\": \"pai2\", \"bone\": \"pai4\", \"attachment\": \"pai2\" },\n\t{ \"name\": \"shenti2\", \"bone\": \"shenti6\", \"attachment\": \"shenti2\" },\n\t{ \"name\": \"tou2\", \"bone\": \"tou4\", \"attachment\": \"tou2\" },\n\t{ \"name\": \"2\", \"bone\": \"2\", \"attachment\": \"2\" },\n\t{ \"name\": \"youshou\", \"bone\": \"youshou2\", \"attachment\": \"youshou\" },\n\t{ \"name\": \"youjiao\", \"bone\": \"youjiao\", \"attachment\": \"youjiao\" },\n\t{ \"name\": \"zuojiao\", \"bone\": \"zuojiao3\", \"attachment\": \"zuojiao\" },\n\t{ \"name\": \"zuoshou\", \"bone\": \"zuoshou3\", \"attachment\": \"zuoshou\" },\n\t{ \"name\": \"shenti\", \"bone\": \"shenti7\", \"attachment\": \"shenti\" },\n\t{ \"name\": \"tou\", \"bone\": \"tou\", \"attachment\": \"tou\" },\n\t{ \"name\": \"zi\", \"bone\": \"root\", \"attachment\": \"zi\" }\n],\n\"skins\": {\n\t\"default\": {\n\t\t\"2\": {\n\t\t\t\"2\": { \"x\": -32.39, \"y\": 14.59, \"width\": 171, \"height\": 87 }\n\t\t},\n\t\t\"bj\": {\n\t\t\t\"bj\": { \"width\": 260, \"height\": 214 }\n\t\t},\n\t\t\"pai2\": {\n\t\t\t\"pai2\": { \"x\": 17.35, \"y\": 0.3, \"width\": 108, \"height\": 51 }\n\t\t},\n\t\t\"shenti\": {\n\t\t\t\"shenti\": {\n\t\t\t\t\"type\": \"mesh\",\n\t\t\t\t\"uvs\": [ 0, 0.81463, 0.27531, 1, 0.71295, 1, 1, 0.70717, 1, 0.35997, 0.73484, 0, 0.19325, 0, 0, 0.59143, 0.4066, 0.83943, 0.41207, 0.4757, 0.49413, 0.16157, 0.7239, 0.54183, 0.15496, 0.5749 ],\n\t\t\t\t\"triangles\": [ 10, 6, 5, 9, 6, 10, 11, 10, 5, 11, 5, 4, 9, 10, 11, 12, 6, 9, 12, 7, 6, 11, 4, 3, 0, 7, 12, 8, 12, 9, 8, 9, 11, 0, 12, 8, 1, 0, 8, 2, 8, 11, 2, 11, 3, 1, 8, 2 ],\n\t\t\t\t\"vertices\": [ -2.42, 33.16, -9.99, 14.11, -8.78, -15.62, 5.18, -34.59, 20.79, -33.95, 36.24, -15.27, 34.74, 21.52, 7.61, 33.57, -2.41, 5.49, 13.96, 5.78, 28.31, 0.79, 11.85, -15.52, 8.79, 23.07 ],\n\t\t\t\t\"hull\": 8,\n\t\t\t\t\"edges\": [ 0, 2, 2, 4, 4, 6, 6, 8, 8, 10, 10, 12, 12, 14, 0, 14 ],\n\t\t\t\t\"width\": 68,\n\t\t\t\t\"height\": 45\n\t\t\t}\n\t\t},\n\t\t\"shenti2\": {\n\t\t\t\"shenti2\": {\n\t\t\t\t\"type\": \"mesh\",\n\t\t\t\t\"uvs\": [ 0, 0.47756, 0.0565, 0.61611, 0.0565, 0.81171, 0.27383, 1, 0.41872, 1, 0.44046, 0.73836, 0.59259, 0.68131, 0.7085, 0.76281, 1, 0.73836, 1, 0.55906, 0.89634, 0.55148, 0.71777, 0.30138, 0.8927, 0.30138, 0.95465, 0.10048, 0.78337, 0, 0.67039, 0.14148, 0.51003, 0.14558, 0.26586, 0.10868, 0, 0.23168, 0.41168, 0.50256, 0.27612, 0.29516, 0.21648, 0.75266, 0.72617, 0.51476, 0.8563, 0.64286, 0.32407, 0.89491, 0.81907, 0.17266, 0.54307, 0.24691 ],\n\t\t\t\t\"triangles\": [ 20, 17, 16, 18, 17, 20, 0, 18, 20, 19, 20, 26, 1, 0, 20, 19, 1, 20, 26, 22, 19, 5, 19, 6, 5, 21, 19, 25, 14, 13, 15, 14, 25, 26, 16, 15, 20, 16, 26, 11, 15, 25, 26, 15, 11, 12, 25, 13, 11, 25, 12, 22, 26, 11, 21, 1, 19, 2, 1, 21, 24, 21, 5, 3, 21, 24, 2, 21, 3, 4, 24, 5, 3, 24, 4, 10, 22, 11, 23, 22, 10, 7, 6, 22, 6, 19, 22, 23, 10, 9, 8, 23, 9, 23, 7, 22, 7, 23, 8 ],\n\t\t\t\t\"vertices\": [ 2, 7, -12.18, -4.29, 0.44427, 5, 14.76, 14.88, 0.55573, 2, 7, -6.09, -4.6, 0.79536, 5, 8.74, 15.84, 0.20464, 1, 7, 0.85, -8.22, 1, 1, 7, 12.05, -3.03, 1, 2, 7, 15.07, 2.75, 0.997, 5, -13.08, 10.8, 0.003, 3, 6, -3.48, -13.68, 0.01327, 7, 6.24, 8.46, 0.43431, 5, -4.91, 4.18, 0.55242, 3, 6, 0.52, -7.67, 0.55628, 7, 7.38, 15.58, 0.00514, 5, -6.81, -2.79, 0.43858, 2, 6, 6.64, -7.04, 0.94036, 5, -12.41, -5.32, 0.05964, 1, 6, 16.39, 1.78, 1, 1, 6, 11.99, 7.44, 1, 2, 6, 8.12, 4.82, 0.99953, 8, 13.77, -15.07, 4.7E-4, 3, 6, -4.36, 7.78, 0.22733, 8, 7.08, -4.12, 0.77068, 5, 2.71, -15.9, 0.00199, 2, 6, 1.85, 12.62, 5.0E-5, 8, 14.88, -5.13, 0.99995, 1, 8, 18.68, 2.48, 1, 1, 8, 11.55, 7.45, 1, 1, 8, 5.78, 2.49, 1, 2, 8, -1.4, 3.25, 0.89273, 5, 13.08, -11.58, 0.10727, 2, 8, -12.11, 6.12, 0.05876, 5, 20.41, -3.26, 0.94124, 2, 7, -20.9, 0.26, 0.14271, 5, 22.95, 9.43, 0.85729, 3, 6, -10.29, -7.03, 1.0E-4, 7, -2.72, 11.67, 9.9E-4, 5, 3.66, 0.02, 0.99891, 2, 7, -12.9, 10.1, 0.00414, 5, 13.94, 0.5, 0.99586, 1, 7, 2.08, -0.74, 1, 2, 6, 1.18, 1.28, 0.98238, 8, 6.36, -12.64, 0.01762, 1, 6, 8.95, 0.83, 1, 2, 7, 9.37, 0.92, 0.98966, 5, -7.22, 12.01, 0.01034, 1, 8, 12.26, 0.4, 1, 3, 6, -11.9, 4.68, 0.01758, 8, -0.44, -0.96, 0.92955, 5, 8.88, -10.57, 0.05286 ],\n\t\t\t\t\"hull\": 19,\n\t\t\t\t\"edges\": [ 0, 2, 2, 4, 4, 6, 6, 8, 8, 10, 10, 12, 12, 14, 14, 16, 16, 18, 18, 20, 20, 22, 22, 24, 24, 26, 26, 28, 28, 30, 30, 32, 32, 34, 34, 36, 0, 36 ],\n\t\t\t\t\"width\": 45,\n\t\t\t\t\"height\": 40\n\t\t\t}\n\t\t},\n\t\t\"tou\": {\n\t\t\t\"tou\": {\n\t\t\t\t\"type\": \"mesh\",\n\t\t\t\t\"uvs\": [ 0.26623, 0.92219, 0.17188, 0.92644, 0.09898, 0.82025, 0, 0.75653, 0, 0.62061, 0.07325, 0.31054, 0.15044, 0.04718, 0.28338, 0, 0.56213, 0.10665, 0.82373, 0.22983, 0.94809, 0.43372, 0.9824, 0.70981, 0.89663, 0.85423, 0.54498, 0.96042, 0.71432, 0.77096, 0.63145, 0.56816, 0.51932, 0.31707, 0.36332, 0.15773, 0.23657, 0.50539, 0.3487, 0.79993, 0.8362, 0.50539, 0.76795, 0.35087, 0.92914, 0.64129 ],\n\t\t\t\t\"triangles\": [ 17, 7, 8, 6, 7, 17, 16, 17, 8, 21, 16, 8, 9, 21, 8, 21, 9, 10, 17, 5, 6, 18, 17, 16, 18, 5, 17, 20, 21, 10, 15, 16, 21, 15, 21, 20, 18, 16, 15, 4, 5, 18, 22, 20, 10, 22, 10, 11, 2, 3, 4, 14, 15, 20, 14, 20, 22, 19, 18, 15, 19, 15, 14, 18, 2, 4, 19, 2, 18, 12, 14, 22, 12, 22, 11, 0, 2, 19, 1, 2, 0, 13, 19, 14, 0, 19, 13, 13, 14, 12 ],\n\t\t\t\t\"vertices\": [ 6.83, 31.94, 9.28, 41.45, 22.16, 45.44, 31.57, 53.33, 45.22, 49.15, 74.12, 32.33, 98.21, 16.56, 98.9, 1.89, 79.71, -22.55, 59.38, -44.78, 35.12, -50.88, 6.35, -45.81, -5.53, -32.84, -5.49, 5.4, 8.38, -17.27, 31.26, -15.26, 59.88, -11.83, 80.63, -1.21, 49.58, 22.08, 16.6, 19.98, 31.33, -37.55, 48.92, -35.51, 14.86, -42.61 ],\n\t\t\t\t\"hull\": 14,\n\t\t\t\t\"edges\": [ 0, 2, 2, 4, 4, 6, 6, 8, 8, 10, 10, 12, 12, 14, 14, 16, 16, 18, 18, 20, 20, 22, 22, 24, 24, 26, 0, 26 ],\n\t\t\t\t\"width\": 104,\n\t\t\t\t\"height\": 105\n\t\t\t}\n\t\t},\n\t\t\"tou2\": {\n\t\t\t\"tou2\": {\n\t\t\t\t\"type\": \"mesh\",\n\t\t\t\t\"uvs\": [ 0.19491, 1, 0.4578, 1, 0.73477, 0.83356, 0.95071, 0.83356, 1, 0.67756, 1, 0.47996, 0.84744, 0.43836, 0.7512, 0.15236, 0.5822, 0, 0.23012, 0, 0.01417, 0.25116, 0, 0.62556, 0.04703, 0.82836, 0.38034, 0.86996, 0.31462, 0.71916, 0.28176, 0.45396, 0.29584, 0.17836, 0.64323, 0.60476, 0.80753, 0.64636, 0.90612, 0.57876, 0.88734, 0.75036, 0.1597, 0.84396, 0.11745, 0.63596, 0.61506, 0.30316 ],\n\t\t\t\t\"triangles\": [ 16, 9, 8, 10, 9, 16, 23, 8, 7, 16, 8, 23, 15, 10, 16, 15, 16, 23, 15, 23, 17, 22, 11, 10, 15, 22, 10, 14, 15, 17, 22, 15, 14, 12, 11, 22, 21, 12, 22, 14, 21, 22, 13, 14, 17, 13, 17, 2, 21, 14, 13, 0, 21, 13, 12, 21, 0, 1, 13, 2, 0, 13, 1, 23, 7, 6, 19, 6, 5, 17, 23, 6, 18, 17, 6, 19, 18, 6, 19, 5, 4, 20, 18, 19, 20, 19, 4, 2, 17, 18, 2, 18, 20, 3, 20, 4, 2, 20, 3 ],\n\t\t\t\t\"vertices\": [ 1, 11, -3.31, 21.55, 1, 2, 12, -12.05, -32.01, 3.1E-4, 11, -7.66, 3.13, 0.99969, 2, 12, 2.32, -14.45, 0.69592, 11, -1.72, -18.77, 0.30408, 2, 12, 16.71, -8.56, 0.99845, 11, -5.29, -33.9, 0.00155, 1, 12, 16.15, 2.17, 1, 1, 12, 11.29, 14.06, 1, 2, 12, 0.1, 12.4, 0.90513, 11, 21.42, -32.57, 0.09487, 2, 12, -13.35, 26.98, 0.38095, 11, 41.1, -30.1, 0.61905, 2, 12, -28.37, 31.54, 0.15484, 11, 53.54, -20.53, 0.84516, 2, 12, -51.83, 21.94, 0.00112, 11, 59.37, 4.14, 0.99888, 1, 11, 47.05, 23.02, 1, 1, 11, 23.6, 29.61, 1, 1, 11, 10, 29.34, 1, 1, 11, 1.85, 6.61, 1, 1, 11, 12.48, 8.96, 1, 1, 11, 29.8, 7.3, 1, 2, 12, -43.06, 13, 0.00199, 11, 47, 2.2, 0.99801, 2, 12, -9.42, -3.18, 0.5867, 11, 14.27, -15.77, 0.4133, 2, 12, 2.56, -1.2, 0.99214, 11, 8.92, -26.67, 0.00786, 1, 12, 7.46, 5.55, 1, 2, 12, 10.43, -5.28, 0.99035, 11, 1.02, -30.7, 0.00965, 1, 11, 7.14, 21.68, 1, 1, 11, 21, 21.53, 1, 2, 12, -18.72, 14.2, 0.34312, 11, 33.82, -18.31, 0.65688 ],\n\t\t\t\t\"hull\": 13,\n\t\t\t\t\"edges\": [ 0, 2, 2, 4, 4, 6, 6, 8, 8, 10, 10, 12, 12, 14, 14, 16, 16, 18, 18, 20, 20, 22, 22, 24, 0, 24 ],\n\t\t\t\t\"width\": 72,\n\t\t\t\t\"height\": 65\n\t\t\t}\n\t\t},\n\t\t\"youjiao\": {\n\t\t\t\"youjiao\": {\n\t\t\t\t\"type\": \"mesh\",\n\t\t\t\t\"uvs\": [ 1, 1, 0, 1, 0, 0, 1, 0 ],\n\t\t\t\t\"triangles\": [ 1, 2, 3, 1, 3, 0 ],\n\t\t\t\t\"vertices\": [ 23.99, -0.07, -3.95, -11, -8.69, 1.11, 19.25, 12.04 ],\n\t\t\t\t\"hull\": 4,\n\t\t\t\t\"edges\": [ 0, 2, 2, 4, 4, 6, 0, 6 ],\n\t\t\t\t\"width\": 30,\n\t\t\t\t\"height\": 13\n\t\t\t}\n\t\t},\n\t\t\"youshou\": {\n\t\t\t\"youshou\": {\n\t\t\t\t\"type\": \"mesh\",\n\t\t\t\t\"uvs\": [ 0.44968, 0.533, 0.3702, 0.7145, 0.23394, 0.863, 0.28693, 0.9895, 0.60486, 0.83, 1, 0.445, 1, 0.28, 0.73355, 0, 0.66542, 0, 0.4459, 0.3955, 0.43673, 0.81071, 0.52639, 0.56693 ],\n\t\t\t\t\"triangles\": [ 3, 10, 4, 3, 2, 10, 2, 1, 10, 10, 1, 11, 6, 5, 11, 8, 7, 9, 10, 11, 4, 11, 5, 4, 1, 0, 11, 9, 7, 11, 11, 0, 9, 11, 7, 6 ],\n\t\t\t\t\"vertices\": [ 3, 16, -2.12, 7.24, 0.29478, 15, 15.46, 7.45, 0.64026, 14, 19.2, 15.4, 0.06496, 2, 15, 2.02, 10.43, 0.06725, 14, 8.08, 7.27, 0.93275, 1, 14, -7.18, 3.04, 1, 2, 15, -17.17, 11.69, 2.6E-4, 14, -5.54, -6.3, 0.99974, 2, 16, -5.07, -16.44, 0.23437, 15, 2.53, -12.61, 0.76563, 1, 16, 38.44, -24.48, 1, 1, 16, 45.81, -16.92, 1, 1, 16, 40.6, 13.21, 1, 1, 16, 36.06, 17.64, 1, 3, 16, 3.77, 13.79, 0.83888, 15, 23.61, 10.79, 0.16105, 14, 22.08, 23.72, 7.0E-5, 2, 15, -1.65, 2.51, 0.09728, 14, 11.6, -0.72, 0.90272, 2, 16, 1.47, 0.71, 0.99904, 14, 25.05, 10.77, 9.6E-4 ],\n\t\t\t\t\"hull\": 10,\n\t\t\t\t\"edges\": [ 0, 2, 2, 4, 4, 6, 6, 8, 8, 10, 10, 12, 12, 14, 14, 16, 16, 18, 0, 18 ],\n\t\t\t\t\"width\": 93,\n\t\t\t\t\"height\": 64\n\t\t\t}\n\t\t},\n\t\t\"zi\": {\n\t\t\t\"zi\": { \"y\": -55.77, \"width\": 121, \"height\": 57 }\n\t\t},\n\t\t\"zuojiao\": {\n\t\t\t\"zuojiao\": {\n\t\t\t\t\"type\": \"mesh\",\n\t\t\t\t\"uvs\": [ 0.30568, 0, 0.74543, 0, 1, 0.26788, 1, 0.62758, 0.65523, 0.69298, 0.65523, 1, 0.08016, 1, 0.15808, 0.84709, 0, 0.587, 0, 0.0923 ],\n\t\t\t\t\"triangles\": [ 7, 8, 4, 8, 0, 4, 3, 4, 2, 4, 0, 1, 4, 1, 2, 8, 9, 0, 6, 7, 5, 7, 4, 5 ],\n\t\t\t\t\"vertices\": [ 2, 18, -4.77, 6.32, 0.36623, 17, 7.26, -6.71, 0.63377, 1, 17, -4.9, -2.85, 1, 2, 18, 9.69, 21.32, 0.00199, 17, -10.31, 4.5, 0.99801, 2, 18, 15.98, 17.83, 0.03155, 17, -8.13, 11.35, 0.96845, 2, 18, 12.27, 8.45, 0.49338, 17, 1.8, 9.57, 0.50662, 2, 18, 17.64, 5.47, 0.89958, 17, 3.66, 15.42, 0.10042, 2, 18, 9.54, -9.11, 0.9961, 17, 19.55, 10.36, 0.0039, 2, 18, 7.96, -5.65, 0.90761, 17, 16.47, 8.13, 0.09239, 2, 18, 1.19, -7.13, 0.03466, 17, 19.26, 1.78, 0.96534, 2, 18, -7.46, -2.32, 0.84117, 17, 16.26, -7.64, 0.15883 ],\n\t\t\t\t\"hull\": 10,\n\t\t\t\t\"edges\": [ 0, 2, 2, 4, 4, 6, 6, 8, 8, 10, 10, 12, 12, 14, 14, 16, 16, 18, 0, 18 ],\n\t\t\t\t\"width\": 29,\n\t\t\t\t\"height\": 20\n\t\t\t}\n\t\t},\n\t\t\"zuoshou\": {\n\t\t\t\"zuoshou\": {\n\t\t\t\t\"type\": \"mesh\",\n\t\t\t\t\"uvs\": [ 0.26022, 0.70454, 0.271, 0.8577, 0.35174, 0.93764, 0.51322, 0.88677, 0.56167, 1, 0.61415, 0.90857, 0.74333, 0.82864, 0.74333, 0.69057, 0.816, 0.7487, 0.93711, 0.34177, 0.82004, 0.16737, 0.65922, 0.48047, 0.57378, 0.5307, 0.37193, 0.5307, 0.35538, 0.59913, 0.28629, 0.61126 ],\n\t\t\t\t\"triangles\": [ 11, 10, 9, 7, 11, 9, 12, 11, 7, 8, 7, 9, 3, 12, 7, 14, 1, 0, 12, 14, 13, 7, 5, 3, 3, 14, 12, 6, 5, 7, 15, 14, 0, 3, 1, 14, 3, 2, 1, 4, 3, 5 ],\n\t\t\t\t\"vertices\": [ 1, 20, 21.87, -2.35, 1, 1, 20, 21.72, 2.28, 1, 1, 20, 17.6, 5.08, 1, 1, 20, 8.78, 4.37, 1, 1, 20, 6.49, 8, 1, 1, 20, 3.41, 5.53, 1, 2, 20, -3.76, 3.8, 0.96066, 19, 14.1, 5.74, 0.03934, 2, 20, -4.14, -0.33, 0.26149, 19, 11, 3, 0.73851, 2, 20, -7.89, 1.77, 0.01771, 19, 9.71, 7.1, 0.98229, 1, 19, -3.77, 3.92, 1, 1, 19, -3.51, -4.28, 1, 2, 20, -0.21, -7.03, 0.0194, 19, 9.28, -4.58, 0.9806, 2, 20, 4.53, -5.96, 0.55303, 19, 13.46, -7.04, 0.44697, 2, 20, 15.38, -6.98, 0.99994, 19, 20.67, -15.21, 6.0E-5, 1, 20, 16.46, -5.01, 1, 1, 20, 20.21, -5, 1 ],\n\t\t\t\t\"hull\": 16,\n\t\t\t\t\"edges\": [ 0, 2, 2, 4, 4, 6, 6, 8, 8, 10, 10, 12, 12, 14, 14, 16, 16, 18, 18, 20, 20, 22, 22, 24, 24, 26, 26, 28, 28, 30, 0, 30 ],\n\t\t\t\t\"width\": 54,\n\t\t\t\t\"height\": 30\n\t\t\t}\n\t\t}\n\t}\n},\n\"animations\": {\n\t\"animation\": {\n\t\t\"bones\": {\n\t\t\t\"root\": {\n\t\t\t\t\"rotate\": [\n\t\t\t\t\t{ \"time\": 0, \"angle\": 0, \"curve\": \"stepped\" },\n\t\t\t\t\t{ \"time\": 1, \"angle\": 0, \"curve\": \"stepped\" },\n\t\t\t\t\t{ \"time\": 2, \"angle\": 0 }\n\t\t\t\t],\n\t\t\t\t\"translate\": [\n\t\t\t\t\t{ \"time\": 0, \"x\": 0, \"y\": 0, \"curve\": \"stepped\" },\n\t\t\t\t\t{ \"time\": 1, \"x\": 0, \"y\": 0, \"curve\": \"stepped\" },\n\t\t\t\t\t{ \"time\": 2, \"x\": 0, \"y\": 0 }\n\t\t\t\t],\n\t\t\t\t\"scale\": [\n\t\t\t\t\t{ \"time\": 0, \"x\": 1, \"y\": 1, \"curve\": \"stepped\" },\n\t\t\t\t\t{ \"time\": 1, \"x\": 1, \"y\": 1, \"curve\": \"stepped\" },\n\t\t\t\t\t{ \"time\": 2, \"x\": 1, \"y\": 1 }\n\t\t\t\t],\n\t\t\t\t\"shear\": [\n\t\t\t\t\t{ \"time\": 0, \"x\": 0, \"y\": 0, \"curve\": \"stepped\" },\n\t\t\t\t\t{ \"time\": 1, \"x\": 0, \"y\": 0, \"curve\": \"stepped\" },\n\t\t\t\t\t{ \"time\": 2, \"x\": 0, \"y\": 0 }\n\t\t\t\t]\n\t\t\t},\n\t\t\t\"shenti\": {\n\t\t\t\t\"rotate\": [\n\t\t\t\t\t{ \"time\": 0, \"angle\": 0 },\n\t\t\t\t\t{ \"time\": 1, \"angle\": -0.28 },\n\t\t\t\t\t{ \"time\": 2, \"angle\": 0 }\n\t\t\t\t],\n\t\t\t\t\"translate\": [\n\t\t\t\t\t{ \"time\": 0, \"x\": 0, \"y\": 0, \"curve\": \"stepped\" },\n\t\t\t\t\t{ \"time\": 0.1667, \"x\": 0, \"y\": 0 },\n\t\t\t\t\t{ \"time\": 1, \"x\": 0, \"y\": 2.41, \"curve\": \"stepped\" },\n\t\t\t\t\t{ \"time\": 1.1667, \"x\": 0, \"y\": 2.41 },\n\t\t\t\t\t{ \"time\": 2, \"x\": 0, \"y\": 0 }\n\t\t\t\t],\n\t\t\t\t\"scale\": [\n\t\t\t\t\t{ \"time\": 0, \"x\": 1, \"y\": 1, \"curve\": \"stepped\" },\n\t\t\t\t\t{ \"time\": 0.1667, \"x\": 1, \"y\": 1, \"curve\": \"stepped\" },\n\t\t\t\t\t{ \"time\": 1, \"x\": 1, \"y\": 1, \"curve\": \"stepped\" },\n\t\t\t\t\t{ \"time\": 1.1667, \"x\": 1, \"y\": 1, \"curve\": \"stepped\" },\n\t\t\t\t\t{ \"time\": 2, \"x\": 1, \"y\": 1 }\n\t\t\t\t],\n\t\t\t\t\"shear\": [\n\t\t\t\t\t{ \"time\": 0, \"x\": 0, \"y\": 0, \"curve\": \"stepped\" },\n\t\t\t\t\t{ \"time\": 0.1667, \"x\": 0, \"y\": 0, \"curve\": \"stepped\" },\n\t\t\t\t\t{ \"time\": 1, \"x\": 0, \"y\": 0, \"curve\": \"stepped\" },\n\t\t\t\t\t{ \"time\": 1.1667, \"x\": 0, \"y\": 0, \"curve\": \"stepped\" },\n\t\t\t\t\t{ \"time\": 2, \"x\": 0, \"y\": 0 }\n\t\t\t\t]\n\t\t\t},\n\t\t\t\"pai2\": {\n\t\t\t\t\"rotate\": [\n\t\t\t\t\t{ \"time\": 0, \"angle\": 0, \"curve\": \"stepped\" },\n\t\t\t\t\t{ \"time\": 0.1667, \"angle\": 0 },\n\t\t\t\t\t{ \"time\": 1, \"angle\": 1.18, \"curve\": \"stepped\" },\n\t\t\t\t\t{ \"time\": 1.1667, \"angle\": 1.18 },\n\t\t\t\t\t{ \"time\": 2, \"angle\": 0 }\n\t\t\t\t],\n\t\t\t\t\"translate\": [\n\t\t\t\t\t{ \"time\": 0, \"x\": 0, \"y\": 0, \"curve\": \"stepped\" },\n\t\t\t\t\t{ \"time\": 0.1667, \"x\": 0, \"y\": 0 },\n\t\t\t\t\t{ \"time\": 1, \"x\": 0, \"y\": -1.93, \"curve\": \"stepped\" },\n\t\t\t\t\t{ \"time\": 1.1667, \"x\": 0, \"y\": -1.93 },\n\t\t\t\t\t{ \"time\": 2, \"x\": 0, \"y\": 0 }\n\t\t\t\t],\n\t\t\t\t\"scale\": [\n\t\t\t\t\t{ \"time\": 0, \"x\": 1, \"y\": 1, \"curve\": \"stepped\" },\n\t\t\t\t\t{ \"time\": 0.1667, \"x\": 1, \"y\": 1, \"curve\": \"stepped\" },\n\t\t\t\t\t{ \"time\": 1, \"x\": 1, \"y\": 1, \"curve\": \"stepped\" },\n\t\t\t\t\t{ \"time\": 1.1667, \"x\": 1, \"y\": 1, \"curve\": \"stepped\" },\n\t\t\t\t\t{ \"time\": 2, \"x\": 1, \"y\": 1 }\n\t\t\t\t],\n\t\t\t\t\"shear\": [\n\t\t\t\t\t{ \"time\": 0, \"x\": 0, \"y\": 0, \"curve\": \"stepped\" },\n\t\t\t\t\t{ \"time\": 0.1667, \"x\": 0, \"y\": 0, \"curve\": \"stepped\" },\n\t\t\t\t\t{ \"time\": 1, \"x\": 0, \"y\": 0, \"curve\": \"stepped\" },\n\t\t\t\t\t{ \"time\": 1.1667, \"x\": 0, \"y\": 0, \"curve\": \"stepped\" },\n\t\t\t\t\t{ \"time\": 2, \"x\": 0, \"y\": 0 }\n\t\t\t\t]\n\t\t\t},\n\t\t\t\"shenti2\": {\n\t\t\t\t\"rotate\": [\n\t\t\t\t\t{ \"time\": 0, \"angle\": 0, \"curve\": \"stepped\" },\n\t\t\t\t\t{ \"time\": 0.1667, \"angle\": 0, \"curve\": \"stepped\" },\n\t\t\t\t\t{ \"time\": 2, \"angle\": 0 }\n\t\t\t\t],\n\t\t\t\t\"translate\": [\n\t\t\t\t\t{ \"time\": 0, \"x\": 0, \"y\": 0, \"curve\": \"stepped\" },\n\t\t\t\t\t{ \"time\": 0.1667, \"x\": 0, \"y\": 0 },\n\t\t\t\t\t{ \"time\": 1, \"x\": 0, \"y\": -1.81, \"curve\": \"stepped\" },\n\t\t\t\t\t{ \"time\": 1.1667, \"x\": 0, \"y\": -1.81 },\n\t\t\t\t\t{ \"time\": 2, \"x\": 0, \"y\": 0 }\n\t\t\t\t],\n\t\t\t\t\"scale\": [\n\t\t\t\t\t{ \"time\": 0, \"x\": 1, \"y\": 1, \"curve\": \"stepped\" },\n\t\t\t\t\t{ \"time\": 0.1667, \"x\": 1, \"y\": 1, \"curve\": \"stepped\" },\n\t\t\t\t\t{ \"time\": 2, \"x\": 1, \"y\": 1 }\n\t\t\t\t],\n\t\t\t\t\"shear\": [\n\t\t\t\t\t{ \"time\": 0, \"x\": 0, \"y\": 0, \"curve\": \"stepped\" },\n\t\t\t\t\t{ \"time\": 0.1667, \"x\": 0, \"y\": 0, \"curve\": \"stepped\" },\n\t\t\t\t\t{ \"time\": 2, \"x\": 0, \"y\": 0 }\n\t\t\t\t]\n\t\t\t},\n\t\t\t\"tou2\": {\n\t\t\t\t\"rotate\": [\n\t\t\t\t\t{ \"time\": 0, \"angle\": 0 },\n\t\t\t\t\t{ \"time\": 0.5, \"angle\": -1.11 },\n\t\t\t\t\t{ \"time\": 1, \"angle\": 0 },\n\t\t\t\t\t{ \"time\": 1.5, \"angle\": 2.08 },\n\t\t\t\t\t{ \"time\": 2, \"angle\": 0 }\n\t\t\t\t],\n\t\t\t\t\"translate\": [\n\t\t\t\t\t{ \"time\": 0, \"x\": 0, \"y\": 0, \"curve\": \"stepped\" },\n\t\t\t\t\t{ \"time\": 0.1667, \"x\": 0, \"y\": 0, \"curve\": \"stepped\" },\n\t\t\t\t\t{ \"time\": 1, \"x\": 0, \"y\": 0 },\n\t\t\t\t\t{ \"time\": 1.1667, \"x\": -0.5, \"y\": 0.34 },\n\t\t\t\t\t{ \"time\": 2, \"x\": 0, \"y\": 0 }\n\t\t\t\t],\n\t\t\t\t\"scale\": [\n\t\t\t\t\t{ \"time\": 0, \"x\": 1, \"y\": 1, \"curve\": \"stepped\" },\n\t\t\t\t\t{ \"time\": 1, \"x\": 1, \"y\": 1, \"curve\": \"stepped\" },\n\t\t\t\t\t{ \"time\": 2, \"x\": 1, \"y\": 1 }\n\t\t\t\t],\n\t\t\t\t\"shear\": [\n\t\t\t\t\t{ \"time\": 0, \"x\": 0, \"y\": 0, \"curve\": \"stepped\" },\n\t\t\t\t\t{ \"time\": 1, \"x\": 0, \"y\": 0, \"curve\": \"stepped\" },\n\t\t\t\t\t{ \"time\": 2, \"x\": 0, \"y\": 0 }\n\t\t\t\t]\n\t\t\t},\n\t\t\t\"shenti4\": {\n\t\t\t\t\"rotate\": [\n\t\t\t\t\t{ \"time\": 0, \"angle\": 0 },\n\t\t\t\t\t{ \"time\": 1, \"angle\": 2.2 },\n\t\t\t\t\t{ \"time\": 2, \"angle\": 0 }\n\t\t\t\t],\n\t\t\t\t\"translate\": [\n\t\t\t\t\t{ \"time\": 0, \"x\": 0, \"y\": 0 },\n\t\t\t\t\t{ \"time\": 1, \"x\": 0.84, \"y\": -2.01 },\n\t\t\t\t\t{ \"time\": 2, \"x\": 0, \"y\": 0 }\n\t\t\t\t],\n\t\t\t\t\"scale\": [\n\t\t\t\t\t{ \"time\": 0, \"x\": 1, \"y\": 1, \"curve\": \"stepped\" },\n\t\t\t\t\t{ \"time\": 1, \"x\": 1, \"y\": 1, \"curve\": \"stepped\" },\n\t\t\t\t\t{ \"time\": 2, \"x\": 1, \"y\": 1 }\n\t\t\t\t],\n\t\t\t\t\"shear\": [\n\t\t\t\t\t{ \"time\": 0, \"x\": 0, \"y\": 0, \"curve\": \"stepped\" },\n\t\t\t\t\t{ \"time\": 1, \"x\": 0, \"y\": 0, \"curve\": \"stepped\" },\n\t\t\t\t\t{ \"time\": 2, \"x\": 0, \"y\": 0 }\n\t\t\t\t]\n\t\t\t},\n\t\t\t\"shenti5\": {\n\t\t\t\t\"rotate\": [\n\t\t\t\t\t{ \"time\": 0, \"angle\": 0 },\n\t\t\t\t\t{ \"time\": 1, \"angle\": 2.52 },\n\t\t\t\t\t{ \"time\": 2, \"angle\": 0 }\n\t\t\t\t],\n\t\t\t\t\"translate\": [\n\t\t\t\t\t{ \"time\": 0, \"x\": 0, \"y\": 0 },\n\t\t\t\t\t{ \"time\": 1, \"x\": 2.18, \"y\": 0 },\n\t\t\t\t\t{ \"time\": 2, \"x\": 0, \"y\": 0 }\n\t\t\t\t],\n\t\t\t\t\"scale\": [\n\t\t\t\t\t{ \"time\": 0, \"x\": 1, \"y\": 1, \"curve\": \"stepped\" },\n\t\t\t\t\t{ \"time\": 1, \"x\": 1, \"y\": 1, \"curve\": \"stepped\" },\n\t\t\t\t\t{ \"time\": 2, \"x\": 1, \"y\": 1 }\n\t\t\t\t],\n\t\t\t\t\"shear\": [\n\t\t\t\t\t{ \"time\": 0, \"x\": 0, \"y\": 0, \"curve\": \"stepped\" },\n\t\t\t\t\t{ \"time\": 1, \"x\": 0, \"y\": 0, \"curve\": \"stepped\" },\n\t\t\t\t\t{ \"time\": 2, \"x\": 0, \"y\": 0 }\n\t\t\t\t]\n\t\t\t},\n\t\t\t\"shenti6\": {\n\t\t\t\t\"rotate\": [\n\t\t\t\t\t{ \"time\": 0, \"angle\": 0 },\n\t\t\t\t\t{ \"time\": 1, \"angle\": 21.6 },\n\t\t\t\t\t{ \"time\": 2, \"angle\": 0 }\n\t\t\t\t],\n\t\t\t\t\"translate\": [\n\t\t\t\t\t{ \"time\": 0, \"x\": 0, \"y\": 0, \"curve\": \"stepped\" },\n\t\t\t\t\t{ \"time\": 2, \"x\": 0, \"y\": 0 }\n\t\t\t\t],\n\t\t\t\t\"scale\": [\n\t\t\t\t\t{ \"time\": 0, \"x\": 1, \"y\": 1, \"curve\": \"stepped\" },\n\t\t\t\t\t{ \"time\": 2, \"x\": 1, \"y\": 1 }\n\t\t\t\t],\n\t\t\t\t\"shear\": [\n\t\t\t\t\t{ \"time\": 0, \"x\": 0, \"y\": 0, \"curve\": \"stepped\" },\n\t\t\t\t\t{ \"time\": 2, \"x\": 0, \"y\": 0 }\n\t\t\t\t]\n\t\t\t},\n\t\t\t\"tou4\": {\n\t\t\t\t\"rotate\": [\n\t\t\t\t\t{ \"time\": 0, \"angle\": 0, \"curve\": \"stepped\" },\n\t\t\t\t\t{ \"time\": 0.3333, \"angle\": 0, \"curve\": \"stepped\" },\n\t\t\t\t\t{ \"time\": 1.3333, \"angle\": 0, \"curve\": \"stepped\" },\n\t\t\t\t\t{ \"time\": 2, \"angle\": 0 }\n\t\t\t\t],\n\t\t\t\t\"translate\": [\n\t\t\t\t\t{ \"time\": 0, \"x\": 0, \"y\": 0, \"curve\": \"stepped\" },\n\t\t\t\t\t{ \"time\": 0.3333, \"x\": 0, \"y\": 0, \"curve\": \"stepped\" },\n\t\t\t\t\t{ \"time\": 1.3333, \"x\": 0, \"y\": 0, \"curve\": \"stepped\" },\n\t\t\t\t\t{ \"time\": 2, \"x\": 0, \"y\": 0 }\n\t\t\t\t],\n\t\t\t\t\"scale\": [\n\t\t\t\t\t{ \"time\": 0, \"x\": 1, \"y\": 1, \"curve\": \"stepped\" },\n\t\t\t\t\t{ \"time\": 0.3333, \"x\": 1, \"y\": 1, \"curve\": \"stepped\" },\n\t\t\t\t\t{ \"time\": 1.3333, \"x\": 1, \"y\": 1, \"curve\": \"stepped\" },\n\t\t\t\t\t{ \"time\": 2, \"x\": 1, \"y\": 1 }\n\t\t\t\t],\n\t\t\t\t\"shear\": [\n\t\t\t\t\t{ \"time\": 0, \"x\": 0, \"y\": 0, \"curve\": \"stepped\" },\n\t\t\t\t\t{ \"time\": 0.3333, \"x\": 0, \"y\": 0, \"curve\": \"stepped\" },\n\t\t\t\t\t{ \"time\": 1.3333, \"x\": 0, \"y\": 0, \"curve\": \"stepped\" },\n\t\t\t\t\t{ \"time\": 2, \"x\": 0, \"y\": 0 }\n\t\t\t\t]\n\t\t\t},\n\t\t\t\"pai4\": {\n\t\t\t\t\"rotate\": [\n\t\t\t\t\t{ \"time\": 0, \"angle\": 0, \"curve\": \"stepped\" },\n\t\t\t\t\t{ \"time\": 1, \"angle\": 0, \"curve\": \"stepped\" },\n\t\t\t\t\t{ \"time\": 2, \"angle\": 0 }\n\t\t\t\t],\n\t\t\t\t\"translate\": [\n\t\t\t\t\t{ \"time\": 0, \"x\": 0, \"y\": 0, \"curve\": \"stepped\" },\n\t\t\t\t\t{ \"time\": 1, \"x\": 0, \"y\": 0, \"curve\": \"stepped\" },\n\t\t\t\t\t{ \"time\": 2, \"x\": 0, \"y\": 0 }\n\t\t\t\t],\n\t\t\t\t\"scale\": [\n\t\t\t\t\t{ \"time\": 0, \"x\": 1, \"y\": 1, \"curve\": \"stepped\" },\n\t\t\t\t\t{ \"time\": 1, \"x\": 1, \"y\": 1, \"curve\": \"stepped\" },\n\t\t\t\t\t{ \"time\": 2, \"x\": 1, \"y\": 1 }\n\t\t\t\t],\n\t\t\t\t\"shear\": [\n\t\t\t\t\t{ \"time\": 0, \"x\": 0, \"y\": 0 },\n\t\t\t\t\t{ \"time\": 1, \"x\": 1.16, \"y\": 0 },\n\t\t\t\t\t{ \"time\": 2, \"x\": 0, \"y\": 0 }\n\t\t\t\t]\n\t\t\t},\n\t\t\t\"2\": {\n\t\t\t\t\"rotate\": [\n\t\t\t\t\t{ \"time\": 0, \"angle\": 0, \"curve\": \"stepped\" },\n\t\t\t\t\t{ \"time\": 0.1667, \"angle\": 0, \"curve\": \"stepped\" },\n\t\t\t\t\t{ \"time\": 1, \"angle\": 0, \"curve\": \"stepped\" },\n\t\t\t\t\t{ \"time\": 1.1667, \"angle\": 0, \"curve\": \"stepped\" },\n\t\t\t\t\t{ \"time\": 2, \"angle\": 0 }\n\t\t\t\t],\n\t\t\t\t\"translate\": [\n\t\t\t\t\t{ \"time\": 0, \"x\": 0, \"y\": 0, \"curve\": \"stepped\" },\n\t\t\t\t\t{ \"time\": 0.1667, \"x\": 0, \"y\": 0, \"curve\": \"stepped\" },\n\t\t\t\t\t{ \"time\": 1, \"x\": 0, \"y\": 0, \"curve\": \"stepped\" },\n\t\t\t\t\t{ \"time\": 1.1667, \"x\": 0, \"y\": 0, \"curve\": \"stepped\" },\n\t\t\t\t\t{ \"time\": 2, \"x\": 0, \"y\": 0 }\n\t\t\t\t],\n\t\t\t\t\"scale\": [\n\t\t\t\t\t{ \"time\": 0, \"x\": 1, \"y\": 1, \"curve\": \"stepped\" },\n\t\t\t\t\t{ \"time\": 0.1667, \"x\": 1, \"y\": 1, \"curve\": \"stepped\" },\n\t\t\t\t\t{ \"time\": 1, \"x\": 1, \"y\": 1, \"curve\": \"stepped\" },\n\t\t\t\t\t{ \"time\": 1.1667, \"x\": 1, \"y\": 1, \"curve\": \"stepped\" },\n\t\t\t\t\t{ \"time\": 2, \"x\": 1, \"y\": 1 }\n\t\t\t\t],\n\t\t\t\t\"shear\": [\n\t\t\t\t\t{ \"time\": 0, \"x\": 0, \"y\": 0, \"curve\": \"stepped\" },\n\t\t\t\t\t{ \"time\": 0.1667, \"x\": 0, \"y\": 0 },\n\t\t\t\t\t{ \"time\": 1, \"x\": -0.95, \"y\": 0, \"curve\": \"stepped\" },\n\t\t\t\t\t{ \"time\": 1.1667, \"x\": -0.95, \"y\": 0 },\n\t\t\t\t\t{ \"time\": 2, \"x\": 0, \"y\": 0 }\n\t\t\t\t]\n\t\t\t},\n\t\t\t\"shenti7\": {\n\t\t\t\t\"rotate\": [\n\t\t\t\t\t{ \"time\": 0, \"angle\": 0 },\n\t\t\t\t\t{ \"time\": 0.5, \"angle\": 0.73 },\n\t\t\t\t\t{ \"time\": 1, \"angle\": 0 },\n\t\t\t\t\t{ \"time\": 1.5, \"angle\": -0.52 },\n\t\t\t\t\t{ \"time\": 2, \"angle\": 0 }\n\t\t\t\t],\n\t\t\t\t\"translate\": [\n\t\t\t\t\t{ \"time\": 0, \"x\": 0, \"y\": -1.82 },\n\t\t\t\t\t{ \"time\": 1, \"x\": 0, \"y\": 0 },\n\t\t\t\t\t{ \"time\": 2, \"x\": 0, \"y\": -1.82 }\n\t\t\t\t],\n\t\t\t\t\"scale\": [\n\t\t\t\t\t{ \"time\": 0, \"x\": 1, \"y\": 1 },\n\t\t\t\t\t{ \"time\": 1, \"x\": 1, \"y\": 0.992 },\n\t\t\t\t\t{ \"time\": 2, \"x\": 1, \"y\": 1 }\n\t\t\t\t],\n\t\t\t\t\"shear\": [\n\t\t\t\t\t{ \"time\": 0, \"x\": 0, \"y\": 0, \"curve\": \"stepped\" },\n\t\t\t\t\t{ \"time\": 1, \"x\": 0, \"y\": 0, \"curve\": \"stepped\" },\n\t\t\t\t\t{ \"time\": 2, \"x\": 0, \"y\": 0 }\n\t\t\t\t]\n\t\t\t},\n\t\t\t\"youjiao\": {\n\t\t\t\t\"rotate\": [\n\t\t\t\t\t{ \"time\": 0, \"angle\": 1.49 },\n\t\t\t\t\t{ \"time\": 1, \"angle\": 0 },\n\t\t\t\t\t{ \"time\": 2, \"angle\": 1.49 }\n\t\t\t\t],\n\t\t\t\t\"translate\": [\n\t\t\t\t\t{ \"time\": 0, \"x\": 0, \"y\": 0, \"curve\": \"stepped\" },\n\t\t\t\t\t{ \"time\": 1, \"x\": 0, \"y\": 0, \"curve\": \"stepped\" },\n\t\t\t\t\t{ \"time\": 2, \"x\": 0, \"y\": 0 }\n\t\t\t\t],\n\t\t\t\t\"scale\": [\n\t\t\t\t\t{ \"time\": 0, \"x\": 1, \"y\": 1, \"curve\": \"stepped\" },\n\t\t\t\t\t{ \"time\": 1, \"x\": 1, \"y\": 1, \"curve\": \"stepped\" },\n\t\t\t\t\t{ \"time\": 2, \"x\": 1, \"y\": 1 }\n\t\t\t\t],\n\t\t\t\t\"shear\": [\n\t\t\t\t\t{ \"time\": 0, \"x\": 0, \"y\": 0, \"curve\": \"stepped\" },\n\t\t\t\t\t{ \"time\": 1, \"x\": 0, \"y\": 0, \"curve\": \"stepped\" },\n\t\t\t\t\t{ \"time\": 2, \"x\": 0, \"y\": 0 }\n\t\t\t\t]\n\t\t\t},\n\t\t\t\"zuojiao\": {\n\t\t\t\t\"rotate\": [\n\t\t\t\t\t{ \"time\": 0, \"angle\": -3.18 },\n\t\t\t\t\t{ \"time\": 1, \"angle\": 0 },\n\t\t\t\t\t{ \"time\": 2, \"angle\": -3.18 }\n\t\t\t\t],\n\t\t\t\t\"translate\": [\n\t\t\t\t\t{ \"time\": 0, \"x\": 0, \"y\": 0, \"curve\": \"stepped\" },\n\t\t\t\t\t{ \"time\": 1, \"x\": 0, \"y\": 0, \"curve\": \"stepped\" },\n\t\t\t\t\t{ \"time\": 2, \"x\": 0, \"y\": 0 }\n\t\t\t\t],\n\t\t\t\t\"scale\": [\n\t\t\t\t\t{ \"time\": 0, \"x\": 1, \"y\": 1, \"curve\": \"stepped\" },\n\t\t\t\t\t{ \"time\": 1, \"x\": 1, \"y\": 1, \"curve\": \"stepped\" },\n\t\t\t\t\t{ \"time\": 2, \"x\": 1, \"y\": 1 }\n\t\t\t\t],\n\t\t\t\t\"shear\": [\n\t\t\t\t\t{ \"time\": 0, \"x\": 0, \"y\": 0, \"curve\": \"stepped\" },\n\t\t\t\t\t{ \"time\": 1, \"x\": 0, \"y\": 0, \"curve\": \"stepped\" },\n\t\t\t\t\t{ \"time\": 2, \"x\": 0, \"y\": 0 }\n\t\t\t\t]\n\t\t\t},\n\t\t\t\"zuojiao3\": {\n\t\t\t\t\"rotate\": [\n\t\t\t\t\t{ \"time\": 0, \"angle\": 2.65 },\n\t\t\t\t\t{ \"time\": 1, \"angle\": 0 },\n\t\t\t\t\t{ \"time\": 2, \"angle\": 2.65 }\n\t\t\t\t],\n\t\t\t\t\"translate\": [\n\t\t\t\t\t{ \"time\": 0, \"x\": 0, \"y\": 0, \"curve\": \"stepped\" },\n\t\t\t\t\t{ \"time\": 1, \"x\": 0, \"y\": 0, \"curve\": \"stepped\" },\n\t\t\t\t\t{ \"time\": 2, \"x\": 0, \"y\": 0 }\n\t\t\t\t],\n\t\t\t\t\"scale\": [\n\t\t\t\t\t{ \"time\": 0, \"x\": 1, \"y\": 1, \"curve\": \"stepped\" },\n\t\t\t\t\t{ \"time\": 1, \"x\": 1, \"y\": 1, \"curve\": \"stepped\" },\n\t\t\t\t\t{ \"time\": 2, \"x\": 1, \"y\": 1 }\n\t\t\t\t],\n\t\t\t\t\"shear\": [\n\t\t\t\t\t{ \"time\": 0, \"x\": 0, \"y\": 0, \"curve\": \"stepped\" },\n\t\t\t\t\t{ \"time\": 1, \"x\": 0, \"y\": 0, \"curve\": \"stepped\" },\n\t\t\t\t\t{ \"time\": 2, \"x\": 0, \"y\": 0 }\n\t\t\t\t]\n\t\t\t},\n\t\t\t\"zuoshou\": {\n\t\t\t\t\"rotate\": [\n\t\t\t\t\t{ \"time\": 0, \"angle\": 0 },\n\t\t\t\t\t{ \"time\": 1, \"angle\": 5.79 },\n\t\t\t\t\t{ \"time\": 2, \"angle\": 0 }\n\t\t\t\t],\n\t\t\t\t\"translate\": [\n\t\t\t\t\t{ \"time\": 0, \"x\": 0, \"y\": 0, \"curve\": \"stepped\" },\n\t\t\t\t\t{ \"time\": 1, \"x\": 0, \"y\": 0, \"curve\": \"stepped\" },\n\t\t\t\t\t{ \"time\": 2, \"x\": 0, \"y\": 0 }\n\t\t\t\t],\n\t\t\t\t\"scale\": [\n\t\t\t\t\t{ \"time\": 0, \"x\": 1, \"y\": 1, \"curve\": \"stepped\" },\n\t\t\t\t\t{ \"time\": 1, \"x\": 1, \"y\": 1, \"curve\": \"stepped\" },\n\t\t\t\t\t{ \"time\": 2, \"x\": 1, \"y\": 1 }\n\t\t\t\t],\n\t\t\t\t\"shear\": [\n\t\t\t\t\t{ \"time\": 0, \"x\": 0, \"y\": 0, \"curve\": \"stepped\" },\n\t\t\t\t\t{ \"time\": 1, \"x\": 0, \"y\": 0, \"curve\": \"stepped\" },\n\t\t\t\t\t{ \"time\": 2, \"x\": 0, \"y\": 0 }\n\t\t\t\t]\n\t\t\t},\n\t\t\t\"zuoshou3\": {\n\t\t\t\t\"rotate\": [\n\t\t\t\t\t{ \"time\": 0, \"angle\": -1.32 },\n\t\t\t\t\t{ \"time\": 0.1667, \"angle\": -2.18 },\n\t\t\t\t\t{ \"time\": 1.1667, \"angle\": 3.01 },\n\t\t\t\t\t{ \"time\": 2, \"angle\": -1.32 }\n\t\t\t\t],\n\t\t\t\t\"translate\": [\n\t\t\t\t\t{ \"time\": 0, \"x\": 0, \"y\": 0, \"curve\": \"stepped\" },\n\t\t\t\t\t{ \"time\": 0.1667, \"x\": 0, \"y\": 0, \"curve\": \"stepped\" },\n\t\t\t\t\t{ \"time\": 1.1667, \"x\": 0, \"y\": 0, \"curve\": \"stepped\" },\n\t\t\t\t\t{ \"time\": 2, \"x\": 0, \"y\": 0 }\n\t\t\t\t],\n\t\t\t\t\"scale\": [\n\t\t\t\t\t{ \"time\": 0, \"x\": 1, \"y\": 1, \"curve\": \"stepped\" },\n\t\t\t\t\t{ \"time\": 0.1667, \"x\": 1, \"y\": 1, \"curve\": \"stepped\" },\n\t\t\t\t\t{ \"time\": 1.1667, \"x\": 1, \"y\": 1, \"curve\": \"stepped\" },\n\t\t\t\t\t{ \"time\": 2, \"x\": 1, \"y\": 1 }\n\t\t\t\t],\n\t\t\t\t\"shear\": [\n\t\t\t\t\t{ \"time\": 0, \"x\": 0, \"y\": 0, \"curve\": \"stepped\" },\n\t\t\t\t\t{ \"time\": 0.1667, \"x\": 0, \"y\": 0, \"curve\": \"stepped\" },\n\t\t\t\t\t{ \"time\": 1.1667, \"x\": 0, \"y\": 0, \"curve\": \"stepped\" },\n\t\t\t\t\t{ \"time\": 2, \"x\": 0, \"y\": 0 }\n\t\t\t\t]\n\t\t\t},\n\t\t\t\"youshou\": {\n\t\t\t\t\"rotate\": [\n\t\t\t\t\t{ \"time\": 0, \"angle\": 0, \"curve\": \"stepped\" },\n\t\t\t\t\t{ \"time\": 0.1667, \"angle\": 0 },\n\t\t\t\t\t{ \"time\": 1, \"angle\": -6.91, \"curve\": \"stepped\" },\n\t\t\t\t\t{ \"time\": 1.1667, \"angle\": -6.91 },\n\t\t\t\t\t{ \"time\": 2, \"angle\": 0 }\n\t\t\t\t],\n\t\t\t\t\"translate\": [\n\t\t\t\t\t{ \"time\": 0, \"x\": 0, \"y\": 0, \"curve\": \"stepped\" },\n\t\t\t\t\t{ \"time\": 0.1667, \"x\": 0, \"y\": 0, \"curve\": \"stepped\" },\n\t\t\t\t\t{ \"time\": 1, \"x\": 0, \"y\": 0, \"curve\": \"stepped\" },\n\t\t\t\t\t{ \"time\": 1.1667, \"x\": 0, \"y\": 0, \"curve\": \"stepped\" },\n\t\t\t\t\t{ \"time\": 2, \"x\": 0, \"y\": 0 }\n\t\t\t\t],\n\t\t\t\t\"scale\": [\n\t\t\t\t\t{ \"time\": 0, \"x\": 1, \"y\": 1, \"curve\": \"stepped\" },\n\t\t\t\t\t{ \"time\": 0.1667, \"x\": 1, \"y\": 1, \"curve\": \"stepped\" },\n\t\t\t\t\t{ \"time\": 1, \"x\": 1, \"y\": 1, \"curve\": \"stepped\" },\n\t\t\t\t\t{ \"time\": 1.1667, \"x\": 1, \"y\": 1, \"curve\": \"stepped\" },\n\t\t\t\t\t{ \"time\": 2, \"x\": 1, \"y\": 1 }\n\t\t\t\t],\n\t\t\t\t\"shear\": [\n\t\t\t\t\t{ \"time\": 0, \"x\": 0, \"y\": 0, \"curve\": \"stepped\" },\n\t\t\t\t\t{ \"time\": 0.1667, \"x\": 0, \"y\": 0, \"curve\": \"stepped\" },\n\t\t\t\t\t{ \"time\": 1, \"x\": 0, \"y\": 0, \"curve\": \"stepped\" },\n\t\t\t\t\t{ \"time\": 1.1667, \"x\": 0, \"y\": 0, \"curve\": \"stepped\" },\n\t\t\t\t\t{ \"time\": 2, \"x\": 0, \"y\": 0 }\n\t\t\t\t]\n\t\t\t},\n\t\t\t\"youshou3\": {\n\t\t\t\t\"rotate\": [\n\t\t\t\t\t{ \"time\": 0, \"angle\": 0.54 },\n\t\t\t\t\t{ \"time\": 0.1667, \"angle\": 0.92 },\n\t\t\t\t\t{ \"time\": 1.1667, \"angle\": -1.34 },\n\t\t\t\t\t{ \"time\": 2, \"angle\": 0.54 }\n\t\t\t\t],\n\t\t\t\t\"translate\": [\n\t\t\t\t\t{ \"time\": 0, \"x\": 0, \"y\": 0, \"curve\": \"stepped\" },\n\t\t\t\t\t{ \"time\": 0.1667, \"x\": 0, \"y\": 0, \"curve\": \"stepped\" },\n\t\t\t\t\t{ \"time\": 1.1667, \"x\": 0, \"y\": 0, \"curve\": \"stepped\" },\n\t\t\t\t\t{ \"time\": 2, \"x\": 0, \"y\": 0 }\n\t\t\t\t],\n\t\t\t\t\"scale\": [\n\t\t\t\t\t{ \"time\": 0, \"x\": 1, \"y\": 1, \"curve\": \"stepped\" },\n\t\t\t\t\t{ \"time\": 0.1667, \"x\": 1, \"y\": 1, \"curve\": \"stepped\" },\n\t\t\t\t\t{ \"time\": 1.1667, \"x\": 1, \"y\": 1, \"curve\": \"stepped\" },\n\t\t\t\t\t{ \"time\": 2, \"x\": 1, \"y\": 1 }\n\t\t\t\t],\n\t\t\t\t\"shear\": [\n\t\t\t\t\t{ \"time\": 0, \"x\": 0, \"y\": 0, \"curve\": \"stepped\" },\n\t\t\t\t\t{ \"time\": 0.1667, \"x\": 0, \"y\": 0, \"curve\": \"stepped\" },\n\t\t\t\t\t{ \"time\": 1.1667, \"x\": 0, \"y\": 0, \"curve\": \"stepped\" },\n\t\t\t\t\t{ \"time\": 2, \"x\": 0, \"y\": 0 }\n\t\t\t\t]\n\t\t\t},\n\t\t\t\"youshou2\": {\n\t\t\t\t\"rotate\": [\n\t\t\t\t\t{ \"time\": 0, \"angle\": 3.3 },\n\t\t\t\t\t{ \"time\": 0.1667, \"angle\": 4.46 },\n\t\t\t\t\t{ \"time\": 0.3333, \"angle\": 5.62 },\n\t\t\t\t\t{ \"time\": 1.3333, \"angle\": -1.34 },\n\t\t\t\t\t{ \"time\": 2, \"angle\": 3.3 }\n\t\t\t\t],\n\t\t\t\t\"translate\": [\n\t\t\t\t\t{ \"time\": 0, \"x\": 0, \"y\": 0, \"curve\": \"stepped\" },\n\t\t\t\t\t{ \"time\": 0.1667, \"x\": 0, \"y\": 0, \"curve\": \"stepped\" },\n\t\t\t\t\t{ \"time\": 0.3333, \"x\": 0, \"y\": 0, \"curve\": \"stepped\" },\n\t\t\t\t\t{ \"time\": 1.3333, \"x\": 0, \"y\": 0, \"curve\": \"stepped\" },\n\t\t\t\t\t{ \"time\": 2, \"x\": 0, \"y\": 0 }\n\t\t\t\t],\n\t\t\t\t\"scale\": [\n\t\t\t\t\t{ \"time\": 0, \"x\": 1, \"y\": 1, \"curve\": \"stepped\" },\n\t\t\t\t\t{ \"time\": 0.1667, \"x\": 1, \"y\": 1, \"curve\": \"stepped\" },\n\t\t\t\t\t{ \"time\": 0.3333, \"x\": 1, \"y\": 1, \"curve\": \"stepped\" },\n\t\t\t\t\t{ \"time\": 1.3333, \"x\": 1, \"y\": 1, \"curve\": \"stepped\" },\n\t\t\t\t\t{ \"time\": 2, \"x\": 1, \"y\": 1 }\n\t\t\t\t],\n\t\t\t\t\"shear\": [\n\t\t\t\t\t{ \"time\": 0, \"x\": 0, \"y\": 0, \"curve\": \"stepped\" },\n\t\t\t\t\t{ \"time\": 0.1667, \"x\": 0, \"y\": 0, \"curve\": \"stepped\" },\n\t\t\t\t\t{ \"time\": 0.3333, \"x\": 0, \"y\": 0, \"curve\": \"stepped\" },\n\t\t\t\t\t{ \"time\": 1.3333, \"x\": 0, \"y\": 0, \"curve\": \"stepped\" },\n\t\t\t\t\t{ \"time\": 2, \"x\": 0, \"y\": 0 }\n\t\t\t\t]\n\t\t\t},\n\t\t\t\"tou\": {\n\t\t\t\t\"rotate\": [\n\t\t\t\t\t{ \"time\": 0, \"angle\": 0 },\n\t\t\t\t\t{ \"time\": 0.5, \"angle\": 1.6, \"curve\": \"stepped\" },\n\t\t\t\t\t{ \"time\": 0.6, \"angle\": 1.6 },\n\t\t\t\t\t{ \"time\": 1, \"angle\": 0 },\n\t\t\t\t\t{ \"time\": 1.5, \"angle\": -1.13, \"curve\": \"stepped\" },\n\t\t\t\t\t{ \"time\": 1.6, \"angle\": -1.13 },\n\t\t\t\t\t{ \"time\": 2, \"angle\": 0 }\n\t\t\t\t],\n\t\t\t\t\"translate\": [\n\t\t\t\t\t{ \"time\": 0, \"x\": 0, \"y\": 0 },\n\t\t\t\t\t{ \"time\": 1, \"x\": 0.83, \"y\": 0.03 },\n\t\t\t\t\t{ \"time\": 2, \"x\": 0, \"y\": 0 }\n\t\t\t\t],\n\t\t\t\t\"scale\": [\n\t\t\t\t\t{ \"time\": 0, \"x\": 1, \"y\": 1, \"curve\": \"stepped\" },\n\t\t\t\t\t{ \"time\": 1, \"x\": 1, \"y\": 1, \"curve\": \"stepped\" },\n\t\t\t\t\t{ \"time\": 2, \"x\": 1, \"y\": 1 }\n\t\t\t\t],\n\t\t\t\t\"shear\": [\n\t\t\t\t\t{ \"time\": 0, \"x\": 0, \"y\": 0, \"curve\": \"stepped\" },\n\t\t\t\t\t{ \"time\": 1, \"x\": 0, \"y\": 0, \"curve\": \"stepped\" },\n\t\t\t\t\t{ \"time\": 2, \"x\": 0, \"y\": 0 }\n\t\t\t\t]\n\t\t\t}\n\t\t},\n\t\t\"deform\": {\n\t\t\t\"default\": {\n\t\t\t\t\"shenti\": {\n\t\t\t\t\t\"shenti\": [\n\t\t\t\t\t\t{\n\t\t\t\t\t\t\t\"time\": 0,\n\t\t\t\t\t\t\t\"offset\": 16,\n\t\t\t\t\t\t\t\"vertices\": [ 0.1183, 0.00487, -1.47198, -0.06002, -1.47198, -0.06002, 0.1183, 0.00487, 0.1183 ]\n\t\t\t\t\t\t},\n\t\t\t\t\t\t{\n\t\t\t\t\t\t\t\"time\": 0.1667,\n\t\t\t\t\t\t\t\"offset\": 18,\n\t\t\t\t\t\t\t\"vertices\": [ -1.72856, -0.07054, -1.72856, -0.07054 ]\n\t\t\t\t\t\t},\n\t\t\t\t\t\t{\n\t\t\t\t\t\t\t\"time\": 1,\n\t\t\t\t\t\t\t\"offset\": 16,\n\t\t\t\t\t\t\t\"vertices\": [ 1.36047, 0.05602, 1.22219, 0.05037, 1.22219, 0.05037, 1.36047, 0.05602, 1.36047, 0.05602 ]\n\t\t\t\t\t\t},\n\t\t\t\t\t\t{\n\t\t\t\t\t\t\t\"time\": 1.1667,\n\t\t\t\t\t\t\t\"offset\": 16,\n\t\t\t\t\t\t\t\"vertices\": [ 1.47878, 0.06089, 1.47878, 0.06089, 1.47878, 0.06089, 1.47878, 0.06089, 1.47878, 0.06089 ]\n\t\t\t\t\t\t},\n\t\t\t\t\t\t{\n\t\t\t\t\t\t\t\"time\": 2,\n\t\t\t\t\t\t\t\"offset\": 16,\n\t\t\t\t\t\t\t\"vertices\": [ 0.1183, 0.00487, -1.47198, -0.06002, -1.47198, -0.06002, 0.1183, 0.00487, 0.1183 ]\n\t\t\t\t\t\t}\n\t\t\t\t\t]\n\t\t\t\t},\n\t\t\t\t\"tou\": {\n\t\t\t\t\t\"tou\": [\n\t\t\t\t\t\t{ \"time\": 0, \"curve\": \"stepped\" },\n\t\t\t\t\t\t{ \"time\": 0.1667 },\n\t\t\t\t\t\t{\n\t\t\t\t\t\t\t\"time\": 1,\n\t\t\t\t\t\t\t\"offset\": 28,\n\t\t\t\t\t\t\t\"vertices\": [ 2.85182, -0.86798, 2.85182, -0.86798, 2.85182, -0.86798, 2.85182, -0.86798, 2.85182, -0.86798, 2.85182, -0.86798, 2.85182, -0.86798, 2.85182, -0.86798, 2.12296, -0.6491 ],\n\t\t\t\t\t\t\t\"curve\": \"stepped\"\n\t\t\t\t\t\t},\n\t\t\t\t\t\t{\n\t\t\t\t\t\t\t\"time\": 1.1667,\n\t\t\t\t\t\t\t\"offset\": 28,\n\t\t\t\t\t\t\t\"vertices\": [ 2.85182, -0.86798, 2.85182, -0.86798, 2.85182, -0.86798, 2.85182, -0.86798, 2.85182, -0.86798, 2.85182, -0.86798, 2.85182, -0.86798, 2.85182, -0.86798, 2.12296, -0.6491 ]\n\t\t\t\t\t\t},\n\t\t\t\t\t\t{ \"time\": 2 }\n\t\t\t\t\t]\n\t\t\t\t},\n\t\t\t\t\"tou2\": {\n\t\t\t\t\t\"tou2\": [\n\t\t\t\t\t\t{\n\t\t\t\t\t\t\t\"time\": 0,\n\t\t\t\t\t\t\t\"offset\": 40,\n\t\t\t\t\t\t\t\"vertices\": [ -0.22118, 0.06131, -0.50118, 0.13359, -0.50118, 0.13359, 0.18263, -0.48547, -0.50118, 0.13359, 0.18263, -0.48547, -0.50118, 0.13359, 0, 0, 0, 0, 0, 0, 0, 0, 0, 0, -0.50118, 0.13359, -0.50118, 0.13359, 0.18263, -0.48547, -0.50118, 0.13359 ]\n\t\t\t\t\t\t},\n\t\t\t\t\t\t{ \"time\": 0.3333 },\n\t\t\t\t\t\t{\n\t\t\t\t\t\t\t\"time\": 1,\n\t\t\t\t\t\t\t\"offset\": 40,\n\t\t\t\t\t\t\t\"vertices\": [ -1.07098, 0.29688, -2.42679, 0.64683, -2.42679, 0.64683, 0.8843, -2.35068, -2.42679, 0.64683, 0.8843, -2.35068, -2.42679, 0.64683, 0, 0, 0, 0, 0, 0, 0, 0, 0, 0, -2.42679, 0.64683, -2.42679, 0.64683, 0.8843, -2.35068, -2.42679, 0.64683 ]\n\t\t\t\t\t\t},\n\t\t\t\t\t\t{\n\t\t\t\t\t\t\t\"time\": 1.3333,\n\t\t\t\t\t\t\t\"offset\": 40,\n\t\t\t\t\t\t\t\"vertices\": [ -1.16411, 0.32269, -2.63781, 0.70308, -2.63781, 0.70308, 0.9612, -2.55508, -2.63781, 0.70308, 0.9612, -2.55508, -2.63781, 0.70308, 0, 0, 0, 0, 0, 0, 0, 0, 0, 0, -2.63781, 0.70308, -2.63781, 0.70308, 0.9612, -2.55508, -2.63781, 0.70308 ]\n\t\t\t\t\t\t},\n\t\t\t\t\t\t{\n\t\t\t\t\t\t\t\"time\": 2,\n\t\t\t\t\t\t\t\"offset\": 40,\n\t\t\t\t\t\t\t\"vertices\": [ -0.22118, 0.06131, -0.50118, 0.13359, -0.50118, 0.13359, 0.18263, -0.48547, -0.50118, 0.13359, 0.18263, -0.48547, -0.50118, 0.13359, 0, 0, 0, 0, 0, 0, 0, 0, 0, 0, -0.50118, 0.13359, -0.50118, 0.13359, 0.18263, -0.48547, -0.50118, 0.13359 ]\n\t\t\t\t\t\t}\n\t\t\t\t\t]\n\t\t\t\t}\n\t\t\t}\n\t\t}\n\t}\n}\n}","_skeletonJson":{"skeleton":{"hash":"miRVFXmKWh7Lz+RxGnCkOzPEjYA","spine":"3.6.53","width":260,"height":219.73,"images":"./images/"},"bones":[{"name":"root"},{"name":"shenti","parent":"root","x":-43.7,"y":-7.31},{"name":"2","parent":"shenti","x":37.09,"y":-32.04},{"name":"pai2","parent":"root","x":69.82,"y":48.5},{"name":"pai4","parent":"pai2","x":-16.66,"y":-21.57},{"name":"shenti2","parent":"pai2","length":15.7,"rotation":123.69,"x":6.26,"y":-6.9},{"name":"shenti4","parent":"shenti2","length":9.44,"rotation":-161.56,"x":-3.89,"y":-9.9},{"name":"shenti5","parent":"shenti2","length":10.74,"rotation":173.86,"x":2.2,"y":11.92},{"name":"shenti6","parent":"shenti2","length":12.94,"rotation":-116.34,"x":9.55,"y":-11.39},{"name":"shenti7","parent":"shenti","length":29.82,"rotation":87.66,"x":2.44,"y":-9.55},{"name":"tou","parent":"shenti7","length":62.31,"rotation":19.36,"x":28.55,"y":1.17},{"name":"tou2","parent":"shenti2","length":40.58,"rotation":-20.4,"x":17.08,"y":-0.17},{"name":"tou4","parent":"tou2","length":11.22,"rotation":-125.54,"x":11.39,"y":-25.28},{"name":"youjiao","parent":"shenti7","length":15.02,"rotation":-109.03,"x":0.19,"y":-19.46},{"name":"youshou","parent":"shenti7","length":15.02,"rotation":-66.29,"x":27.11,"y":-23.23},{"name":"youshou3","parent":"youshou","length":14.23,"rotation":48.65,"x":14.57,"y":-1.13},{"name":"youshou2","parent":"youshou3","length":35.69,"rotation":-25.71,"x":14.23},{"name":"zuojiao","parent":"shenti7","length":14.04,"rotation":109.99,"x":-1.28,"y":16.38},{"name":"zuojiao3","parent":"zuojiao","length":12.52,"rotation":101.4,"x":12.51,"y":-0.79},{"name":"zuoshou","parent":"shenti7","length":13.78,"rotation":140.91,"x":22.27,"y":20.99},{"name":"zuoshou3","parent":"zuoshou","length":19.54,"rotation":-43.22,"x":14.24,"y":0.4}],"slots":[{"name":"bj","bone":"root","attachment":"bj"},{"name":"pai2","bone":"pai4","attachment":"pai2"},{"name":"shenti2","bone":"shenti6","attachment":"shenti2"},{"name":"tou2","bone":"tou4","attachment":"tou2"},{"name":"2","bone":"2","attachment":"2"},{"name":"youshou","bone":"youshou2","attachment":"youshou"},{"name":"youjiao","bone":"youjiao","attachment":"youjiao"},{"name":"zuojiao","bone":"zuojiao3","attachment":"zuojiao"},{"name":"zuoshou","bone":"zuoshou3","attachment":"zuoshou"},{"name":"shenti","bone":"shenti7","attachment":"shenti"},{"name":"tou","bone":"tou","attachment":"tou"},{"name":"zi","bone":"root","attachment":"zi"}],"skins":{"default":{"2":{"2":{"x":-32.39,"y":14.59,"width":171,"height":87}},"bj":{"bj":{"width":260,"height":214}},"pai2":{"pai2":{"x":17.35,"y":0.3,"width":108,"height":51}},"shenti":{"shenti":{"type":"mesh","uvs":[0,0.81463,0.27531,1,0.71295,1,1,0.70717,1,0.35997,0.73484,0,0.19325,0,0,0.59143,0.4066,0.83943,0.41207,0.4757,0.49413,0.16157,0.7239,0.54183,0.15496,0.5749],"triangles":[10,6,5,9,6,10,11,10,5,11,5,4,9,10,11,12,6,9,12,7,6,11,4,3,0,7,12,8,12,9,8,9,11,0,12,8,1,0,8,2,8,11,2,11,3,1,8,2],"vertices":[-2.42,33.16,-9.99,14.11,-8.78,-15.62,5.18,-34.59,20.79,-33.95,36.24,-15.27,34.74,21.52,7.61,33.57,-2.41,5.49,13.96,5.78,28.31,0.79,11.85,-15.52,8.79,23.07],"hull":8,"edges":[0,2,2,4,4,6,6,8,8,10,10,12,12,14,0,14],"width":68,"height":45}},"shenti2":{"shenti2":{"type":"mesh","uvs":[0,0.47756,0.0565,0.61611,0.0565,0.81171,0.27383,1,0.41872,1,0.44046,0.73836,0.59259,0.68131,0.7085,0.76281,1,0.73836,1,0.55906,0.89634,0.55148,0.71777,0.30138,0.8927,0.30138,0.95465,0.10048,0.78337,0,0.67039,0.14148,0.51003,0.14558,0.26586,0.10868,0,0.23168,0.41168,0.50256,0.27612,0.29516,0.21648,0.75266,0.72617,0.51476,0.8563,0.64286,0.32407,0.89491,0.81907,0.17266,0.54307,0.24691],"triangles":[20,17,16,18,17,20,0,18,20,19,20,26,1,0,20,19,1,20,26,22,19,5,19,6,5,21,19,25,14,13,15,14,25,26,16,15,20,16,26,11,15,25,26,15,11,12,25,13,11,25,12,22,26,11,21,1,19,2,1,21,24,21,5,3,21,24,2,21,3,4,24,5,3,24,4,10,22,11,23,22,10,7,6,22,6,19,22,23,10,9,8,23,9,23,7,22,7,23,8],"vertices":[2,7,-12.18,-4.29,0.44427,5,14.76,14.88,0.55573,2,7,-6.09,-4.6,0.79536,5,8.74,15.84,0.20464,1,7,0.85,-8.22,1,1,7,12.05,-3.03,1,2,7,15.07,2.75,0.997,5,-13.08,10.8,0.003,3,6,-3.48,-13.68,0.01327,7,6.24,8.46,0.43431,5,-4.91,4.18,0.55242,3,6,0.52,-7.67,0.55628,7,7.38,15.58,0.00514,5,-6.81,-2.79,0.43858,2,6,6.64,-7.04,0.94036,5,-12.41,-5.32,0.05964,1,6,16.39,1.78,1,1,6,11.99,7.44,1,2,6,8.12,4.82,0.99953,8,13.77,-15.07,0.00047,3,6,-4.36,7.78,0.22733,8,7.08,-4.12,0.77068,5,2.71,-15.9,0.00199,2,6,1.85,12.62,0.00005,8,14.88,-5.13,0.99995,1,8,18.68,2.48,1,1,8,11.55,7.45,1,1,8,5.78,2.49,1,2,8,-1.4,3.25,0.89273,5,13.08,-11.58,0.10727,2,8,-12.11,6.12,0.05876,5,20.41,-3.26,0.94124,2,7,-20.9,0.26,0.14271,5,22.95,9.43,0.85729,3,6,-10.29,-7.03,0.0001,7,-2.72,11.67,0.00099,5,3.66,0.02,0.99891,2,7,-12.9,10.1,0.00414,5,13.94,0.5,0.99586,1,7,2.08,-0.74,1,2,6,1.18,1.28,0.98238,8,6.36,-12.64,0.01762,1,6,8.95,0.83,1,2,7,9.37,0.92,0.98966,5,-7.22,12.01,0.01034,1,8,12.26,0.4,1,3,6,-11.9,4.68,0.01758,8,-0.44,-0.96,0.92955,5,8.88,-10.57,0.05286],"hull":19,"edges":[0,2,2,4,4,6,6,8,8,10,10,12,12,14,14,16,16,18,18,20,20,22,22,24,24,26,26,28,28,30,30,32,32,34,34,36,0,36],"width":45,"height":40}},"tou":{"tou":{"type":"mesh","uvs":[0.26623,0.92219,0.17188,0.92644,0.09898,0.82025,0,0.75653,0,0.62061,0.07325,0.31054,0.15044,0.04718,0.28338,0,0.56213,0.10665,0.82373,0.22983,0.94809,0.43372,0.9824,0.70981,0.89663,0.85423,0.54498,0.96042,0.71432,0.77096,0.63145,0.56816,0.51932,0.31707,0.36332,0.15773,0.23657,0.50539,0.3487,0.79993,0.8362,0.50539,0.76795,0.35087,0.92914,0.64129],"triangles":[17,7,8,6,7,17,16,17,8,21,16,8,9,21,8,21,9,10,17,5,6,18,17,16,18,5,17,20,21,10,15,16,21,15,21,20,18,16,15,4,5,18,22,20,10,22,10,11,2,3,4,14,15,20,14,20,22,19,18,15,19,15,14,18,2,4,19,2,18,12,14,22,12,22,11,0,2,19,1,2,0,13,19,14,0,19,13,13,14,12],"vertices":[6.83,31.94,9.28,41.45,22.16,45.44,31.57,53.33,45.22,49.15,74.12,32.33,98.21,16.56,98.9,1.89,79.71,-22.55,59.38,-44.78,35.12,-50.88,6.35,-45.81,-5.53,-32.84,-5.49,5.4,8.38,-17.27,31.26,-15.26,59.88,-11.83,80.63,-1.21,49.58,22.08,16.6,19.98,31.33,-37.55,48.92,-35.51,14.86,-42.61],"hull":14,"edges":[0,2,2,4,4,6,6,8,8,10,10,12,12,14,14,16,16,18,18,20,20,22,22,24,24,26,0,26],"width":104,"height":105}},"tou2":{"tou2":{"type":"mesh","uvs":[0.19491,1,0.4578,1,0.73477,0.83356,0.95071,0.83356,1,0.67756,1,0.47996,0.84744,0.43836,0.7512,0.15236,0.5822,0,0.23012,0,0.01417,0.25116,0,0.62556,0.04703,0.82836,0.38034,0.86996,0.31462,0.71916,0.28176,0.45396,0.29584,0.17836,0.64323,0.60476,0.80753,0.64636,0.90612,0.57876,0.88734,0.75036,0.1597,0.84396,0.11745,0.63596,0.61506,0.30316],"triangles":[16,9,8,10,9,16,23,8,7,16,8,23,15,10,16,15,16,23,15,23,17,22,11,10,15,22,10,14,15,17,22,15,14,12,11,22,21,12,22,14,21,22,13,14,17,13,17,2,21,14,13,0,21,13,12,21,0,1,13,2,0,13,1,23,7,6,19,6,5,17,23,6,18,17,6,19,18,6,19,5,4,20,18,19,20,19,4,2,17,18,2,18,20,3,20,4,2,20,3],"vertices":[1,11,-3.31,21.55,1,2,12,-12.05,-32.01,0.00031,11,-7.66,3.13,0.99969,2,12,2.32,-14.45,0.69592,11,-1.72,-18.77,0.30408,2,12,16.71,-8.56,0.99845,11,-5.29,-33.9,0.00155,1,12,16.15,2.17,1,1,12,11.29,14.06,1,2,12,0.1,12.4,0.90513,11,21.42,-32.57,0.09487,2,12,-13.35,26.98,0.38095,11,41.1,-30.1,0.61905,2,12,-28.37,31.54,0.15484,11,53.54,-20.53,0.84516,2,12,-51.83,21.94,0.00112,11,59.37,4.14,0.99888,1,11,47.05,23.02,1,1,11,23.6,29.61,1,1,11,10,29.34,1,1,11,1.85,6.61,1,1,11,12.48,8.96,1,1,11,29.8,7.3,1,2,12,-43.06,13,0.00199,11,47,2.2,0.99801,2,12,-9.42,-3.18,0.5867,11,14.27,-15.77,0.4133,2,12,2.56,-1.2,0.99214,11,8.92,-26.67,0.00786,1,12,7.46,5.55,1,2,12,10.43,-5.28,0.99035,11,1.02,-30.7,0.00965,1,11,7.14,21.68,1,1,11,21,21.53,1,2,12,-18.72,14.2,0.34312,11,33.82,-18.31,0.65688],"hull":13,"edges":[0,2,2,4,4,6,6,8,8,10,10,12,12,14,14,16,16,18,18,20,20,22,22,24,0,24],"width":72,"height":65}},"youjiao":{"youjiao":{"type":"mesh","uvs":[1,1,0,1,0,0,1,0],"triangles":[1,2,3,1,3,0],"vertices":[23.99,-0.07,-3.95,-11,-8.69,1.11,19.25,12.04],"hull":4,"edges":[0,2,2,4,4,6,0,6],"width":30,"height":13}},"youshou":{"youshou":{"type":"mesh","uvs":[0.44968,0.533,0.3702,0.7145,0.23394,0.863,0.28693,0.9895,0.60486,0.83,1,0.445,1,0.28,0.73355,0,0.66542,0,0.4459,0.3955,0.43673,0.81071,0.52639,0.56693],"triangles":[3,10,4,3,2,10,2,1,10,10,1,11,6,5,11,8,7,9,10,11,4,11,5,4,1,0,11,9,7,11,11,0,9,11,7,6],"vertices":[3,16,-2.12,7.24,0.29478,15,15.46,7.45,0.64026,14,19.2,15.4,0.06496,2,15,2.02,10.43,0.06725,14,8.08,7.27,0.93275,1,14,-7.18,3.04,1,2,15,-17.17,11.69,0.00026,14,-5.54,-6.3,0.99974,2,16,-5.07,-16.44,0.23437,15,2.53,-12.61,0.76563,1,16,38.44,-24.48,1,1,16,45.81,-16.92,1,1,16,40.6,13.21,1,1,16,36.06,17.64,1,3,16,3.77,13.79,0.83888,15,23.61,10.79,0.16105,14,22.08,23.72,0.00007,2,15,-1.65,2.51,0.09728,14,11.6,-0.72,0.90272,2,16,1.47,0.71,0.99904,14,25.05,10.77,0.00096],"hull":10,"edges":[0,2,2,4,4,6,6,8,8,10,10,12,12,14,14,16,16,18,0,18],"width":93,"height":64}},"zi":{"zi":{"y":-55.77,"width":121,"height":57}},"zuojiao":{"zuojiao":{"type":"mesh","uvs":[0.30568,0,0.74543,0,1,0.26788,1,0.62758,0.65523,0.69298,0.65523,1,0.08016,1,0.15808,0.84709,0,0.587,0,0.0923],"triangles":[7,8,4,8,0,4,3,4,2,4,0,1,4,1,2,8,9,0,6,7,5,7,4,5],"vertices":[2,18,-4.77,6.32,0.36623,17,7.26,-6.71,0.63377,1,17,-4.9,-2.85,1,2,18,9.69,21.32,0.00199,17,-10.31,4.5,0.99801,2,18,15.98,17.83,0.03155,17,-8.13,11.35,0.96845,2,18,12.27,8.45,0.49338,17,1.8,9.57,0.50662,2,18,17.64,5.47,0.89958,17,3.66,15.42,0.10042,2,18,9.54,-9.11,0.9961,17,19.55,10.36,0.0039,2,18,7.96,-5.65,0.90761,17,16.47,8.13,0.09239,2,18,1.19,-7.13,0.03466,17,19.26,1.78,0.96534,2,18,-7.46,-2.32,0.84117,17,16.26,-7.64,0.15883],"hull":10,"edges":[0,2,2,4,4,6,6,8,8,10,10,12,12,14,14,16,16,18,0,18],"width":29,"height":20}},"zuoshou":{"zuoshou":{"type":"mesh","uvs":[0.26022,0.70454,0.271,0.8577,0.35174,0.93764,0.51322,0.88677,0.56167,1,0.61415,0.90857,0.74333,0.82864,0.74333,0.69057,0.816,0.7487,0.93711,0.34177,0.82004,0.16737,0.65922,0.48047,0.57378,0.5307,0.37193,0.5307,0.35538,0.59913,0.28629,0.61126],"triangles":[11,10,9,7,11,9,12,11,7,8,7,9,3,12,7,14,1,0,12,14,13,7,5,3,3,14,12,6,5,7,15,14,0,3,1,14,3,2,1,4,3,5],"vertices":[1,20,21.87,-2.35,1,1,20,21.72,2.28,1,1,20,17.6,5.08,1,1,20,8.78,4.37,1,1,20,6.49,8,1,1,20,3.41,5.53,1,2,20,-3.76,3.8,0.96066,19,14.1,5.74,0.03934,2,20,-4.14,-0.33,0.26149,19,11,3,0.73851,2,20,-7.89,1.77,0.01771,19,9.71,7.1,0.98229,1,19,-3.77,3.92,1,1,19,-3.51,-4.28,1,2,20,-0.21,-7.03,0.0194,19,9.28,-4.58,0.9806,2,20,4.53,-5.96,0.55303,19,13.46,-7.04,0.44697,2,20,15.38,-6.98,0.99994,19,20.67,-15.21,0.00006,1,20,16.46,-5.01,1,1,20,20.21,-5,1],"hull":16,"edges":[0,2,2,4,4,6,6,8,8,10,10,12,12,14,14,16,16,18,18,20,20,22,22,24,24,26,26,28,28,30,0,30],"width":54,"height":30}}}},"animations":{"animation":{"bones":{"2":{"rotate":[{"time":0,"angle":0,"curve":"stepped"},{"time":0.1667,"angle":0,"curve":"stepped"},{"time":1,"angle":0,"curve":"stepped"},{"time":1.1667,"angle":0,"curve":"stepped"},{"time":2,"angle":0}],"translate":[{"time":0,"x":0,"y":0,"curve":"stepped"},{"time":0.1667,"x":0,"y":0,"curve":"stepped"},{"time":1,"x":0,"y":0,"curve":"stepped"},{"time":1.1667,"x":0,"y":0,"curve":"stepped"},{"time":2,"x":0,"y":0}],"scale":[{"time":0,"x":1,"y":1,"curve":"stepped"},{"time":0.1667,"x":1,"y":1,"curve":"stepped"},{"time":1,"x":1,"y":1,"curve":"stepped"},{"time":1.1667,"x":1,"y":1,"curve":"stepped"},{"time":2,"x":1,"y":1}],"shear":[{"time":0,"x":0,"y":0,"curve":"stepped"},{"time":0.1667,"x":0,"y":0},{"time":1,"x":-0.95,"y":0,"curve":"stepped"},{"time":1.1667,"x":-0.95,"y":0},{"time":2,"x":0,"y":0}]},"root":{"rotate":[{"time":0,"angle":0,"curve":"stepped"},{"time":1,"angle":0,"curve":"stepped"},{"time":2,"angle":0}],"translate":[{"time":0,"x":0,"y":0,"curve":"stepped"},{"time":1,"x":0,"y":0,"curve":"stepped"},{"time":2,"x":0,"y":0}],"scale":[{"time":0,"x":1,"y":1,"curve":"stepped"},{"time":1,"x":1,"y":1,"curve":"stepped"},{"time":2,"x":1,"y":1}],"shear":[{"time":0,"x":0,"y":0,"curve":"stepped"},{"time":1,"x":0,"y":0,"curve":"stepped"},{"time":2,"x":0,"y":0}]},"shenti":{"rotate":[{"time":0,"angle":0},{"time":1,"angle":-0.28},{"time":2,"angle":0}],"translate":[{"time":0,"x":0,"y":0,"curve":"stepped"},{"time":0.1667,"x":0,"y":0},{"time":1,"x":0,"y":2.41,"curve":"stepped"},{"time":1.1667,"x":0,"y":2.41},{"time":2,"x":0,"y":0}],"scale":[{"time":0,"x":1,"y":1,"curve":"stepped"},{"time":0.1667,"x":1,"y":1,"curve":"stepped"},{"time":1,"x":1,"y":1,"curve":"stepped"},{"time":1.1667,"x":1,"y":1,"curve":"stepped"},{"time":2,"x":1,"y":1}],"shear":[{"time":0,"x":0,"y":0,"curve":"stepped"},{"time":0.1667,"x":0,"y":0,"curve":"stepped"},{"time":1,"x":0,"y":0,"curve":"stepped"},{"time":1.1667,"x":0,"y":0,"curve":"stepped"},{"time":2,"x":0,"y":0}]},"pai2":{"rotate":[{"time":0,"angle":0,"curve":"stepped"},{"time":0.1667,"angle":0},{"time":1,"angle":1.18,"curve":"stepped"},{"time":1.1667,"angle":1.18},{"time":2,"angle":0}],"translate":[{"time":0,"x":0,"y":0,"curve":"stepped"},{"time":0.1667,"x":0,"y":0},{"time":1,"x":0,"y":-1.93,"curve":"stepped"},{"time":1.1667,"x":0,"y":-1.93},{"time":2,"x":0,"y":0}],"scale":[{"time":0,"x":1,"y":1,"curve":"stepped"},{"time":0.1667,"x":1,"y":1,"curve":"stepped"},{"time":1,"x":1,"y":1,"curve":"stepped"},{"time":1.1667,"x":1,"y":1,"curve":"stepped"},{"time":2,"x":1,"y":1}],"shear":[{"time":0,"x":0,"y":0,"curve":"stepped"},{"time":0.1667,"x":0,"y":0,"curve":"stepped"},{"time":1,"x":0,"y":0,"curve":"stepped"},{"time":1.1667,"x":0,"y":0,"curve":"stepped"},{"time":2,"x":0,"y":0}]},"shenti2":{"rotate":[{"time":0,"angle":0,"curve":"stepped"},{"time":0.1667,"angle":0,"curve":"stepped"},{"time":2,"angle":0}],"translate":[{"time":0,"x":0,"y":0,"curve":"stepped"},{"time":0.1667,"x":0,"y":0},{"time":1,"x":0,"y":-1.81,"curve":"stepped"},{"time":1.1667,"x":0,"y":-1.81},{"time":2,"x":0,"y":0}],"scale":[{"time":0,"x":1,"y":1,"curve":"stepped"},{"time":0.1667,"x":1,"y":1,"curve":"stepped"},{"time":2,"x":1,"y":1}],"shear":[{"time":0,"x":0,"y":0,"curve":"stepped"},{"time":0.1667,"x":0,"y":0,"curve":"stepped"},{"time":2,"x":0,"y":0}]},"tou2":{"rotate":[{"time":0,"angle":0},{"time":0.5,"angle":-1.11},{"time":1,"angle":0},{"time":1.5,"angle":2.08},{"time":2,"angle":0}],"translate":[{"time":0,"x":0,"y":0,"curve":"stepped"},{"time":0.1667,"x":0,"y":0,"curve":"stepped"},{"time":1,"x":0,"y":0},{"time":1.1667,"x":-0.5,"y":0.34},{"time":2,"x":0,"y":0}],"scale":[{"time":0,"x":1,"y":1,"curve":"stepped"},{"time":1,"x":1,"y":1,"curve":"stepped"},{"time":2,"x":1,"y":1}],"shear":[{"time":0,"x":0,"y":0,"curve":"stepped"},{"time":1,"x":0,"y":0,"curve":"stepped"},{"time":2,"x":0,"y":0}]},"shenti4":{"rotate":[{"time":0,"angle":0},{"time":1,"angle":2.2},{"time":2,"angle":0}],"translate":[{"time":0,"x":0,"y":0},{"time":1,"x":0.84,"y":-2.01},{"time":2,"x":0,"y":0}],"scale":[{"time":0,"x":1,"y":1,"curve":"stepped"},{"time":1,"x":1,"y":1,"curve":"stepped"},{"time":2,"x":1,"y":1}],"shear":[{"time":0,"x":0,"y":0,"curve":"stepped"},{"time":1,"x":0,"y":0,"curve":"stepped"},{"time":2,"x":0,"y":0}]},"shenti5":{"rotate":[{"time":0,"angle":0},{"time":1,"angle":2.52},{"time":2,"angle":0}],"translate":[{"time":0,"x":0,"y":0},{"time":1,"x":2.18,"y":0},{"time":2,"x":0,"y":0}],"scale":[{"time":0,"x":1,"y":1,"curve":"stepped"},{"time":1,"x":1,"y":1,"curve":"stepped"},{"time":2,"x":1,"y":1}],"shear":[{"time":0,"x":0,"y":0,"curve":"stepped"},{"time":1,"x":0,"y":0,"curve":"stepped"},{"time":2,"x":0,"y":0}]},"shenti6":{"rotate":[{"time":0,"angle":0},{"time":1,"angle":21.6},{"time":2,"angle":0}],"translate":[{"time":0,"x":0,"y":0,"curve":"stepped"},{"time":2,"x":0,"y":0}],"scale":[{"time":0,"x":1,"y":1,"curve":"stepped"},{"time":2,"x":1,"y":1}],"shear":[{"time":0,"x":0,"y":0,"curve":"stepped"},{"time":2,"x":0,"y":0}]},"tou4":{"rotate":[{"time":0,"angle":0,"curve":"stepped"},{"time":0.3333,"angle":0,"curve":"stepped"},{"time":1.3333,"angle":0,"curve":"stepped"},{"time":2,"angle":0}],"translate":[{"time":0,"x":0,"y":0,"curve":"stepped"},{"time":0.3333,"x":0,"y":0,"curve":"stepped"},{"time":1.3333,"x":0,"y":0,"curve":"stepped"},{"time":2,"x":0,"y":0}],"scale":[{"time":0,"x":1,"y":1,"curve":"stepped"},{"time":0.3333,"x":1,"y":1,"curve":"stepped"},{"time":1.3333,"x":1,"y":1,"curve":"stepped"},{"time":2,"x":1,"y":1}],"shear":[{"time":0,"x":0,"y":0,"curve":"stepped"},{"time":0.3333,"x":0,"y":0,"curve":"stepped"},{"time":1.3333,"x":0,"y":0,"curve":"stepped"},{"time":2,"x":0,"y":0}]},"pai4":{"rotate":[{"time":0,"angle":0,"curve":"stepped"},{"time":1,"angle":0,"curve":"stepped"},{"time":2,"angle":0}],"translate":[{"time":0,"x":0,"y":0,"curve":"stepped"},{"time":1,"x":0,"y":0,"curve":"stepped"},{"time":2,"x":0,"y":0}],"scale":[{"time":0,"x":1,"y":1,"curve":"stepped"},{"time":1,"x":1,"y":1,"curve":"stepped"},{"time":2,"x":1,"y":1}],"shear":[{"time":0,"x":0,"y":0},{"time":1,"x":1.16,"y":0},{"time":2,"x":0,"y":0}]},"shenti7":{"rotate":[{"time":0,"angle":0},{"time":0.5,"angle":0.73},{"time":1,"angle":0},{"time":1.5,"angle":-0.52},{"time":2,"angle":0}],"translate":[{"time":0,"x":0,"y":-1.82},{"time":1,"x":0,"y":0},{"time":2,"x":0,"y":-1.82}],"scale":[{"time":0,"x":1,"y":1},{"time":1,"x":1,"y":0.992},{"time":2,"x":1,"y":1}],"shear":[{"time":0,"x":0,"y":0,"curve":"stepped"},{"time":1,"x":0,"y":0,"curve":"stepped"},{"time":2,"x":0,"y":0}]},"youjiao":{"rotate":[{"time":0,"angle":1.49},{"time":1,"angle":0},{"time":2,"angle":1.49}],"translate":[{"time":0,"x":0,"y":0,"curve":"stepped"},{"time":1,"x":0,"y":0,"curve":"stepped"},{"time":2,"x":0,"y":0}],"scale":[{"time":0,"x":1,"y":1,"curve":"stepped"},{"time":1,"x":1,"y":1,"curve":"stepped"},{"time":2,"x":1,"y":1}],"shear":[{"time":0,"x":0,"y":0,"curve":"stepped"},{"time":1,"x":0,"y":0,"curve":"stepped"},{"time":2,"x":0,"y":0}]},"zuojiao":{"rotate":[{"time":0,"angle":-3.18},{"time":1,"angle":0},{"time":2,"angle":-3.18}],"translate":[{"time":0,"x":0,"y":0,"curve":"stepped"},{"time":1,"x":0,"y":0,"curve":"stepped"},{"time":2,"x":0,"y":0}],"scale":[{"time":0,"x":1,"y":1,"curve":"stepped"},{"time":1,"x":1,"y":1,"curve":"stepped"},{"time":2,"x":1,"y":1}],"shear":[{"time":0,"x":0,"y":0,"curve":"stepped"},{"time":1,"x":0,"y":0,"curve":"stepped"},{"time":2,"x":0,"y":0}]},"zuojiao3":{"rotate":[{"time":0,"angle":2.65},{"time":1,"angle":0},{"time":2,"angle":2.65}],"translate":[{"time":0,"x":0,"y":0,"curve":"stepped"},{"time":1,"x":0,"y":0,"curve":"stepped"},{"time":2,"x":0,"y":0}],"scale":[{"time":0,"x":1,"y":1,"curve":"stepped"},{"time":1,"x":1,"y":1,"curve":"stepped"},{"time":2,"x":1,"y":1}],"shear":[{"time":0,"x":0,"y":0,"curve":"stepped"},{"time":1,"x":0,"y":0,"curve":"stepped"},{"time":2,"x":0,"y":0}]},"zuoshou":{"rotate":[{"time":0,"angle":0},{"time":1,"angle":5.79},{"time":2,"angle":0}],"translate":[{"time":0,"x":0,"y":0,"curve":"stepped"},{"time":1,"x":0,"y":0,"curve":"stepped"},{"time":2,"x":0,"y":0}],"scale":[{"time":0,"x":1,"y":1,"curve":"stepped"},{"time":1,"x":1,"y":1,"curve":"stepped"},{"time":2,"x":1,"y":1}],"shear":[{"time":0,"x":0,"y":0,"curve":"stepped"},{"time":1,"x":0,"y":0,"curve":"stepped"},{"time":2,"x":0,"y":0}]},"zuoshou3":{"rotate":[{"time":0,"angle":-1.32},{"time":0.1667,"angle":-2.18},{"time":1.1667,"angle":3.01},{"time":2,"angle":-1.32}],"translate":[{"time":0,"x":0,"y":0,"curve":"stepped"},{"time":0.1667,"x":0,"y":0,"curve":"stepped"},{"time":1.1667,"x":0,"y":0,"curve":"stepped"},{"time":2,"x":0,"y":0}],"scale":[{"time":0,"x":1,"y":1,"curve":"stepped"},{"time":0.1667,"x":1,"y":1,"curve":"stepped"},{"time":1.1667,"x":1,"y":1,"curve":"stepped"},{"time":2,"x":1,"y":1}],"shear":[{"time":0,"x":0,"y":0,"curve":"stepped"},{"time":0.1667,"x":0,"y":0,"curve":"stepped"},{"time":1.1667,"x":0,"y":0,"curve":"stepped"},{"time":2,"x":0,"y":0}]},"youshou":{"rotate":[{"time":0,"angle":0,"curve":"stepped"},{"time":0.1667,"angle":0},{"time":1,"angle":-6.91,"curve":"stepped"},{"time":1.1667,"angle":-6.91},{"time":2,"angle":0}],"translate":[{"time":0,"x":0,"y":0,"curve":"stepped"},{"time":0.1667,"x":0,"y":0,"curve":"stepped"},{"time":1,"x":0,"y":0,"curve":"stepped"},{"time":1.1667,"x":0,"y":0,"curve":"stepped"},{"time":2,"x":0,"y":0}],"scale":[{"time":0,"x":1,"y":1,"curve":"stepped"},{"time":0.1667,"x":1,"y":1,"curve":"stepped"},{"time":1,"x":1,"y":1,"curve":"stepped"},{"time":1.1667,"x":1,"y":1,"curve":"stepped"},{"time":2,"x":1,"y":1}],"shear":[{"time":0,"x":0,"y":0,"curve":"stepped"},{"time":0.1667,"x":0,"y":0,"curve":"stepped"},{"time":1,"x":0,"y":0,"curve":"stepped"},{"time":1.1667,"x":0,"y":0,"curve":"stepped"},{"time":2,"x":0,"y":0}]},"youshou3":{"rotate":[{"time":0,"angle":0.54},{"time":0.1667,"angle":0.92},{"time":1.1667,"angle":-1.34},{"time":2,"angle":0.54}],"translate":[{"time":0,"x":0,"y":0,"curve":"stepped"},{"time":0.1667,"x":0,"y":0,"curve":"stepped"},{"time":1.1667,"x":0,"y":0,"curve":"stepped"},{"time":2,"x":0,"y":0}],"scale":[{"time":0,"x":1,"y":1,"curve":"stepped"},{"time":0.1667,"x":1,"y":1,"curve":"stepped"},{"time":1.1667,"x":1,"y":1,"curve":"stepped"},{"time":2,"x":1,"y":1}],"shear":[{"time":0,"x":0,"y":0,"curve":"stepped"},{"time":0.1667,"x":0,"y":0,"curve":"stepped"},{"time":1.1667,"x":0,"y":0,"curve":"stepped"},{"time":2,"x":0,"y":0}]},"youshou2":{"rotate":[{"time":0,"angle":3.3},{"time":0.1667,"angle":4.46},{"time":0.3333,"angle":5.62},{"time":1.3333,"angle":-1.34},{"time":2,"angle":3.3}],"translate":[{"time":0,"x":0,"y":0,"curve":"stepped"},{"time":0.1667,"x":0,"y":0,"curve":"stepped"},{"time":0.3333,"x":0,"y":0,"curve":"stepped"},{"time":1.3333,"x":0,"y":0,"curve":"stepped"},{"time":2,"x":0,"y":0}],"scale":[{"time":0,"x":1,"y":1,"curve":"stepped"},{"time":0.1667,"x":1,"y":1,"curve":"stepped"},{"time":0.3333,"x":1,"y":1,"curve":"stepped"},{"time":1.3333,"x":1,"y":1,"curve":"stepped"},{"time":2,"x":1,"y":1}],"shear":[{"time":0,"x":0,"y":0,"curve":"stepped"},{"time":0.1667,"x":0,"y":0,"curve":"stepped"},{"time":0.3333,"x":0,"y":0,"curve":"stepped"},{"time":1.3333,"x":0,"y":0,"curve":"stepped"},{"time":2,"x":0,"y":0}]},"tou":{"rotate":[{"time":0,"angle":0},{"time":0.5,"angle":1.6,"curve":"stepped"},{"time":0.6,"angle":1.6},{"time":1,"angle":0},{"time":1.5,"angle":-1.13,"curve":"stepped"},{"time":1.6,"angle":-1.13},{"time":2,"angle":0}],"translate":[{"time":0,"x":0,"y":0},{"time":1,"x":0.83,"y":0.03},{"time":2,"x":0,"y":0}],"scale":[{"time":0,"x":1,"y":1,"curve":"stepped"},{"time":1,"x":1,"y":1,"curve":"stepped"},{"time":2,"x":1,"y":1}],"shear":[{"time":0,"x":0,"y":0,"curve":"stepped"},{"time":1,"x":0,"y":0,"curve":"stepped"},{"time":2,"x":0,"y":0}]}},"deform":{"default":{"shenti":{"shenti":[{"time":0,"offset":16,"vertices":[0.1183,0.00487,-1.47198,-0.06002,-1.47198,-0.06002,0.1183,0.00487,0.1183]},{"time":0.1667,"offset":18,"vertices":[-1.72856,-0.07054,-1.72856,-0.07054]},{"time":1,"offset":16,"vertices":[1.36047,0.05602,1.22219,0.05037,1.22219,0.05037,1.36047,0.05602,1.36047,0.05602]},{"time":1.1667,"offset":16,"vertices":[1.47878,0.06089,1.47878,0.06089,1.47878,0.06089,1.47878,0.06089,1.47878,0.06089]},{"time":2,"offset":16,"vertices":[0.1183,0.00487,-1.47198,-0.06002,-1.47198,-0.06002,0.1183,0.00487,0.1183]}]},"tou":{"tou":[{"time":0,"curve":"stepped"},{"time":0.1667},{"time":1,"offset":28,"vertices":[2.85182,-0.86798,2.85182,-0.86798,2.85182,-0.86798,2.85182,-0.86798,2.85182,-0.86798,2.85182,-0.86798,2.85182,-0.86798,2.85182,-0.86798,2.12296,-0.6491],"curve":"stepped"},{"time":1.1667,"offset":28,"vertices":[2.85182,-0.86798,2.85182,-0.86798,2.85182,-0.86798,2.85182,-0.86798,2.85182,-0.86798,2.85182,-0.86798,2.85182,-0.86798,2.85182,-0.86798,2.12296,-0.6491]},{"time":2}]},"tou2":{"tou2":[{"time":0,"offset":40,"vertices":[-0.22118,0.06131,-0.50118,0.13359,-0.50118,0.13359,0.18263,-0.48547,-0.50118,0.13359,0.18263,-0.48547,-0.50118,0.13359,0,0,0,0,0,0,0,0,0,0,-0.50118,0.13359,-0.50118,0.13359,0.18263,-0.48547,-0.50118,0.13359]},{"time":0.3333},{"time":1,"offset":40,"vertices":[-1.07098,0.29688,-2.42679,0.64683,-2.42679,0.64683,0.8843,-2.35068,-2.42679,0.64683,0.8843,-2.35068,-2.42679,0.64683,0,0,0,0,0,0,0,0,0,0,-2.42679,0.64683,-2.42679,0.64683,0.8843,-2.35068,-2.42679,0.64683]},{"time":1.3333,"offset":40,"vertices":[-1.16411,0.32269,-2.63781,0.70308,-2.63781,0.70308,0.9612,-2.55508,-2.63781,0.70308,0.9612,-2.55508,-2.63781,0.70308,0,0,0,0,0,0,0,0,0,0,-2.63781,0.70308,-2.63781,0.70308,0.9612,-2.55508,-2.63781,0.70308]},{"time":2,"offset":40,"vertices":[-0.22118,0.06131,-0.50118,0.13359,-0.50118,0.13359,0.18263,-0.48547,-0.50118,0.13359,0.18263,-0.48547,-0.50118,0.13359,0,0,0,0,0,0,0,0,0,0,-0.50118,0.13359,-0.50118,0.13359,0.18263,-0.48547,-0.50118,0.13359]}]}}}}}},"_atlasText":"\ndoudizhu.png\nsize: 562,221\nformat: RGBA8888\nfilter: Linear,Linear\nrepeat: none\n2\n  rotate: true\n  xy: 264, 48\n  size: 171, 87\n  orig: 171, 87\n  offset: 0, 0\n  index: -1\nbj\n  rotate: false\n  xy: 2, 5\n  size: 260, 214\n  orig: 260, 214\n  offset: 0, 0\n  index: -1\npai2\n  rotate: false\n  xy: 367, 2\n  size: 108, 51\n  orig: 108, 51\n  offset: 0, 0\n  index: -1\nshenti\n  rotate: false\n  xy: 477, 10\n  size: 68, 45\n  orig: 68, 45\n  offset: 0, 0\n  index: -1\nshenti2\n  rotate: false\n  xy: 264, 6\n  size: 45, 40\n  orig: 45, 40\n  offset: 0, 0\n  index: -1\ntou\n  rotate: false\n  xy: 353, 114\n  size: 104, 105\n  orig: 104, 105\n  offset: 0, 0\n  index: -1\ntou2\n  rotate: false\n  xy: 476, 57\n  size: 72, 65\n  orig: 72, 65\n  offset: 0, 0\n  index: -1\nyoujiao\n  rotate: true\n  xy: 547, 25\n  size: 30, 13\n  orig: 30, 13\n  offset: 0, 0\n  index: -1\nyoushou\n  rotate: false\n  xy: 459, 155\n  size: 93, 64\n  orig: 93, 64\n  offset: 0, 0\n  index: -1\nzi\n  rotate: false\n  xy: 353, 55\n  size: 121, 57\n  orig: 121, 57\n  offset: 0, 0\n  index: -1\nzuojiao\n  rotate: true\n  xy: 459, 124\n  size: 29, 20\n  orig: 29, 20\n  offset: 0, 0\n  index: -1\nzuoshou\n  rotate: false\n  xy: 311, 16\n  size: 54, 30\n  orig: 54, 30\n  offset: 0, 0\n  index: -1\n","textures":[{"__uuid__":"56lU8MfGZFgbPYCQzrTyMh"}],"textureNames":["doudizhu.png"]}