{"__type__":"cc.SpriteAtlas","_spriteFrames":{"glow_1":{"__uuid__":"2fz948n6RHtJmdvnQZvByc"},"fk_4":{"__uuid__":"5e+Uvq/M1Ptq4P2+zDvSbw"},"x":{"__uuid__":"7fVO2m3ftLLbIRPWLN6rLK"},"glow_2":{"__uuid__":"aaZUfgRc1FC7qjr9elMLeW"},"yy_1":{"__uuid__":"18r1/osH9FJIpJl0h9qPeb"},"qi1_00004":{"__uuid__":"5azloHJdBDGrJpjO6ZA784"},"qi1_00001":{"__uuid__":"cf4o81pW9NhLH01ItJ2PjN"},"yy_zi":{"__uuid__":"5bxnqRw31Giq2jB5bBlaFr"},"bz_bs2":{"__uuid__":"926WGc5AlB9Lm5Zl2bT515"},"qi1_00008":{"__uuid__":"0f+O5Z+MNJbbKmz0SSwZEH"},"qi1_00010":{"__uuid__":"157nGMQrhE95VmUOB083Tx"},"qi1_00007":{"__uuid__":"958b9vxbtIip/jkuLr/J9d"},"qi1_00009":{"__uuid__":"c8le6QzPBJ0IWgtdeuMIEg"},"bz_1":{"__uuid__":"16+7fbsTRBVJafPPm1d7Xy"},"qi1_00006":{"__uuid__":"d6aa6G+MxNF7EZ2zAXQvkB"},"qi1_00011":{"__uuid__":"80OH3oiYJBObw55UoiByoN"},"qi1_00003":{"__uuid__":"b04nwORClGlb2214ZUuT2w"},"qi1_00002":{"__uuid__":"dbF5OtpJ1M9qgBnMOrreHB"},"qi1_00005":{"__uuid__":"efw9pfFSxGuaDigXeYp6rA"},"qi1_00000":{"__uuid__":"6bLrrMySBED4YLhvIz3KlK"}}}