{"__type__":"cc.SpriteAtlas","_spriteFrames":{"top":{"__uuid__":"cancjM01tG8IbO8QG68h7T"},"02":{"__uuid__":"e4644J6KNOxqodLLzZ2lDb"},"t-glow":{"__uuid__":"c4mo7PtC5FEpAcQH59kWG6"},"t-glow-biaoti":{"__uuid__":"d7aHMBeG9MSLXzdhy1+tmF"},"spTxt":{"__uuid__":"42iYfzGJdFq5b2axjB3GQh"},"arrowDown":{"__uuid__":"55hICPUelJzLKXvywr+2KS"},"tg_qb1":{"__uuid__":"daxoC6/LJPJIHJDZejHQPK"},"tg_qb2":{"__uuid__":"ecm28j6/REiaArSoNYkiH1"},"tabBg":{"__uuid__":"b6hhVS3FdP2IM91SOBvG7B"},"bg2":{"__uuid__":"86bEf32SZJib909zZ1N5W9"},"spreadCodeImg":{"__uuid__":"c2L+2nhihIz7HgDIeZpSEH"},"zi-sg_00008":{"__uuid__":"50e72fOddGG74dnsnxxEwO"},"vipSpreadInfo":{"__uuid__":"bfo4U+p19OMrPYmjfXyeyt"},"zi-sg_00010":{"__uuid__":"c8N7MY2ghKV4SyvLlwrBMx"},"zi-sg_00015":{"__uuid__":"5eiwf5hohCOaSjeD/W1gM9"},"zi-sg_00006":{"__uuid__":"49wsrh5dhKAIKmo5VSW6tK"},"sceneName":{"__uuid__":"b41be4SeRF0ZMMcsG8qmSR"},"zi-sg_00011":{"__uuid__":"475LhTcltNsI1DmIW9cgRX"},"zi-sg_00004":{"__uuid__":"60A16ruKZAyouU04fwWZ78"},"zi-sg_00003":{"__uuid__":"73y+j1mDlO9rhQErn9zMM+"},"zi-sg_00005":{"__uuid__":"2bmsS3MedIUZmT1GFhEkZM"},"zi-sg_00013":{"__uuid__":"4f8huKSCRH3rBoPHRInmY0"},"zi-sg_00012":{"__uuid__":"89EsiW7CxOeoK1pE2BoTAr"},"zi-sg_00002":{"__uuid__":"ddaGPyo25NLIqAmxgduxXk"},"spCodeBtn":{"__uuid__":"f7OKa3ERRChYJ5XrbXhKZd"},"zi-sg_00009":{"__uuid__":"23l6pfrfFHQI3QF4t5IdN2"},"zi-sg_00001":{"__uuid__":"c4QnQjc6hE5ZE53W3GlIpy"},"zi-sg_00014":{"__uuid__":"e9GrHohpxH44xTBN24tM1b"},"divBg":{"__uuid__":"a3O5SqcTJOLojQYwNSfuH9"},"filterMenuBg":{"__uuid__":"eetqvuteFBHoK+7wGHSe0L"},"zi-sg_00007":{"__uuid__":"9764+NM5tPR6am3Xlg6ibx"},"bg":{"__uuid__":"2dyI9R4kpNKbKYFEGQEjA2"},"closeIcon":{"__uuid__":"95w0Y4Y9BGyYy0p+93pauR"}}}