[{"__type__":"cc.Prefab","_name":"btReady","data":{"__id__":1}},{"__type__":"cc.Node","_name":"btReady","_children":[{"__id__":2}],"_components":[{"__type__":"cc.Sprite","node":{"__id__":1},"_spriteFrame":{"__uuid__":"8cEiZ2KxRIc4v0Ck7DCsJR"},"_type":1},{"__type__":"cc.Button","node":{"__id__":1},"zoomScale":0.9,"clickEvents":[{"__type__":"cc.ClickEvent"}],"_N$transition":3,"transition":3,"_N$normalColor":{"__type__":"cc.Color","r":255,"g":255,"b":255},"_N$pressedColor":{"__type__":"cc.Color","r":255,"g":255,"b":255},"pressedColor":{"__type__":"cc.Color","r":255,"g":255,"b":255},"_N$disabledColor":{"__type__":"cc.Color","r":255,"g":255,"b":255},"_N$normalSprite":{"__uuid__":"f0BIwQ8D5Ml7nTNQbh1YlS"},"_N$pressedSprite":{"__uuid__":"e97GVMl6JHh5Ml5qEDdSGa"},"pressedSprite":{"__uuid__":"e97GVMl6JHh5Ml5qEDdSGa"},"_N$hoverSprite":{"__uuid__":"e97GVMl6JHh5Ml5qEDdSGa"},"hoverSprite":{"__uuid__":"e97GVMl6JHh5Ml5qEDdSGa"},"_N$disabledSprite":{"__uuid__":"29FYIk+N1GYaeWH/q1NxQO"},"_N$target":{"__id__":1}}],"_prefab":{"__type__":"cc.PrefabInfo","root":{"__id__":1},"asset":{"__uuid__":"5ddy0rsttCA49t/sr31oj6"},"fileId":"26fYAb4+xLsathVIWIEBk+"},"_contentSize":{"__type__":"cc.Size","width":133,"height":66},"_position":{"__type__":"cc.Vec3","x":-34,"y":106},"_scaleX":1,"_scaleY":1},{"__type__":"cc.Node","_name":"Label","_parent":{"__id__":1},"_components":[{"__type__":"cc.Label","node":{"__id__":2},"_useOriginalSize":false,"_string":"准备","_N$string":"准备","_fontSize":32,"_N$file":{"__uuid__":"f282P+0sVPqqrZwiub4W4d"},"_isSystemFontUsed":false,"_N$horizontalAlign":1,"_N$verticalAlign":1}],"_prefab":{"__type__":"cc.PrefabInfo","root":{"__id__":1},"asset":{"__uuid__":"5ddy0rsttCA49t/sr31oj6"},"fileId":"b71d81s61PkIFFJg2oCD0I"},"_contentSize":{"__type__":"cc.Size","width":64,"height":40},"_position":{"__type__":"cc.Vec3","y":1},"_scaleX":1,"_scaleY":1}]